ydstogo,yardline_100,score_differential,game_seconds_remaining,distance_group,field_zone,score_state,time_state,decision,epa,wpa
22.0,76.0,0.0,3399.0,VERY_LONG,OWN_TERRITORY,TIED,EARLY,PUNT,0.6505886446684599,0.043583810329437256
7.0,74.0,0.0,3346.0,LONG,OWN_TERRITORY,TIED,EARLY,PUNT,-0.43632369535043836,0.002341926097869873
12.0,24.0,0.0,3007.0,VERY_LONG,OPPONENT_21_35,TIED,EARLY,FIELD_GOAL,0.8597873235501448,0.02017119526863098
5.0,18.0,-3.0,2102.0,MEDIUM,RED_ZONE,TRAILING,EARLY,FIELD_GOAL,0.3459129667711687,0.013372272253036499
13.0,69.0,-7.0,1654.0,VERY_LONG,OWN_TERRITORY,TRAILING,MID,PUNT,0.3497101180255413,0.05417338013648987
12.0,32.0,7.0,1461.0,VERY_LONG,OPPONENT_21_35,LEADING,MID,FIELD_GOAL,1.3413219386838882,0.050965458154678345
5.0,20.0,-10.0,1139.0,MEDIUM,RED_ZONE,TRAILING,MID,FIELD_GOAL,-3.6225573188735907,-0.055443450808525085
11.0,61.0,10.0,961.0,VERY_LONG,OWN_TERRITORY,LEADING,MID,PUNT,-0.7671152562834322,-0.0004923790693283081
7.0,60.0,-10.0,839.0,LONG,OWN_TERRITORY,TRAILING,MID,PUNT,0.6052274093963206,0.010987617075443268
9.0,59.0,10.0,556.0,LONG,OWN_TERRITORY,LEADING,MID,PUNT,-0.2972182100638747,-0.0308835431933403
15.0,88.0,-10.0,537.0,VERY_LONG,OWN_TERRITORY,TRAILING,MID,PUNT,-1.2386217060266063,-0.01109263300895691
10.0,28.0,10.0,280.0,LONG,OPPONENT_21_35,LEADING,LATE,FIELD_GOAL,-3.5106734431160405,-0.027707085013389587
10.0,10.0,-10.0,164.0,LONG,RED_ZONE,TRAILING,LATE,FIELD_GOAL,0.07803976369015686,0.025348860770463943
19.0,83.0,7.0,120.0,VERY_LONG,OWN_TERRITORY,LEADING,LATE,PUNT,-0.5414145777467638,-0.046037524938583374
1.0,24.0,-7.0,26.0,SHORT,OPPONENT_21_35,TRAILING,LATE,GO,0.6139797169016674,0.01773032546043396
10.0,18.0,-7.0,4.0,LONG,RED_ZONE,TRAILING,LATE,GO,-2.5252382940088864,-0.08105966448783875
22.0,34.0,-7.0,2923.0,VERY_LONG,OPPONENT_21_35,TRAILING,EARLY,FIELD_GOAL,1.913106765179588,0.06315398216247559
3.0,58.0,4.0,2809.0,MEDIUM,OWN_TERRITORY,LEADING,EARLY,PUNT,-0.01541904080659151,0.022872596979141235
6.0,73.0,-3.0,2534.0,LONG,OWN_TERRITORY,TRAILING,EARLY,PUNT,-0.15352890454232693,0.006797462701797485
5.0,7.0,-10.0,1971.0,MEDIUM,RED_ZONE,TRAILING,EARLY,FIELD_GOAL,0.07896498742947022,-0.023201942443847656
24.0,31.0,7.0,1835.0,VERY_LONG,OPPONENT_21_35,LEADING,EARLY,FIELD_GOAL,1.1444851842470112,0.03520694375038147
10.0,67.0,8.0,1285.0,LONG,OWN_TERRITORY,LEADING,MID,PUNT,0.5394285749644041,-0.012100771069526672
8.0,71.0,-8.0,1070.0,LONG,OWN_TERRITORY,TRAILING,MID,PUNT,-0.3425940382294357,-0.0034377723932266235
16.0,63.0,-15.0,567.0,VERY_LONG,OWN_TERRITORY,TRAILING,MID,PUNT,-0.6683856970630586,-0.011517774313688278
4.0,59.0,15.0,447.0,MEDIUM,OWN_TERRITORY,LEADING,MID,PUNT,-0.4771825629286468,-0.022843137383461
2.0,10.0,-15.0,245.0,SHORT,RED_ZONE,TRAILING,LATE,GO,3.997447786387056,0.018352964843944664
3.0,62.0,2.0,93.0,MEDIUM,OWN_TERRITORY,LEADING,LATE,PUNT,-0.3044953132048249,-0.20959272980690002
14.0,14.0,-2.0,3.0,VERY_LONG,RED_ZONE,TRAILING,LATE,FIELD_GOAL,0.1782427198463732,0.38538289070129395
1.0,63.0,0.0,3527.0,SHORT,OWN_TERRITORY,TIED,EARLY,GO,2.358610508032143,0.0580219030380249
8.0,17.0,0.0,3198.0,LONG,RED_ZONE,TIED,EARLY,FIELD_GOAL,0.38236012887889004,0.0114499032497406
5.0,30.0,-3.0,2741.0,MEDIUM,OPPONENT_21_35,TRAILING,EARLY,FIELD_GOAL,1.3944775057847223,0.020797699689865112
5.0,73.0,0.0,2615.0,MEDIUM,OWN_TERRITORY,TIED,EARLY,PUNT,0.8443008121103048,0.07114487886428833
8.0,39.0,-7.0,2031.0,LONG,MIDFIELD,TRAILING,EARLY,PUNT,-0.3838943319278769,-0.01949712634086609
1.0,5.0,-17.0,1491.0,SHORT,RED_ZONE,TRAILING,MID,GO,-3.9708273008000106,-0.031173452734947205
7.0,91.0,17.0,1439.0,LONG,OWN_TERRITORY,LEADING,MID,PUNT,1.2252665972337127,0.023466162383556366
13.0,63.0,-17.0,1192.0,VERY_LONG,OWN_TERRITORY,TRAILING,MID,PUNT,0.6775762471370399,-0.0002823248505592346
5.0,33.0,-17.0,923.0,MEDIUM,OPPONENT_21_35,TRAILING,MID,GO,-3.0467792940326035,-0.019089218229055405
1.0,34.0,17.0,644.0,SHORT,OPPONENT_21_35,LEADING,MID,GO,1.7197817594278604,0.007436573505401611
9.0,18.0,17.0,432.0,LONG,RED_ZONE,LEADING,MID,FIELD_GOAL,0.41542042187460115,0.0005749734118580818
3.0,10.0,13.0,120.0,MEDIUM,RED_ZONE,LEADING,LATE,FIELD_GOAL,0.11198953157695124,0.0000734927598387003
1.0,48.0,-7.0,2951.0,SHORT,MIDFIELD,TRAILING,EARLY,GO,2.1819357904605567,0.06505182385444641
1.0,1.0,-7.0,2564.0,SHORT,RED_ZONE,TRAILING,EARLY,GO,2.335579700767994,0.13797516005186106
7.0,42.0,0.0,2376.0,LONG,MIDFIELD,TIED,EARLY,PUNT,-0.8262780753429979,0.016816020011901855
8.0,78.0,0.0,2322.0,LONG,OWN_TERRITORY,TIED,EARLY,PUNT,-0.7390382820740342,0.009073257446289062
5.0,27.0,-7.0,1827.0,MEDIUM,OPPONENT_21_35,TRAILING,EARLY,FIELD_GOAL,0.8298759055421967,0.04179951548576355
2.0,72.0,-2.0,1247.0,SHORT,OWN_TERRITORY,TRAILING,MID,PUNT,-0.05113008781336248,-0.03303331136703491
4.0,17.0,-2.0,1072.0,MEDIUM,RED_ZONE,TRAILING,MID,FIELD_GOAL,0.334183175957957,-0.01412227749824524
5.0,39.0,-1.0,856.0,MEDIUM,MIDFIELD,TRAILING,MID,GO,-2.232531481888145,-0.10265117883682251
9.0,60.0,1.0,798.0,LONG,OWN_TERRITORY,LEADING,MID,PUNT,0.08602398680523038,-0.03890165686607361
7.0,42.0,-1.0,570.0,LONG,MIDFIELD,TRAILING,MID,PUNT,-0.8282084611710161,-0.04079428315162659
28.0,98.0,1.0,428.0,VERY_LONG,OWN_TERRITORY,LEADING,MID,PUNT,-0.24820393370464444,-0.10894253849983215
15.0,18.0,-1.0,145.0,VERY_LONG,RED_ZONE,TRAILING,LATE,FIELD_GOAL,-3.686559808387482,-0.2874060273170471
6.0,70.0,1.0,120.0,LONG,OWN_TERRITORY,LEADING,LATE,PUNT,-0.6561753444839269,-0.18081903457641602
20.0,50.0,1.0,30.0,VERY_LONG,MIDFIELD,LEADING,LATE,PUNT,0.008810633735265583,-0.06597356498241425
10.0,23.0,0.0,1958.0,LONG,OPPONENT_21_35,TIED,EARLY,FIELD_GOAL,0.6954557490640285,0.022098809480667114
14.0,40.0,1.0,1415.0,VERY_LONG,MIDFIELD,LEADING,MID,FIELD_GOAL,3.2158701429168426,0.07891103625297546
3.0,77.0,4.0,1098.0,MEDIUM,OWN_TERRITORY,LEADING,MID,PUNT,0.5825918465852737,0.006902068853378296
10.0,51.0,-4.0,893.0,LONG,OWN_TERRITORY,TRAILING,MID,PUNT,0.17163716722279787,0.0008682310581207275
10.0,55.0,4.0,447.0,LONG,OWN_TERRITORY,LEADING,MID,PUNT,0.20392159931361675,0.03357887268066406
7.0,73.0,-4.0,290.0,LONG,OWN_TERRITORY,TRAILING,LATE,PUNT,0.48537568701431155,0.04102274775505066
3.0,69.0,4.0,189.0,MEDIUM,OWN_TERRITORY,LEADING,LATE,PUNT,0.16243353090249002,0.05412574112415314
3.0,55.0,-4.0,120.0,MEDIUM,OWN_TERRITORY,TRAILING,LATE,GO,-2.6108733484288678,-0.1278345137834549
14.0,80.0,-7.0,3121.0,VERY_LONG,OWN_TERRITORY,TRAILING,EARLY,PUNT,-0.6247404639143497,-0.022498756647109985
3.0,16.0,7.0,2942.0,MEDIUM,RED_ZONE,LEADING,EARLY,FIELD_GOAL,0.31231442283873756,-0.009913787245750427
5.0,12.0,-10.0,2370.0,MEDIUM,RED_ZONE,TRAILING,EARLY,FIELD_GOAL,0.17574135109514444,0.034627437591552734
2.0,30.0,-14.0,1944.0,SHORT,OPPONENT_21_35,TRAILING,EARLY,GO,2.567944919632282,0.06294931471347809
1.0,78.0,14.0,1821.0,SHORT,OWN_TERRITORY,LEADING,EARLY,PUNT,0.06370368495117873,0.014451876282691956
9.0,9.0,-14.0,1483.0,LONG,RED_ZONE,TRAILING,MID,FIELD_GOAL,0.09794671320987547,-0.0032852143049240112
2.0,68.0,11.0,1372.0,SHORT,OWN_TERRITORY,LEADING,MID,PUNT,0.02612225664779544,0.015228763222694397
12.0,68.0,-11.0,1164.0,VERY_LONG,OWN_TERRITORY,TRAILING,MID,PUNT,0.7071836558170617,0.01622503250837326
5.0,46.0,11.0,903.0,MEDIUM,MIDFIELD,LEADING,MID,PUNT,-0.08538528578355908,0.009041965007781982
17.0,99.0,-11.0,771.0,VERY_LONG,OWN_TERRITORY,TRAILING,MID,PUNT,-0.3450867834035307,0.009041894227266312
1.0,10.0,11.0,551.0,SHORT,RED_ZONE,LEADING,MID,GO,1.5895032170810737,0.012171506881713867
2.0,65.0,-18.0,402.0,SHORT,OWN_TERRITORY,TRAILING,MID,GO,-3.5664456873200834,-0.004888741299510002
3.0,20.0,18.0,265.0,MEDIUM,RED_ZONE,LEADING,LATE,FIELD_GOAL,0.46385002717598045,0.00010220403783023357
5.0,60.0,-21.0,199.0,MEDIUM,OWN_TERRITORY,TRAILING,LATE,GO,2.1982411046046764,0.0002743102377280593
3.0,13.0,-21.0,60.0,MEDIUM,RED_ZONE,TRAILING,LATE,GO,4.254937844350934,-0.0005216894346778966
15.0,85.0,0.0,3479.0,VERY_LONG,OWN_TERRITORY,TIED,EARLY,PUNT,0.46468639373779297,0.04479917883872986
9.0,46.0,0.0,3203.0,LONG,MIDFIELD,TIED,EARLY,PUNT,-0.0917314337566495,0.013004511594772339
7.0,33.0,0.0,2780.0,LONG,OPPONENT_21_35,TIED,EARLY,FIELD_GOAL,1.434345745883856,0.04814371466636658
12.0,50.0,-3.0,2601.0,VERY_LONG,MIDFIELD,TRAILING,EARLY,PUNT,-0.5471906159073114,0.002036869525909424
9.0,79.0,3.0,2482.0,LONG,OWN_TERRITORY,LEADING,EARLY,PUNT,0.30323021532967687,0.0188310444355011
28.0,93.0,-3.0,2424.0,VERY_LONG,OWN_TERRITORY,TRAILING,EARLY,PUNT,-0.2824533130042255,-0.036013245582580566
1.0,19.0,3.0,2222.0,SHORT,RED_ZONE,LEADING,EARLY,GO,1.711358513799496,0.039586782455444336
20.0,27.0,3.0,2092.0,VERY_LONG,OPPONENT_21_35,LEADING,EARLY,FIELD_GOAL,1.0742912919422343,0.07824915647506714
1.0,1.0,-6.0,1857.0,SHORT,RED_ZONE,TRAILING,EARLY,GO,2.645813401846681,0.13803192154660693
11.0,60.0,5.0,1306.0,VERY_LONG,OWN_TERRITORY,LEADING,MID,PUNT,-0.2965878788381815,0.0007767379283905029
10.0,50.0,-5.0,1027.0,LONG,MIDFIELD,TRAILING,MID,PUNT,-0.35241134371608496,0.009118825197219849
10.0,39.0,5.0,733.0,LONG,MIDFIELD,LEADING,MID,PUNT,-0.05801954795606434,-0.01112714409828186
1.0,74.0,-5.0,566.0,SHORT,OWN_TERRITORY,TRAILING,MID,PUNT,-1.2181048565544188,0.0015970468521118164
6.0,72.0,0.0,3515.0,LONG,OWN_TERRITORY,TIED,EARLY,PUNT,0.02361722430214286,0.015154480934143066
9.0,42.0,-7.0,3070.0,LONG,MIDFIELD,TRAILING,EARLY,PUNT,0.8326843900140375,0.010496005415916443
2.0,90.0,7.0,2980.0,SHORT,OWN_TERRITORY,LEADING,EARLY,PUNT,0.0040306521113961935,0.007575571537017822
9.0,57.0,-7.0,2914.0,LONG,OWN_TERRITORY,TRAILING,EARLY,PUNT,-0.005933231441304088,-0.0010382533073425293
16.0,21.0,7.0,2630.0,VERY_LONG,OPPONENT_21_35,LEADING,EARLY,FIELD_GOAL,0.5790879892509135,0.009586483240127563
1.0,57.0,-10.0,2532.0,SHORT,OWN_TERRITORY,TRAILING,EARLY,GO,2.575955769745633,0.041370049118995667
1.0,32.0,-10.0,2325.0,SHORT,OPPONENT_21_35,TRAILING,EARLY,GO,2.0187980043701828,0.06394001841545105
17.0,17.0,-10.0,2093.0,VERY_LONG,RED_ZONE,TRAILING,EARLY,FIELD_GOAL,0.2949800978772892,0.03351728618144989
8.0,18.0,7.0,1849.0,LONG,RED_ZONE,LEADING,EARLY,FIELD_GOAL,0.3052711357629936,-0.00973258912563324
17.0,40.0,-10.0,1803.0,VERY_LONG,MIDFIELD,TRAILING,EARLY,FIELD_GOAL,1.3296183352399087,0.09005831182003021
9.0,71.0,7.0,1748.0,LONG,OWN_TERRITORY,LEADING,MID,PUNT,0.8621521862223744,0.026529043912887573
1.0,65.0,1.0,1246.0,SHORT,OWN_TERRITORY,LEADING,MID,GO,2.386793346144259,0.06400346755981445
7.0,58.0,-9.0,204.0,LONG,OWN_TERRITORY,TRAILING,LATE,GO,5.602978860028088,0.11172246932983398
9.0,9.0,-9.0,157.0,LONG,RED_ZONE,TRAILING,LATE,FIELD_GOAL,0.06128455449070014,0.0074278488755226135
8.0,51.0,-7.0,3341.0,LONG,OWN_TERRITORY,TRAILING,EARLY,PUNT,0.4276405465789139,-0.00015822052955627441
13.0,72.0,0.0,2661.0,VERY_LONG,OWN_TERRITORY,TIED,EARLY,PUNT,0.41539511224254966,0.05110827088356018
17.0,22.0,0.0,2351.0,VERY_LONG,OPPONENT_21_35,TIED,EARLY,FIELD_GOAL,-3.5743207218017674,-0.07688984274864197
6.0,66.0,0.0,2269.0,LONG,OWN_TERRITORY,TIED,EARLY,PUNT,-0.6327497116290033,0.009121626615524292
2.0,17.0,0.0,1920.0,SHORT,RED_ZONE,TIED,EARLY,FIELD_GOAL,0.3225540846750574,0.0014601349830627441
31.0,85.0,-3.0,1896.0,VERY_LONG,OWN_TERRITORY,TRAILING,EARLY,PUNT,0.2295116843888536,0.05544963479042053
1.0,65.0,3.0,1847.0,SHORT,OWN_TERRITORY,LEADING,EARLY,PUNT,-0.2876114250975661,-0.049961745738983154
11.0,61.0,-4.0,1430.0,VERY_LONG,OWN_TERRITORY,TRAILING,MID,PUNT,0.13092641485854983,0.039118409156799316
20.0,60.0,4.0,1293.0,VERY_LONG,OWN_TERRITORY,LEADING,MID,PUNT,-0.391609160695225,0.03555813431739807
7.0,72.0,-4.0,1179.0,LONG,OWN_TERRITORY,TRAILING,MID,PUNT,0.8667964283376932,0.06692400574684143
7.0,32.0,4.0,956.0,LONG,OPPONENT_21_35,LEADING,MID,FIELD_GOAL,1.6464843941054828,0.0951249897480011
5.0,50.0,-7.0,820.0,MEDIUM,MIDFIELD,TRAILING,MID,PUNT,-0.09595519583672285,0.032718732953071594
1.0,38.0,7.0,565.0,SHORT,MIDFIELD,LEADING,MID,GO,2.457269429345615,0.03149604797363281
2.0,22.0,7.0,410.0,SHORT,OPPONENT_21_35,LEADING,MID,FIELD_GOAL,0.6577874410748823,0.011471092700958252
10.0,56.0,-10.0,293.0,LONG,OWN_TERRITORY,TRAILING,LATE,PUNT,-0.9911743734264746,-0.007747676223516464
10.0,39.0,10.0,115.0,LONG,MIDFIELD,LEADING,LATE,PUNT,-1.064052376372274,-0.01716005802154541
2.0,53.0,-10.0,69.0,SHORT,OWN_TERRITORY,TRAILING,LATE,GO,1.6954698252957314,0.010083658620715141
5.0,6.0,0.0,3341.0,MEDIUM,RED_ZONE,TIED,EARLY,FIELD_GOAL,0.07890973392903033,-0.01290285587310791
14.0,54.0,-17.0,2213.0,VERY_LONG,OWN_TERRITORY,TRAILING,EARLY,PUNT,0.1342777127865702,0.0054432302713394165
2.0,42.0,17.0,1962.0,SHORT,MIDFIELD,LEADING,EARLY,GO,1.8326515830121934,0.025991618633270264
5.0,16.0,17.0,1803.0,MEDIUM,RED_ZONE,LEADING,EARLY,FIELD_GOAL,0.2302091501318544,-0.0007564611732959747
9.0,10.0,20.0,1353.0,LONG,RED_ZONE,LEADING,MID,FIELD_GOAL,0.14617417172203329,0.013882630504667759
6.0,31.0,-23.0,1175.0,LONG,OPPONENT_21_35,TRAILING,MID,GO,-3.5376110271317884,-0.00396157568320632
2.0,46.0,23.0,1036.0,SHORT,MIDFIELD,LEADING,MID,GO,2.904833528562449,0.000977635383605957
1.0,17.0,23.0,731.0,SHORT,RED_ZONE,LEADING,MID,GO,1.3362105130800046,0.00035369396209716797
11.0,11.0,-30.0,389.0,VERY_LONG,RED_ZONE,TRAILING,MID,GO,4.164882400189526,-0.0003881329030264169
10.0,30.0,22.0,148.0,LONG,OPPONENT_21_35,LEADING,LATE,FIELD_GOAL,1.0957010098041375,-0.0003926329081878066
3.0,68.0,0.0,3478.0,MEDIUM,OWN_TERRITORY,TIED,EARLY,PUNT,-1.2310555425938219,-0.03535759449005127
6.0,72.0,-7.0,3004.0,LONG,OWN_TERRITORY,TRAILING,EARLY,PUNT,0.09120887448079884,0.010095641016960144
6.0,58.0,7.0,2764.0,LONG,OWN_TERRITORY,LEADING,EARLY,PUNT,-0.25009634904563427,-0.0043983012437820435
8.0,14.0,-7.0,2571.0,LONG,RED_ZONE,TRAILING,EARLY,FIELD_GOAL,0.21582090640817553,0.022641688585281372
3.0,24.0,4.0,2339.0,MEDIUM,OPPONENT_21_35,LEADING,EARLY,GO,-3.5126483020721935,-0.07522109150886536
1.0,66.0,-4.0,2218.0,SHORT,OWN_TERRITORY,TRAILING,EARLY,PUNT,-1.3634528848342597,-0.04494273662567139
8.0,63.0,4.0,2163.0,LONG,OWN_TERRITORY,LEADING,EARLY,PUNT,-0.2904109307564795,-0.018788784742355347
18.0,84.0,-4.0,2079.0,VERY_LONG,OWN_TERRITORY,TRAILING,EARLY,PUNT,-0.2539978608256206,0.010102078318595886
2.0,24.0,4.0,1828.0,SHORT,OPPONENT_21_35,LEADING,EARLY,FIELD_GOAL,0.6115634055787065,0.00582025945186615
10.0,78.0,4.0,1781.0,LONG,OWN_TERRITORY,LEADING,MID,PUNT,-0.7887516575865448,0.011925101280212402
20.0,82.0,-11.0,1518.0,VERY_LONG,OWN_TERRITORY,TRAILING,MID,PUNT,1.4394250358454883,0.02598128467798233
9.0,57.0,11.0,1347.0,LONG,OWN_TERRITORY,LEADING,MID,PUNT,-0.6118806027807295,0.014514841139316559
2.0,69.0,-11.0,1253.0,SHORT,OWN_TERRITORY,TRAILING,MID,PUNT,-0.0991617888212204,-0.008765541017055511
18.0,32.0,11.0,900.0,VERY_LONG,OPPONENT_21_35,LEADING,MID,FIELD_GOAL,-3.3916667499740667,-0.046706631779670715
19.0,84.0,5.0,651.0,VERY_LONG,OWN_TERRITORY,LEADING,MID,PUNT,-0.5942695017438382,0.015555143356323242
14.0,57.0,-3.0,458.0,VERY_LONG,OWN_TERRITORY,TRAILING,MID,PUNT,-1.0537154225166887,-0.06469464302062988
5.0,69.0,3.0,16.0,MEDIUM,OWN_TERRITORY,LEADING,LATE,PUNT,0.019655892479931936,0.05177876353263855
10.0,64.0,0.0,3462.0,LONG,OWN_TERRITORY,TIED,EARLY,PUNT,-0.06973553216084838,0.009366899728775024
7.0,74.0,0.0,3373.0,LONG,OWN_TERRITORY,TIED,EARLY,PUNT,1.3222268130630255,0.043935686349868774
2.0,2.0,-7.0,2640.0,SHORT,RED_ZONE,TRAILING,EARLY,FIELD_GOAL,0.03320764154614819,0.01847025752067566
9.0,69.0,4.0,2597.0,LONG,OWN_TERRITORY,LEADING,EARLY,PUNT,0.7710181633010507,0.06848862767219543
1.0,76.0,-4.0,2507.0,SHORT,OWN_TERRITORY,TRAILING,EARLY,PUNT,-1.1725950427353382,-0.0023314952850341797
21.0,79.0,-11.0,1931.0,VERY_LONG,OWN_TERRITORY,TRAILING,EARLY,PUNT,-0.7785068722441792,-0.007526665925979614
6.0,65.0,-11.0,1653.0,LONG,OWN_TERRITORY,TRAILING,MID,PUNT,0.091916021425277,-0.003733985126018524
11.0,60.0,11.0,1468.0,VERY_LONG,OWN_TERRITORY,LEADING,MID,PUNT,-0.7743875470478088,0.004975810647010803
10.0,71.0,-11.0,1417.0,LONG,OWN_TERRITORY,TRAILING,MID,PUNT,0.016031757928431034,0.01411517709493637
5.0,56.0,11.0,1332.0,MEDIUM,OWN_TERRITORY,LEADING,MID,PUNT,-0.7397597166709602,0.017951011657714844
1.0,71.0,-11.0,1243.0,SHORT,OWN_TERRITORY,TRAILING,MID,GO,2.0883579624351114,0.04932187497615814
14.0,37.0,-11.0,1007.0,VERY_LONG,MIDFIELD,TRAILING,MID,FIELD_GOAL,2.606299679336798,0.03929834067821503
1.0,51.0,8.0,859.0,SHORT,OWN_TERRITORY,LEADING,MID,PUNT,-0.9402512861415744,0.004600942134857178
4.0,51.0,-8.0,734.0,MEDIUM,OWN_TERRITORY,TRAILING,MID,PUNT,-0.872771080583334,-0.026651397347450256
3.0,3.0,-15.0,163.0,MEDIUM,RED_ZONE,TRAILING,LATE,GO,-3.164959821267985,-0.006198091432452202
8.0,17.0,0.0,3259.0,LONG,RED_ZONE,TIED,EARLY,FIELD_GOAL,0.3813934858931196,0.010631680488586426
6.0,37.0,-2.0,2610.0,LONG,MIDFIELD,TRAILING,EARLY,FIELD_GOAL,2.382407035298643,0.00748017430305481
8.0,70.0,-6.0,2274.0,LONG,OWN_TERRITORY,TRAILING,EARLY,PUNT,-0.24041958106681705,0.037125974893569946
5.0,33.0,6.0,1979.0,MEDIUM,OPPONENT_21_35,LEADING,EARLY,FIELD_GOAL,1.7475965166395582,0.05210655927658081
6.0,66.0,-2.0,1695.0,LONG,OWN_TERRITORY,TRAILING,MID,PUNT,0.3300869013182819,-0.030323535203933716
3.0,77.0,2.0,1597.0,MEDIUM,OWN_TERRITORY,LEADING,MID,PUNT,0.8727874993346632,-0.015169501304626465
7.0,63.0,-2.0,1448.0,LONG,OWN_TERRITORY,TRAILING,MID,PUNT,-0.9132127813063562,-0.04786139726638794
1.0,1.0,-5.0,426.0,SHORT,RED_ZONE,TRAILING,MID,GO,2.537906664307229,0.19648315203189848
24.0,77.0,-1.0,329.0,VERY_LONG,OWN_TERRITORY,TRAILING,MID,PUNT,0.6675198536831886,-0.020415067672729492
5.0,74.0,1.0,201.0,MEDIUM,OWN_TERRITORY,LEADING,LATE,PUNT,0.12030832120217383,-0.0369625985622406
11.0,42.0,-1.0,68.0,VERY_LONG,MIDFIELD,TRAILING,LATE,FIELD_GOAL,2.878689103764995,0.22918418049812317
3.0,62.0,-2.0,25.0,MEDIUM,OWN_TERRITORY,TRAILING,LATE,GO,-1.9014838596340269,-0.20044255256652832
10.0,47.0,0.0,3434.0,LONG,MIDFIELD,TIED,EARLY,PUNT,0.2983898490201682,0.03344458341598511
5.0,60.0,0.0,2535.0,MEDIUM,OWN_TERRITORY,TIED,EARLY,PUNT,-1.1861716064158827,-0.013093531131744385
11.0,66.0,0.0,2476.0,VERY_LONG,OWN_TERRITORY,TIED,EARLY,PUNT,0.6585953985340893,0.05143815279006958
7.0,68.0,0.0,2291.0,LONG,OWN_TERRITORY,TIED,EARLY,PUNT,0.43898712657392025,0.02698078751564026
11.0,87.0,0.0,2174.0,VERY_LONG,OWN_TERRITORY,TIED,EARLY,PUNT,0.49287230940535665,0.050958722829818726
8.0,8.0,0.0,1860.0,LONG,RED_ZONE,TIED,EARLY,FIELD_GOAL,-3.42519709887074,-0.0846400260925293
3.0,64.0,3.0,1546.0,MEDIUM,OWN_TERRITORY,LEADING,MID,PUNT,-0.539456847589463,-0.025065690279006958
2.0,30.0,-3.0,1173.0,SHORT,OPPONENT_21_35,TRAILING,MID,GO,2.5435777850216255,0.10153409838676453
2.0,18.0,-3.0,1041.0,SHORT,RED_ZONE,TRAILING,MID,FIELD_GOAL,-4.3547450405316726,-0.18796509504318237
2.0,14.0,-3.0,678.0,SHORT,RED_ZONE,TRAILING,MID,GO,2.3952777982340194,0.0963100790977478
14.0,14.0,-3.0,585.0,VERY_LONG,RED_ZONE,TRAILING,MID,FIELD_GOAL,0.22009674035422044,0.03269088268280029
16.0,69.0,0.0,501.0,VERY_LONG,OWN_TERRITORY,TIED,MID,PUNT,-0.2500755460932851,0.06949025392532349
1.0,19.0,0.0,208.0,SHORT,RED_ZONE,TIED,LATE,FIELD_GOAL,0.4350742187204393,0.052919358015060425
8.0,58.0,-7.0,3441.0,LONG,OWN_TERRITORY,TRAILING,EARLY,PUNT,-0.1126294219866395,-0.005217432975769043
8.0,41.0,7.0,3094.0,LONG,MIDFIELD,LEADING,EARLY,PUNT,-0.16382926981896162,-0.004535794258117676
5.0,87.0,-7.0,2999.0,MEDIUM,OWN_TERRITORY,TRAILING,EARLY,PUNT,0.04549050098285079,-0.023848384618759155
5.0,57.0,7.0,2913.0,MEDIUM,OWN_TERRITORY,LEADING,EARLY,PUNT,0.20363798853941262,0.0023832321166992188
1.0,64.0,-7.0,2722.0,SHORT,OWN_TERRITORY,TRAILING,EARLY,GO,2.357666828436777,0.05201846361160278
6.0,30.0,-7.0,2421.0,LONG,OPPONENT_21_35,TRAILING,EARLY,FIELD_GOAL,1.1946521950175508,0.037623047828674316
1.0,47.0,4.0,2343.0,SHORT,MIDFIELD,LEADING,EARLY,GO,-3.8448255045805126,-0.05435389280319214
1.0,27.0,-3.0,1920.0,SHORT,OPPONENT_21_35,TRAILING,EARLY,GO,1.4131854182924144,0.07034143805503845
7.0,22.0,-3.0,1857.0,LONG,OPPONENT_21_35,TRAILING,EARLY,FIELD_GOAL,0.5146264219780812,0.041042059659957886
15.0,83.0,0.0,1820.0,VERY_LONG,OWN_TERRITORY,TIED,EARLY,PUNT,-0.05216363479848951,0.04371994733810425
6.0,26.0,0.0,1606.0,LONG,OPPONENT_21_35,TIED,MID,FIELD_GOAL,-4.350616908098277,-0.07893422245979309
17.0,73.0,0.0,1497.0,VERY_LONG,OWN_TERRITORY,TIED,MID,PUNT,-2.532764694886282,-0.02539461851119995
13.0,18.0,-7.0,923.0,VERY_LONG,RED_ZONE,TRAILING,MID,FIELD_GOAL,0.43244224716028423,0.060967981815338135
12.0,51.0,4.0,669.0,VERY_LONG,OWN_TERRITORY,LEADING,MID,PUNT,0.07258333708159626,0.009392589330673218
2.0,3.0,-4.0,181.0,SHORT,RED_ZONE,TRAILING,LATE,GO,3.1780399261333514,0.1787433624267578
4.0,4.0,-4.0,143.0,MEDIUM,RED_ZONE,TRAILING,LATE,GO,4.184020071174018,0.25053488687364367
6.0,32.0,0.0,3423.0,LONG,OPPONENT_21_35,TIED,EARLY,FIELD_GOAL,1.6462668621889565,0.04474598169326782
15.0,21.0,-3.0,3219.0,VERY_LONG,OPPONENT_21_35,TRAILING,EARLY,FIELD_GOAL,0.6023196783009133,0.01069900393486023
18.0,58.0,0.0,3023.0,VERY_LONG,OWN_TERRITORY,TIED,EARLY,PUNT,0.7383172051049769,0.03616112470626831
3.0,61.0,0.0,2508.0,MEDIUM,OWN_TERRITORY,TIED,EARLY,PUNT,0.5096096177585423,0.021662801504135132
1.0,83.0,0.0,2382.0,SHORT,OWN_TERRITORY,TIED,EARLY,PUNT,-0.46821430046111345,-0.0019209086894989014
15.0,15.0,0.0,1939.0,VERY_LONG,RED_ZONE,TIED,EARLY,FIELD_GOAL,0.2577675314027559,0.04943358898162842
2.0,52.0,-3.0,1854.0,SHORT,OWN_TERRITORY,TRAILING,EARLY,PUNT,-0.18747570330742747,0.0038174688816070557
16.0,99.0,3.0,1839.0,VERY_LONG,OWN_TERRITORY,LEADING,EARLY,PUNT,-1.1118912536767311,-0.003960847854614258
1.0,17.0,-1.0,1619.0,SHORT,RED_ZONE,TRAILING,MID,FIELD_GOAL,0.3366189716311978,-0.0210513174533844
7.0,15.0,-2.0,1160.0,LONG,RED_ZONE,TRAILING,MID,FIELD_GOAL,0.27293788345382186,0.020243436098098755
25.0,74.0,-1.0,1054.0,VERY_LONG,OWN_TERRITORY,TRAILING,MID,PUNT,0.11551675572991371,0.00845685601234436
6.0,53.0,1.0,900.0,LONG,OWN_TERRITORY,LEADING,MID,PUNT,0.2333854897879064,-0.015375971794128418
1.0,66.0,-1.0,713.0,SHORT,OWN_TERRITORY,TRAILING,MID,PUNT,4.478190966532566,0.18677881360054016
35.0,49.0,-1.0,570.0,VERY_LONG,MIDFIELD,TRAILING,MID,PUNT,-0.7974144348409027,-0.014001280069351196
13.0,73.0,-8.0,408.0,VERY_LONG,OWN_TERRITORY,TRAILING,MID,PUNT,-0.49136159964837134,-0.01445489376783371
1.0,54.0,8.0,311.0,SHORT,OWN_TERRITORY,LEADING,MID,GO,-3.0958367489511147,-0.07758776843547821
10.0,46.0,-8.0,256.0,LONG,MIDFIELD,TRAILING,LATE,PUNT,-0.07655274425633252,-0.010545261204242706
8.0,36.0,8.0,65.0,LONG,MIDFIELD,LEADING,LATE,GO,-1.3002449200721458,-0.042565520852804184
10.0,64.0,-8.0,47.0,LONG,OWN_TERRITORY,TRAILING,LATE,GO,-1.9200832992210053,-0.018511587753891945
7.0,20.0,0.0,3375.0,LONG,RED_ZONE,TIED,EARLY,FIELD_GOAL,0.4601572899499087,0.021342158317565918
1.0,64.0,-3.0,3266.0,SHORT,OWN_TERRITORY,TRAILING,EARLY,GO,-3.9757333528250456,-0.09893852472305298
5.0,10.0,3.0,3111.0,MEDIUM,RED_ZONE,LEADING,EARLY,FIELD_GOAL,0.06868313183252495,0.02031886577606201
11.0,87.0,-6.0,2982.0,VERY_LONG,OWN_TERRITORY,TRAILING,EARLY,PUNT,0.8275178896728903,-0.007738471031188965
15.0,15.0,-6.0,2228.0,VERY_LONG,RED_ZONE,TRAILING,EARLY,FIELD_GOAL,0.21677638136787936,0.04568031430244446
5.0,59.0,3.0,2011.0,MEDIUM,OWN_TERRITORY,LEADING,EARLY,PUNT,0.027875895728357136,0.006434977054595947
6.0,15.0,3.0,1828.0,LONG,RED_ZONE,LEADING,EARLY,FIELD_GOAL,0.174694952384991,0.027976810932159424
2.0,70.0,-3.0,1751.0,SHORT,OWN_TERRITORY,TRAILING,MID,PUNT,-0.19569242652505636,0.027939558029174805
3.0,15.0,3.0,1280.0,MEDIUM,RED_ZONE,LEADING,MID,FIELD_GOAL,0.1937111087662018,0.006327271461486816
1.0,60.0,-6.0,1145.0,SHORT,OWN_TERRITORY,TRAILING,MID,GO,2.2532054195180535,0.05306851863861084
9.0,58.0,-6.0,995.0,LONG,OWN_TERRITORY,TRAILING,MID,PUNT,-0.18877627979964018,0.012111946940422058
14.0,87.0,6.0,910.0,VERY_LONG,OWN_TERRITORY,LEADING,MID,PUNT,-0.38326019258238375,0.014512956142425537
18.0,36.0,6.0,681.0,VERY_LONG,MIDFIELD,LEADING,MID,FIELD_GOAL,1.7139369588807363,0.03468778729438782
1.0,72.0,-9.0,587.0,SHORT,OWN_TERRITORY,TRAILING,MID,PUNT,-0.4416834875009954,-0.01074046641588211
1.0,88.0,16.0,28.0,SHORT,OWN_TERRITORY,LEADING,LATE,PUNT,1.9664482627995312,0.0005565285682678223
11.0,65.0,0.0,3517.0,VERY_LONG,OWN_TERRITORY,TIED,EARLY,PUNT,0.37608521431684494,0.02965649962425232
1.0,25.0,0.0,3325.0,SHORT,OPPONENT_21_35,TIED,EARLY,GO,1.9861548873595893,0.05645495653152466
8.0,10.0,7.0,3004.0,LONG,RED_ZONE,LEADING,EARLY,FIELD_GOAL,0.11409966676813355,-0.013950437307357788
20.0,55.0,-10.0,2861.0,VERY_LONG,OWN_TERRITORY,TRAILING,EARLY,PUNT,-0.07180240284651518,0.029694288969039917
7.0,34.0,10.0,2646.0,LONG,OPPONENT_21_35,LEADING,EARLY,FIELD_GOAL,1.9150413231364474,0.06836134195327759
17.0,75.0,-13.0,2514.0,VERY_LONG,OWN_TERRITORY,TRAILING,EARLY,PUNT,0.45339439809322357,-0.004156067967414856
3.0,32.0,-20.0,2065.0,MEDIUM,OPPONENT_21_35,TRAILING,EARLY,FIELD_GOAL,1.6488603141647862,0.014868080615997314
14.0,48.0,17.0,1855.0,VERY_LONG,MIDFIELD,LEADING,EARLY,PUNT,-0.24464832060039043,-0.009738624095916748
10.0,53.0,-17.0,1817.0,LONG,OWN_TERRITORY,TRAILING,EARLY,PUNT,-0.2311583502450958,0.011689312756061554
4.0,15.0,17.0,1444.0,MEDIUM,RED_ZONE,LEADING,MID,FIELD_GOAL,0.24114340841997972,0.003482561558485031
1.0,72.0,-20.0,1324.0,SHORT,OWN_TERRITORY,TRAILING,MID,PUNT,0.07250966457650065,-0.006699107587337494
1.0,43.0,20.0,1094.0,SHORT,MIDFIELD,LEADING,MID,GO,3.191506546922028,0.008414983749389648
19.0,76.0,-27.0,840.0,VERY_LONG,OWN_TERRITORY,TRAILING,MID,PUNT,0.10158181795850396,-0.00020049751037731767
11.0,62.0,27.0,730.0,VERY_LONG,OWN_TERRITORY,LEADING,MID,PUNT,0.4153202986344695,0.00009607247193343937
2.0,53.0,-27.0,588.0,SHORT,OWN_TERRITORY,TRAILING,MID,GO,2.5946927026379853,-5.025452992413193e-6
18.0,53.0,-27.0,510.0,VERY_LONG,OWN_TERRITORY,TRAILING,MID,PUNT,0.04837482306174934,0.000032957941584754735
8.0,83.0,27.0,410.0,LONG,OWN_TERRITORY,LEADING,MID,PUNT,-0.5958141742739826,0.00019464595970930532
4.0,48.0,-27.0,363.0,MEDIUM,MIDFIELD,TRAILING,MID,GO,2.718259659362957,1.7396232578903437e-6
2.0,5.0,-27.0,210.0,SHORT,RED_ZONE,TRAILING,LATE,GO,4.26400620728964,0.0007049104897305369
11.0,11.0,7.0,3022.0,VERY_LONG,RED_ZONE,LEADING,EARLY,FIELD_GOAL,0.16852484165349013,-0.010228872299194336
9.0,9.0,-10.0,2753.0,LONG,RED_ZONE,TRAILING,EARLY,FIELD_GOAL,0.11435120634849616,0.0018090754747390747
16.0,73.0,7.0,2533.0,VERY_LONG,OWN_TERRITORY,LEADING,EARLY,PUNT,0.5008139074780047,0.019387096166610718
13.0,45.0,-7.0,2250.0,VERY_LONG,MIDFIELD,TRAILING,EARLY,PUNT,-0.06720658880658448,0.02153557538986206
10.0,29.0,7.0,1920.0,LONG,OPPONENT_21_35,LEADING,EARLY,FIELD_GOAL,1.0565492329084227,0.007837340235710144
7.0,86.0,-10.0,1864.0,LONG,OWN_TERRITORY,TRAILING,EARLY,PUNT,-1.8595804513897747,-0.030916020274162292
1.0,56.0,-24.0,1290.0,SHORT,OWN_TERRITORY,TRAILING,MID,GO,3.2142593967728317,0.0016192048788070679
1.0,51.0,18.0,855.0,SHORT,OWN_TERRITORY,LEADING,MID,GO,2.254842479014769,0.012069940567016602
1.0,5.0,-18.0,312.0,SHORT,RED_ZONE,TRAILING,MID,GO,2.967932497500442,0.023079744152724735
6.0,86.0,12.0,284.0,LONG,OWN_TERRITORY,LEADING,LATE,PUNT,0.7099163951352239,-0.0063439421355724335
16.0,70.0,-12.0,201.0,VERY_LONG,OWN_TERRITORY,TRAILING,LATE,GO,3.831139721965883,0.020433910191059113
15.0,38.0,-5.0,33.0,VERY_LONG,MIDFIELD,TRAILING,LATE,GO,-0.7615161383291706,-0.15027926862239838
6.0,50.0,0.0,3119.0,LONG,MIDFIELD,TIED,EARLY,PUNT,-0.17019459838047624,0.03164815902709961
2.0,82.0,0.0,3013.0,SHORT,OWN_TERRITORY,TIED,EARLY,PUNT,-1.3080285412725061,-0.024907201528549194
9.0,67.0,7.0,2691.0,LONG,OWN_TERRITORY,LEADING,EARLY,PUNT,-0.4876840291544795,0.0007926225662231445
1.0,63.0,-7.0,2599.0,SHORT,OWN_TERRITORY,TRAILING,EARLY,GO,-3.4947977454867214,-0.06070166826248169
10.0,37.0,7.0,2522.0,LONG,MIDFIELD,LEADING,EARLY,FIELD_GOAL,-3.554008735324416,-0.05574125051498413
9.0,75.0,-14.0,1732.0,LONG,OWN_TERRITORY,TRAILING,MID,PUNT,0.37694068159908056,0.006368771195411682
14.0,16.0,14.0,1543.0,VERY_LONG,RED_ZONE,LEADING,MID,FIELD_GOAL,0.2680342489998191,0.0008581578731536865
5.0,54.0,-17.0,1365.0,MEDIUM,OWN_TERRITORY,TRAILING,MID,GO,-2.884578981436789,-0.025681473314762115
34.0,78.0,-24.0,1167.0,VERY_LONG,OWN_TERRITORY,TRAILING,MID,PUNT,1.0202133255079389,-0.0024631803389638662
4.0,4.0,24.0,483.0,MEDIUM,RED_ZONE,LEADING,MID,GO,4.03096451505553,0.00010896712046815082
4.0,77.0,-31.0,370.0,MEDIUM,OWN_TERRITORY,TRAILING,MID,PUNT,-0.17939785309135914,-0.00003320385440019891
6.0,67.0,31.0,253.0,LONG,OWN_TERRITORY,LEADING,LATE,PUNT,0.5076847064774483,0.00007124769035726786
8.0,58.0,0.0,3396.0,LONG,OWN_TERRITORY,TIED,EARLY,PUNT,0.4979857732541859,0.020721256732940674
7.0,73.0,0.0,3171.0,LONG,OWN_TERRITORY,TIED,EARLY,PUNT,1.0075947400182486,0.03493297100067139
6.0,81.0,0.0,3117.0,LONG,OWN_TERRITORY,TIED,EARLY,PUNT,-0.9106697130482644,-0.007337898015975952
7.0,25.0,0.0,2890.0,LONG,OPPONENT_21_35,TIED,EARLY,FIELD_GOAL,0.9811513717188234,0.000027298927307128906
14.0,64.0,-3.0,2837.0,VERY_LONG,OWN_TERRITORY,TRAILING,EARLY,PUNT,0.24504091311246157,0.0005491673946380615
8.0,76.0,3.0,2700.0,LONG,OWN_TERRITORY,LEADING,EARLY,PUNT,0.6557131670415401,0.00251162052154541
8.0,55.0,-3.0,2532.0,LONG,OWN_TERRITORY,TRAILING,EARLY,PUNT,-3.789699163287878,-0.0626315176486969
8.0,40.0,-10.0,2292.0,LONG,MIDFIELD,TRAILING,EARLY,PUNT,-0.28842406696639955,-0.0014776885509490967
4.0,85.0,10.0,2216.0,MEDIUM,OWN_TERRITORY,LEADING,EARLY,PUNT,0.6507648667320609,0.01160190999507904
4.0,54.0,-10.0,2033.0,MEDIUM,OWN_TERRITORY,TRAILING,EARLY,PUNT,0.29601938824635,0.0016655027866363525
5.0,91.0,10.0,1920.0,MEDIUM,OWN_TERRITORY,LEADING,EARLY,PUNT,-0.9254045088309795,-0.005004659295082092
2.0,20.0,-10.0,1833.0,SHORT,RED_ZONE,TRAILING,EARLY,FIELD_GOAL,0.39831315020581304,-0.0015538781881332397
4.0,68.0,7.0,1810.0,MEDIUM,OWN_TERRITORY,LEADING,EARLY,PUNT,-0.008438367629423738,0.007130026817321777
14.0,14.0,7.0,1649.0,VERY_LONG,RED_ZONE,LEADING,MID,FIELD_GOAL,0.23765999847971653,-0.012942969799041748
2.0,2.0,10.0,1513.0,SHORT,RED_ZONE,LEADING,MID,GO,3.7646169525687583,0.028511345272922983
3.0,18.0,-17.0,1208.0,MEDIUM,RED_ZONE,TRAILING,MID,GO,4.28780251077842,0.08127786510258739
6.0,33.0,-17.0,513.0,LONG,OPPONENT_21_35,TRAILING,MID,GO,-8.357215966796502,-0.020840064451169593
10.0,64.0,-24.0,382.0,LONG,OWN_TERRITORY,TRAILING,MID,GO,-2.8616847692755982,-0.00002633532858453691
7.0,11.0,0.0,3414.0,LONG,RED_ZONE,TIED,EARLY,FIELD_GOAL,0.16998328632831372,-0.0014354586601257324
7.0,15.0,-4.0,2962.0,LONG,RED_ZONE,TRAILING,EARLY,FIELD_GOAL,0.285545148991349,-0.01194104552268982
3.0,58.0,1.0,2872.0,MEDIUM,OWN_TERRITORY,LEADING,EARLY,PUNT,-0.13044819980859756,-0.06286680698394775
1.0,50.0,-1.0,2252.0,SHORT,MIDFIELD,TRAILING,EARLY,GO,-3.4803383625112474,-0.13485658168792725
6.0,64.0,1.0,1829.0,LONG,OWN_TERRITORY,LEADING,EARLY,PUNT,0.12636551778996363,-0.03939121961593628
13.0,18.0,-8.0,1246.0,VERY_LONG,RED_ZONE,TRAILING,MID,FIELD_GOAL,0.43147203850077087,0.06780330836772919
4.0,45.0,5.0,1070.0,MEDIUM,MIDFIELD,LEADING,MID,PUNT,-0.4095171221997589,-0.02144607901573181
2.0,50.0,-5.0,786.0,SHORT,MIDFIELD,TRAILING,MID,GO,-2.919234358239919,-0.0857371985912323
8.0,10.0,-5.0,517.0,LONG,RED_ZONE,TRAILING,MID,FIELD_GOAL,0.14274054438220007,0.014755606651306152
9.0,24.0,2.0,199.0,LONG,OPPONENT_21_35,LEADING,LATE,FIELD_GOAL,-3.850427134157259,-0.21526628732681274
12.0,76.0,-7.0,3267.0,VERY_LONG,OWN_TERRITORY,TRAILING,EARLY,PUNT,0.7807656372897327,0.02805352210998535
19.0,59.0,-7.0,2285.0,VERY_LONG,OWN_TERRITORY,TRAILING,EARLY,PUNT,0.3719310616143048,0.03234013915061951
3.0,13.0,-7.0,2012.0,MEDIUM,RED_ZONE,TRAILING,EARLY,FIELD_GOAL,0.18259769380841506,0.018419772386550903
12.0,24.0,4.0,1899.0,VERY_LONG,OPPONENT_21_35,LEADING,EARLY,FIELD_GOAL,0.7981099040568158,0.04302200675010681
1.0,72.0,0.0,1470.0,SHORT,OWN_TERRITORY,TIED,MID,PUNT,-0.008483091834932566,0.045347630977630615
7.0,7.0,0.0,707.0,LONG,RED_ZONE,TIED,MID,FIELD_GOAL,0.07358796255126121,0.05910968780517578
12.0,65.0,-3.0,654.0,VERY_LONG,OWN_TERRITORY,TRAILING,MID,PUNT,0.7527735747862607,0.021175742149353027
2.0,47.0,3.0,369.0,SHORT,MIDFIELD,LEADING,MID,PUNT,-0.6676391684450209,-0.092953622341156
5.0,7.0,3.0,227.0,MEDIUM,RED_ZONE,LEADING,LATE,GO,-2.800777786062099,-0.14221498370170593
3.0,85.0,-3.0,165.0,MEDIUM,OWN_TERRITORY,TRAILING,LATE,GO,2.3059566486626863,0.13220961391925812
5.0,20.0,0.0,3527.0,MEDIUM,RED_ZONE,TIED,EARLY,FIELD_GOAL,0.49198296668003216,0.01191297173500061
17.0,36.0,-3.0,3247.0,VERY_LONG,MIDFIELD,TRAILING,EARLY,FIELD_GOAL,1.9035875555691226,0.07858070731163025
10.0,65.0,0.0,3186.0,LONG,OWN_TERRITORY,TIED,EARLY,PUNT,0.06473179394379258,0.005479604005813599
7.0,81.0,0.0,3045.0,LONG,OWN_TERRITORY,TIED,EARLY,PUNT,0.5122628319077194,0.03464627265930176
15.0,22.0,-7.0,2398.0,VERY_LONG,OPPONENT_21_35,TRAILING,EARLY,FIELD_GOAL,0.7261710500384511,0.029674172401428223
6.0,64.0,4.0,2294.0,LONG,OWN_TERRITORY,LEADING,EARLY,PUNT,0.19197279447689652,0.007940709590911865
6.0,63.0,-4.0,2082.0,LONG,OWN_TERRITORY,TRAILING,EARLY,PUNT,0.541697635431774,0.02318793535232544
2.0,30.0,11.0,1524.0,SHORT,OPPONENT_21_35,LEADING,MID,GO,4.004908615723252,0.049410343170166016
2.0,2.0,11.0,1353.0,SHORT,RED_ZONE,LEADING,MID,FIELD_GOAL,0.01091916787024827,-0.013988718390464783
10.0,18.0,-14.0,679.0,LONG,RED_ZONE,TRAILING,MID,FIELD_GOAL,0.3951392676891432,-0.009944938123226166
1.0,50.0,11.0,494.0,SHORT,MIDFIELD,LEADING,MID,GO,-3.7970246527111158,-0.05248716473579407
4.0,74.0,11.0,276.0,MEDIUM,OWN_TERRITORY,LEADING,LATE,PUNT,-0.49478336644824594,-0.028551504015922546
3.0,60.0,-11.0,237.0,MEDIUM,OWN_TERRITORY,TRAILING,LATE,GO,-3.447055382654071,-0.022754661738872528
6.0,66.0,-11.0,196.0,LONG,OWN_TERRITORY,TRAILING,LATE,GO,-2.9379151269677095,-0.02547343634068966
9.0,71.0,0.0,3433.0,LONG,OWN_TERRITORY,TIED,EARLY,PUNT,0.017582659143954515,0.035598695278167725
1.0,45.0,0.0,3228.0,SHORT,MIDFIELD,TIED,EARLY,GO,6.221031085122377,0.1923625938134672
3.0,58.0,-7.0,3105.0,MEDIUM,OWN_TERRITORY,TRAILING,EARLY,PUNT,0.2743373205885291,0.012713581323623657
3.0,66.0,7.0,2893.0,MEDIUM,OWN_TERRITORY,LEADING,EARLY,PUNT,0.3474813736975193,-0.028748750686645508
1.0,50.0,-7.0,2700.0,SHORT,MIDFIELD,TRAILING,EARLY,GO,2.1565562312025577,0.06785604357719421
12.0,37.0,-7.0,2486.0,VERY_LONG,MIDFIELD,TRAILING,EARLY,FIELD_GOAL,2.423557798532586,0.06185197830200195
3.0,3.0,4.0,2248.0,MEDIUM,RED_ZONE,LEADING,EARLY,FIELD_GOAL,0.0397883386930995,-0.040332943201065063
13.0,48.0,-7.0,2077.0,VERY_LONG,MIDFIELD,TRAILING,EARLY,PUNT,0.24691839888691902,0.03887870907783508
5.0,90.0,7.0,2003.0,MEDIUM,OWN_TERRITORY,LEADING,EARLY,PUNT,-0.18127466400619596,0.0024543404579162598
3.0,3.0,-3.0,1473.0,MEDIUM,RED_ZONE,TRAILING,MID,FIELD_GOAL,0.03568319190790037,-0.04872831702232361
11.0,39.0,0.0,1117.0,VERY_LONG,MIDFIELD,TIED,MID,FIELD_GOAL,2.898028881284532,0.11676532030105591
5.0,81.0,-4.0,911.0,MEDIUM,OWN_TERRITORY,TRAILING,MID,PUNT,0.729703065706417,0.04763522744178772
10.0,53.0,4.0,727.0,LONG,OWN_TERRITORY,LEADING,MID,PUNT,-0.8527716139797121,-0.0034727752208709717
15.0,81.0,-11.0,556.0,VERY_LONG,OWN_TERRITORY,TRAILING,MID,PUNT,0.22162593039683998,0.0050627365708351135
10.0,17.0,-17.0,164.0,LONG,RED_ZONE,TRAILING,LATE,FIELD_GOAL,0.31745309604014116,0.0000690915621817112
3.0,43.0,0.0,3390.0,MEDIUM,MIDFIELD,TIED,EARLY,GO,3.5512197215575725,0.1271287500858307
5.0,70.0,-6.0,3184.0,MEDIUM,OWN_TERRITORY,TRAILING,EARLY,PUNT,-0.3213652619160712,-0.023926615715026855
4.0,4.0,5.0,1919.0,MEDIUM,RED_ZONE,LEADING,EARLY,FIELD_GOAL,0.04470264010657976,-0.00014778971672058105
5.0,22.0,-1.0,1546.0,MEDIUM,OPPONENT_21_35,TRAILING,MID,FIELD_GOAL,0.6719977344411272,0.010591655969619751
23.0,96.0,-2.0,1467.0,VERY_LONG,OWN_TERRITORY,TRAILING,MID,PUNT,0.683553719194606,0.008135169744491577
17.0,26.0,2.0,1122.0,VERY_LONG,OPPONENT_21_35,LEADING,MID,FIELD_GOAL,1.0858463283206552,0.03368660807609558
9.0,53.0,-3.0,736.0,LONG,OWN_TERRITORY,TRAILING,MID,PUNT,0.12206105305813253,0.01229947805404663
25.0,91.0,3.0,459.0,VERY_LONG,OWN_TERRITORY,LEADING,MID,PUNT,-4.798660691245459,-0.26261810665128815
9.0,52.0,-3.0,141.0,LONG,OWN_TERRITORY,TRAILING,LATE,GO,-2.8702763019828126,-0.16963818669319153
7.0,35.0,3.0,112.0,LONG,OPPONENT_21_35,LEADING,LATE,FIELD_GOAL,1.784075726153985,-0.03233984112739563
12.0,28.0,-6.0,53.0,VERY_LONG,OPPONENT_21_35,TRAILING,LATE,GO,-1.6704098373884335,-0.1296864002943039
13.0,20.0,0.0,3075.0,VERY_LONG,RED_ZONE,TIED,EARLY,FIELD_GOAL,0.4860886720927735,0.01835024356842041
6.0,64.0,-3.0,2998.0,LONG,OWN_TERRITORY,TRAILING,EARLY,PUNT,-0.8591653497423977,-0.03241467475891113
7.0,14.0,3.0,2769.0,LONG,RED_ZONE,LEADING,EARLY,FIELD_GOAL,0.23795443503118419,0.030277609825134277
8.0,67.0,-6.0,2657.0,LONG,OWN_TERRITORY,TRAILING,EARLY,PUNT,0.2916456584353,-0.01537594199180603
4.0,75.0,6.0,2541.0,MEDIUM,OWN_TERRITORY,LEADING,EARLY,PUNT,-0.06371590471826494,-0.012955784797668457
18.0,33.0,-6.0,2310.0,VERY_LONG,OPPONENT_21_35,TRAILING,EARLY,FIELD_GOAL,1.5051254358900683,0.07877469062805176
5.0,72.0,3.0,1906.0,MEDIUM,OWN_TERRITORY,LEADING,EARLY,PUNT,-0.044691590243019164,0.0775844156742096
3.0,10.0,3.0,1525.0,MEDIUM,RED_ZONE,LEADING,MID,GO,-3.440066685085185,-0.09710648655891418
10.0,15.0,-4.0,1241.0,LONG,RED_ZONE,TRAILING,MID,FIELD_GOAL,0.25563859130370536,-0.030294716358184814
13.0,26.0,1.0,857.0,VERY_LONG,OPPONENT_21_35,LEADING,MID,FIELD_GOAL,0.90674068784016,0.04032185673713684
4.0,32.0,-4.0,170.0,MEDIUM,OPPONENT_21_35,TRAILING,LATE,GO,5.302533945301548,0.3873521860347521
3.0,64.0,-3.0,126.0,MEDIUM,OWN_TERRITORY,TRAILING,LATE,GO,2.6721206040820107,0.13434025645256042
10.0,58.0,0.0,416.0,LONG,OWN_TERRITORY,TIED,MID,PUNT,0.017951735528185964,0.22237631876487285
17.0,79.0,0.0,299.0,VERY_LONG,OWN_TERRITORY,TIED,LATE,PUNT,-0.23662491235882044,0.2689744741655886
10.0,62.0,0.0,181.0,LONG,OWN_TERRITORY,TIED,LATE,PUNT,-1.2791150186676532,0.35777941113337874
5.0,50.0,0.0,3331.0,MEDIUM,MIDFIELD,TIED,EARLY,PUNT,-0.028442560229450464,0.0070130228996276855
3.0,84.0,0.0,3283.0,MEDIUM,OWN_TERRITORY,TIED,EARLY,PUNT,1.3393287863582373,0.02270221710205078
10.0,78.0,0.0,3216.0,LONG,OWN_TERRITORY,TIED,EARLY,PUNT,0.11748979659751058,0.013645321130752563
13.0,40.0,0.0,3000.0,VERY_LONG,MIDFIELD,TIED,EARLY,FIELD_GOAL,-2.220437877924339,-0.10245999693870544
19.0,38.0,-7.0,2508.0,VERY_LONG,MIDFIELD,TRAILING,EARLY,FIELD_GOAL,2.7288065637524577,0.06153130531311035
10.0,76.0,4.0,2316.0,LONG,OWN_TERRITORY,LEADING,EARLY,PUNT,-0.008434390649199486,0.03460225462913513
4.0,42.0,-4.0,2160.0,MEDIUM,MIDFIELD,TRAILING,EARLY,GO,3.7444949854980223,0.13719990849494934
5.0,39.0,-3.0,1802.0,MEDIUM,MIDFIELD,TRAILING,EARLY,FIELD_GOAL,1.5473977619861596,0.1157262921333313
1.0,64.0,0.0,1680.0,SHORT,OWN_TERRITORY,TIED,MID,GO,-3.813302053255029,-0.10034805536270142
8.0,33.0,0.0,1593.0,LONG,OPPONENT_21_35,TIED,MID,FIELD_GOAL,1.7799049512726879,0.08792516589164734
5.0,66.0,-3.0,1538.0,MEDIUM,OWN_TERRITORY,TRAILING,MID,PUNT,0.7858542739413679,0.03706008195877075
8.0,63.0,3.0,1275.0,LONG,OWN_TERRITORY,LEADING,MID,PUNT,0.1466569439508021,0.002878129482269287
1.0,13.0,-3.0,858.0,SHORT,RED_ZONE,TRAILING,MID,GO,1.4068106696358882,0.09241974353790283
1.0,1.0,3.0,473.0,SHORT,RED_ZONE,LEADING,MID,GO,2.7522369027137756,0.06865338203258464
7.0,71.0,-10.0,429.0,LONG,OWN_TERRITORY,TRAILING,MID,PUNT,0.6282549346797168,-0.0018343180418014526
4.0,68.0,10.0,272.0,MEDIUM,OWN_TERRITORY,LEADING,LATE,PUNT,-0.4384880014695227,0.0016261860728263855
2.0,30.0,-7.0,2991.0,SHORT,OPPONENT_21_35,TRAILING,EARLY,FIELD_GOAL,1.5522839595633344,0.02473124861717224
9.0,30.0,-4.0,2838.0,LONG,OPPONENT_21_35,TRAILING,EARLY,FIELD_GOAL,1.5457312298245214,0.0013508200645446777
1.0,21.0,1.0,2622.0,SHORT,OPPONENT_21_35,LEADING,EARLY,GO,1.6913605554727837,0.05245107412338257
8.0,17.0,1.0,2529.0,LONG,RED_ZONE,LEADING,EARLY,FIELD_GOAL,-3.921781743978298,-0.11501204967498779
12.0,76.0,-1.0,2448.0,VERY_LONG,OWN_TERRITORY,TRAILING,EARLY,PUNT,0.4070416050963104,-0.021165788173675537
1.0,49.0,1.0,2231.0,SHORT,MIDFIELD,LEADING,EARLY,PUNT,-0.7781426042784005,-0.08733165264129639
9.0,86.0,-1.0,2185.0,LONG,OWN_TERRITORY,TRAILING,EARLY,PUNT,-0.6344787585549057,-0.08398008346557617
1.0,29.0,1.0,2021.0,SHORT,OPPONENT_21_35,LEADING,EARLY,GO,-6.337878505175468,-0.2373143434524536
6.0,52.0,-7.0,1827.0,LONG,OWN_TERRITORY,TRAILING,EARLY,PUNT,-0.2918790196417831,0.012167364358901978
2.0,64.0,7.0,1578.0,SHORT,OWN_TERRITORY,LEADING,MID,PUNT,-0.2342065256088972,-0.0155516117811203
10.0,80.0,0.0,1096.0,LONG,OWN_TERRITORY,TIED,MID,PUNT,-0.20672327233478427,0.03663983941078186
1.0,52.0,0.0,1001.0,SHORT,OWN_TERRITORY,TIED,MID,PUNT,-0.4584777301643044,0.05547860264778137
7.0,36.0,0.0,771.0,LONG,MIDFIELD,TIED,MID,FIELD_GOAL,2.102562024100669,0.12385934591293335
3.0,27.0,-10.0,474.0,MEDIUM,OPPONENT_21_35,TRAILING,MID,FIELD_GOAL,1.1489036772726084,0.0061760395765304565
13.0,68.0,-14.0,121.0,VERY_LONG,OWN_TERRITORY,TRAILING,LATE,GO,3.0517443058197387,0.004420963581651449
10.0,46.0,-14.0,79.0,LONG,MIDFIELD,TRAILING,LATE,GO,-2.1818680185242556,-0.0014363545924425125
11.0,55.0,14.0,53.0,VERY_LONG,OWN_TERRITORY,LEADING,LATE,PUNT,-0.05876303120749071,-0.0001311684027314186
6.0,22.0,0.0,3493.0,LONG,OPPONENT_21_35,TIED,EARLY,FIELD_GOAL,-3.6116151692935823,-0.08236056566238403
10.0,70.0,0.0,3478.0,LONG,OWN_TERRITORY,TIED,EARLY,PUNT,-1.1777263791300356,-0.0034567713737487793
10.0,41.0,0.0,3388.0,LONG,MIDFIELD,TIED,EARLY,PUNT,-1.1692201453261077,0.0018832087516784668
16.0,74.0,-6.0,2792.0,VERY_LONG,OWN_TERRITORY,TRAILING,EARLY,PUNT,0.03785533388145268,-0.015071272850036621
14.0,26.0,6.0,2487.0,VERY_LONG,OPPONENT_21_35,LEADING,EARLY,FIELD_GOAL,1.0045404875718096,-0.005524784326553345
9.0,70.0,-9.0,2357.0,LONG,OWN_TERRITORY,TRAILING,EARLY,PUNT,-0.004506656434386969,0.027213484048843384
13.0,70.0,9.0,2218.0,VERY_LONG,OWN_TERRITORY,LEADING,EARLY,PUNT,0.521849513053894,0.0018768459558486938
1.0,21.0,-9.0,1450.0,SHORT,OPPONENT_21_35,TRAILING,MID,GO,1.660793874412775,0.03412553668022156
2.0,28.0,2.0,1104.0,SHORT,OPPONENT_21_35,LEADING,MID,FIELD_GOAL,1.1474116105891683,0.06325849890708923
6.0,48.0,5.0,281.0,LONG,MIDFIELD,LEADING,LATE,PUNT,-0.18287340586539358,-0.05578461289405823
11.0,90.0,-5.0,192.0,VERY_LONG,OWN_TERRITORY,TRAILING,LATE,PUNT,-0.6973334863432683,0.003933720290660858
6.0,45.0,5.0,167.0,LONG,MIDFIELD,LEADING,LATE,PUNT,-0.7881142952246591,-0.030864715576171875
1.0,58.0,-5.0,63.0,SHORT,OWN_TERRITORY,TRAILING,LATE,GO,-3.9990302963997237,-0.1787164956331253
9.0,17.0,0.0,2909.0,LONG,RED_ZONE,TIED,EARLY,FIELD_GOAL,0.3850182683218333,0.006769150495529175
8.0,58.0,-4.0,2260.0,LONG,OWN_TERRITORY,TRAILING,EARLY,PUNT,-0.024089626967906952,0.022433102130889893
9.0,74.0,4.0,1974.0,LONG,OWN_TERRITORY,LEADING,EARLY,PUNT,-0.3644217929104343,0.023591220378875732
14.0,48.0,-4.0,1838.0,VERY_LONG,MIDFIELD,TRAILING,EARLY,PUNT,-0.49792509339749813,0.03526139259338379
1.0,71.0,4.0,1814.0,SHORT,OWN_TERRITORY,LEADING,EARLY,PUNT,0.033806334249675274,0.02995198965072632
9.0,57.0,4.0,1591.0,LONG,OWN_TERRITORY,LEADING,MID,PUNT,-0.29360797442495823,0.020212560892105103
11.0,61.0,-4.0,1391.0,VERY_LONG,OWN_TERRITORY,TRAILING,MID,PUNT,0.7950928774662316,0.05504876375198364
7.0,79.0,4.0,1249.0,LONG,OWN_TERRITORY,LEADING,MID,PUNT,0.049415678484365344,0.04705476760864258
15.0,72.0,-4.0,1157.0,VERY_LONG,OWN_TERRITORY,TRAILING,MID,PUNT,0.6767505523748696,0.07969629764556885
9.0,19.0,4.0,965.0,LONG,RED_ZONE,LEADING,MID,FIELD_GOAL,-4.11154574524862,-0.09292823076248169
1.0,1.0,-4.0,679.0,SHORT,RED_ZONE,TRAILING,MID,GO,-4.123072062502615,-0.21528059244155884
6.0,55.0,4.0,383.0,LONG,OWN_TERRITORY,LEADING,MID,PUNT,-3.5369270893279463,-0.16106942296028137
10.0,35.0,-4.0,327.0,LONG,OPPONENT_21_35,TRAILING,MID,FIELD_GOAL,1.7182562445417038,0.06264734268188477
16.0,71.0,1.0,198.0,VERY_LONG,OWN_TERRITORY,LEADING,LATE,PUNT,-2.865994371648412,-0.18785983324050903
10.0,68.0,-5.0,84.0,LONG,OWN_TERRITORY,TRAILING,LATE,GO,2.448703784029931,0.10226172208786011
3.0,33.0,0.0,3330.0,MEDIUM,OPPONENT_21_35,TIED,EARLY,GO,-2.9623159333132207,-0.05594980716705322
4.0,61.0,0.0,3197.0,MEDIUM,OWN_TERRITORY,TIED,EARLY,PUNT,0.563429810339585,0.02291455864906311
15.0,70.0,-7.0,2828.0,VERY_LONG,OWN_TERRITORY,TRAILING,EARLY,PUNT,0.41762898163869977,0.014900773763656616
4.0,70.0,7.0,2700.0,MEDIUM,OWN_TERRITORY,LEADING,EARLY,PUNT,-1.2757418893743306,-0.017056256532669067
9.0,43.0,-7.0,2550.0,LONG,MIDFIELD,TRAILING,EARLY,PUNT,0.13994421251118183,0.015999674797058105
5.0,33.0,-14.0,2072.0,MEDIUM,OPPONENT_21_35,TRAILING,EARLY,FIELD_GOAL,1.7878214388007123,0.013055413961410522
11.0,74.0,11.0,1934.0,VERY_LONG,OWN_TERRITORY,LEADING,EARLY,PUNT,-0.9507471369579434,-0.03250099718570709
4.0,40.0,-11.0,1819.0,MEDIUM,MIDFIELD,TRAILING,EARLY,FIELD_GOAL,-1.6652425148718222,-0.05022178590297699
13.0,34.0,-11.0,1620.0,VERY_LONG,OPPONENT_21_35,TRAILING,MID,FIELD_GOAL,-3.604176251879289,-0.03255133330821991
4.0,4.0,11.0,1300.0,MEDIUM,RED_ZONE,LEADING,MID,FIELD_GOAL,0.050389931185379044,-0.003513842821121216
3.0,66.0,-14.0,1212.0,MEDIUM,OWN_TERRITORY,TRAILING,MID,PUNT,0.645611047046259,-0.01385515183210373
8.0,89.0,14.0,1121.0,LONG,OWN_TERRITORY,LEADING,MID,PUNT,-0.3502201752271503,-0.014240071177482605
1.0,41.0,-14.0,1037.0,SHORT,MIDFIELD,TRAILING,MID,GO,2.209726817905903,0.036403071135282516
4.0,59.0,-14.0,465.0,MEDIUM,OWN_TERRITORY,TRAILING,MID,GO,-2.80350832734257,-0.019882807508111
8.0,38.0,14.0,407.0,LONG,MIDFIELD,LEADING,MID,FIELD_GOAL,2.5959658580271965,-0.00241649616509676
11.0,53.0,9.0,116.0,VERY_LONG,OWN_TERRITORY,LEADING,LATE,PUNT,-0.31771364412270486,-0.008082317188382149
10.0,67.0,-9.0,57.0,LONG,OWN_TERRITORY,TRAILING,LATE,GO,-1.9671766880783252,-0.00787943135946989
1.0,52.0,0.0,3481.0,SHORT,OWN_TERRITORY,TIED,EARLY,GO,2.432199670933187,0.0595298707485199
8.0,39.0,0.0,3199.0,LONG,MIDFIELD,TIED,EARLY,FIELD_GOAL,-3.0923362507294314,-0.06843975186347961
4.0,47.0,0.0,3118.0,MEDIUM,MIDFIELD,TIED,EARLY,PUNT,-0.21699952613562346,0.016549915075302124
9.0,59.0,0.0,2761.0,LONG,OWN_TERRITORY,TIED,EARLY,PUNT,-0.14512630086392164,0.013142675161361694
9.0,76.0,0.0,2700.0,LONG,OWN_TERRITORY,TIED,EARLY,PUNT,0.24902499467134476,0.011643975973129272
5.0,16.0,0.0,2328.0,MEDIUM,RED_ZONE,TIED,EARLY,FIELD_GOAL,0.29395601475451993,0.020367532968521118
10.0,19.0,-3.0,2066.0,LONG,RED_ZONE,TRAILING,EARLY,FIELD_GOAL,0.4373826270410772,0.011838525533676147
1.0,63.0,0.0,1939.0,SHORT,OWN_TERRITORY,TIED,EARLY,PUNT,-0.33701655420009047,-0.0017984211444854736
4.0,33.0,0.0,1820.0,MEDIUM,OPPONENT_21_35,TIED,EARLY,FIELD_GOAL,1.289831970103624,0.07432425022125244
10.0,54.0,3.0,1704.0,LONG,OWN_TERRITORY,LEADING,MID,PUNT,0.10983627568930387,0.005615890026092529
4.0,49.0,-3.0,1456.0,MEDIUM,MIDFIELD,TRAILING,MID,GO,3.1760147076565772,0.12740835547447205
5.0,9.0,-3.0,1300.0,MEDIUM,RED_ZONE,TRAILING,MID,FIELD_GOAL,0.08619826763557992,-0.01153409481048584
1.0,1.0,0.0,920.0,SHORT,RED_ZONE,TIED,MID,GO,-3.919052590499632,-0.11853507161140442
11.0,99.0,0.0,851.0,VERY_LONG,OWN_TERRITORY,TIED,MID,PUNT,0.2916064781602472,0.058449745178222656
2.0,40.0,0.0,726.0,SHORT,MIDFIELD,TIED,MID,GO,4.65040482301265,0.17214065790176392
5.0,56.0,0.0,216.0,MEDIUM,OWN_TERRITORY,TIED,LATE,PUNT,0.24909377144649625,0.10887625813484192
9.0,50.0,2.0,114.0,LONG,MIDFIELD,LEADING,LATE,PUNT,-0.7276742208050564,-0.21788224577903748
8.0,31.0,0.0,3354.0,LONG,OPPONENT_21_35,TIED,EARLY,FIELD_GOAL,-3.8264181984012584,-0.07938128709793091
3.0,39.0,0.0,3198.0,MEDIUM,MIDFIELD,TIED,EARLY,GO,4.184930801042356,0.10250145196914673
6.0,70.0,-7.0,3014.0,LONG,OWN_TERRITORY,TRAILING,EARLY,PUNT,5.044283734285273,0.09286460280418396
13.0,36.0,-7.0,2913.0,VERY_LONG,MIDFIELD,TRAILING,EARLY,FIELD_GOAL,-3.867658485168233,-0.04606825113296509
12.0,47.0,7.0,2710.0,VERY_LONG,MIDFIELD,LEADING,EARLY,PUNT,0.3327857172116637,0.004064977169036865
8.0,43.0,-7.0,2452.0,LONG,MIDFIELD,TRAILING,EARLY,PUNT,-0.2087590836454183,0.006941571831703186
7.0,39.0,7.0,2129.0,LONG,MIDFIELD,LEADING,EARLY,FIELD_GOAL,2.799788101939695,0.035526782274246216
5.0,56.0,-10.0,1964.0,MEDIUM,OWN_TERRITORY,TRAILING,EARLY,PUNT,-1.125027520232834,-0.01780235767364502
16.0,75.0,10.0,1870.0,VERY_LONG,OWN_TERRITORY,LEADING,EARLY,PUNT,0.043312953086569905,0.008948668837547302
10.0,58.0,10.0,1652.0,LONG,OWN_TERRITORY,LEADING,MID,PUNT,0.3583567454479635,-0.02043357491493225
4.0,55.0,-17.0,1468.0,MEDIUM,OWN_TERRITORY,TRAILING,MID,GO,-2.7395739641506225,-0.021131977438926697
9.0,17.0,17.0,1192.0,LONG,RED_ZONE,LEADING,MID,FIELD_GOAL,0.38117580994422573,0.010129865258932114
8.0,31.0,-20.0,994.0,LONG,OPPONENT_21_35,TRAILING,MID,GO,-5.45097867725417,-0.00954870879650116
1.0,1.0,20.0,651.0,SHORT,RED_ZONE,LEADING,MID,GO,2.425542840559501,0.002428410720312968
4.0,56.0,-27.0,486.0,MEDIUM,OWN_TERRITORY,TRAILING,MID,GO,-2.6944115462247282,-9.796378435567021e-6
3.0,23.0,27.0,225.0,MEDIUM,OPPONENT_21_35,LEADING,LATE,FIELD_GOAL,0.6768123220477911,0.000029843133233953267
10.0,71.0,-7.0,3388.0,LONG,OWN_TERRITORY,TRAILING,EARLY,PUNT,-0.3628281196579337,0.029890239238739014
19.0,83.0,7.0,3242.0,VERY_LONG,OWN_TERRITORY,LEADING,EARLY,PUNT,-0.5027599025052041,-0.0015155673027038574
17.0,82.0,-14.0,2939.0,VERY_LONG,OWN_TERRITORY,TRAILING,EARLY,PUNT,-0.3385904475580901,-0.012048587203025818
6.0,53.0,14.0,2805.0,LONG,OWN_TERRITORY,LEADING,EARLY,PUNT,0.13352666283026338,0.004869729280471802
16.0,89.0,-14.0,2634.0,VERY_LONG,OWN_TERRITORY,TRAILING,EARLY,PUNT,-0.6216066724155098,-0.010612763464450836
6.0,17.0,14.0,2363.0,LONG,RED_ZONE,LEADING,EARLY,FIELD_GOAL,0.32264253929092623,-0.003987543284893036
8.0,27.0,-17.0,2086.0,LONG,OPPONENT_21_35,TRAILING,EARLY,FIELD_GOAL,1.047156443310428,-0.000048980116844177246
16.0,83.0,14.0,1979.0,VERY_LONG,OWN_TERRITORY,LEADING,EARLY,PUNT,-1.0344380020396784,-0.007629290223121643
7.0,44.0,28.0,1803.0,LONG,MIDFIELD,LEADING,EARLY,FIELD_GOAL,1.8051533956076955,-0.00022311322391033173
7.0,73.0,-31.0,1675.0,LONG,OWN_TERRITORY,TRAILING,MID,PUNT,-0.2217733827419579,-0.003215367905795574
7.0,62.0,38.0,620.0,LONG,OWN_TERRITORY,LEADING,MID,PUNT,-0.5748250740580261,0.00006857168045826256
14.0,84.0,-38.0,494.0,VERY_LONG,OWN_TERRITORY,TRAILING,MID,PUNT,-0.4020538474433124,-4.146262654103339e-6
4.0,51.0,38.0,365.0,MEDIUM,OWN_TERRITORY,LEADING,MID,PUNT,-0.18572042020969093,0.00006485519406851381
4.0,85.0,-38.0,233.0,MEDIUM,OWN_TERRITORY,TRAILING,LATE,PUNT,-0.4892743529053405,-0.000020409890566952527
6.0,37.0,38.0,33.0,LONG,MIDFIELD,LEADING,LATE,GO,-1.101800246105995,0.00008857250213623047
12.0,83.0,0.0,3506.0,VERY_LONG,OWN_TERRITORY,TIED,EARLY,PUNT,-0.04541681404225528,0.015695780515670776
2.0,34.0,-7.0,2966.0,SHORT,OPPONENT_21_35,TRAILING,EARLY,FIELD_GOAL,1.7758978057640635,0.053207725286483765
8.0,15.0,-11.0,2633.0,LONG,RED_ZONE,TRAILING,EARLY,FIELD_GOAL,0.228443100265447,0.04815542697906494
9.0,64.0,8.0,2541.0,LONG,OWN_TERRITORY,LEADING,EARLY,PUNT,-1.358408264350146,-0.015027165412902832
10.0,11.0,0.0,2059.0,LONG,RED_ZONE,TIED,EARLY,FIELD_GOAL,0.1445969049993261,0.010272204875946045
4.0,70.0,-3.0,1956.0,MEDIUM,OWN_TERRITORY,TRAILING,EARLY,PUNT,-0.5545618056785315,-0.002419382333755493
15.0,54.0,-10.0,1512.0,VERY_LONG,OWN_TERRITORY,TRAILING,MID,PUNT,-0.2270759711973369,0.004738226532936096
4.0,4.0,10.0,914.0,MEDIUM,RED_ZONE,LEADING,MID,GO,4.031162342929747,0.05542103993699021
6.0,44.0,17.0,546.0,LONG,MIDFIELD,LEADING,MID,PUNT,-0.11693917424418032,-0.006314670667052269
2.0,84.0,-17.0,454.0,SHORT,OWN_TERRITORY,TRAILING,MID,GO,2.341243466362357,0.0068115959875285625
5.0,73.0,-17.0,401.0,MEDIUM,OWN_TERRITORY,TRAILING,MID,GO,2.8861389285884798,0.004464801400899887
1.0,1.0,-17.0,293.0,SHORT,RED_ZONE,TRAILING,LATE,GO,-5.157299566839356,-0.008397876285016537
3.0,73.0,17.0,268.0,MEDIUM,OWN_TERRITORY,LEADING,LATE,PUNT,-0.4511355428257957,-0.0003260101657360792
8.0,13.0,0.0,3417.0,LONG,RED_ZONE,TIED,EARLY,FIELD_GOAL,0.1549703014761299,0.0036557912826538086
3.0,60.0,-3.0,3323.0,MEDIUM,OWN_TERRITORY,TRAILING,EARLY,PUNT,-0.5453318948857486,-0.024606406688690186
14.0,61.0,3.0,3131.0,VERY_LONG,OWN_TERRITORY,LEADING,EARLY,PUNT,-1.226434272248298,-0.028109639883041382
11.0,62.0,-3.0,2998.0,VERY_LONG,OWN_TERRITORY,TRAILING,EARLY,PUNT,-0.08375749597325921,-0.005967050790786743
18.0,90.0,3.0,2868.0,VERY_LONG,OWN_TERRITORY,LEADING,EARLY,PUNT,-0.5984696266241372,-0.01308053731918335
12.0,48.0,-3.0,2807.0,VERY_LONG,MIDFIELD,TRAILING,EARLY,PUNT,-0.2691652139183134,-0.014223158359527588
19.0,63.0,-3.0,2167.0,VERY_LONG,OWN_TERRITORY,TRAILING,EARLY,PUNT,-1.6764354766346514,-0.044047921895980835
2.0,52.0,-10.0,1846.0,SHORT,OWN_TERRITORY,TRAILING,EARLY,GO,6.641946517978795,0.16231697944203838
9.0,74.0,3.0,1811.0,LONG,OWN_TERRITORY,LEADING,EARLY,PUNT,-0.0093664865125902,0.03368660807609558
4.0,24.0,4.0,1626.0,MEDIUM,OPPONENT_21_35,LEADING,MID,FIELD_GOAL,0.8671020171575639,0.041473984718322754
6.0,6.0,-7.0,1238.0,LONG,RED_ZONE,TRAILING,MID,FIELD_GOAL,0.03515989011345466,-0.014711141586303711
9.0,65.0,4.0,1126.0,LONG,OWN_TERRITORY,LEADING,MID,PUNT,0.3256294708698988,0.03203573822975159
5.0,81.0,-4.0,1038.0,MEDIUM,OWN_TERRITORY,TRAILING,MID,PUNT,-0.4083675902802497,0.014002114534378052
1.0,32.0,4.0,861.0,SHORT,OPPONENT_21_35,LEADING,MID,GO,3.66895241237944,0.10172885656356812
8.0,8.0,4.0,744.0,LONG,RED_ZONE,LEADING,MID,FIELD_GOAL,0.050824191182741174,0.036727383732795715
10.0,41.0,-7.0,471.0,LONG,MIDFIELD,TRAILING,MID,PUNT,-1.2833959853742272,-0.025287508964538574
1.0,71.0,7.0,315.0,SHORT,OWN_TERRITORY,LEADING,MID,PUNT,-0.2817159064579755,-0.02271576225757599
10.0,78.0,0.0,113.0,LONG,OWN_TERRITORY,TIED,LATE,PUNT,-0.2811450572917238,-0.05572623014450073
3.0,11.0,0.0,3327.0,MEDIUM,RED_ZONE,TIED,EARLY,GO,3.0092010516673326,0.08088666200637817
11.0,69.0,0.0,2907.0,VERY_LONG,OWN_TERRITORY,TIED,EARLY,PUNT,-0.11253483034670353,0.03314429521560669
3.0,66.0,0.0,2815.0,MEDIUM,OWN_TERRITORY,TIED,EARLY,PUNT,1.1243580766022205,0.012142658233642578
2.0,2.0,-7.0,1890.0,SHORT,RED_ZONE,TRAILING,EARLY,GO,-3.706583588325884,-0.1104932427406311
10.0,75.0,7.0,1865.0,LONG,OWN_TERRITORY,LEADING,EARLY,PUNT,-1.7911656546639279,-0.04050260782241821
10.0,60.0,0.0,1127.0,LONG,OWN_TERRITORY,TIED,MID,PUNT,0.8929050841834396,0.052112430334091187
1.0,4.0,0.0,900.0,SHORT,RED_ZONE,TIED,MID,GO,3.281641428475268,0.174695359925794
13.0,23.0,-7.0,584.0,VERY_LONG,OPPONENT_21_35,TRAILING,MID,FIELD_GOAL,0.7682904106980923,0.06859539449214935
5.0,60.0,4.0,522.0,MEDIUM,OWN_TERRITORY,LEADING,MID,PUNT,-0.4641971830278635,0.002682238817214966
21.0,27.0,4.0,399.0,VERY_LONG,OPPONENT_21_35,LEADING,MID,FIELD_GOAL,1.0421427008193231,0.06488844752311707
9.0,68.0,-7.0,272.0,LONG,OWN_TERRITORY,TRAILING,LATE,PUNT,-0.34441639157012105,-0.04518941789865494
2.0,51.0,7.0,116.0,SHORT,OWN_TERRITORY,LEADING,LATE,GO,2.812491067335941,0.02734243869781494
5.0,44.0,0.0,3334.0,MEDIUM,MIDFIELD,TIED,EARLY,PUNT,-1.007632094901055,0.02022072672843933
7.0,77.0,0.0,3261.0,LONG,OWN_TERRITORY,TIED,EARLY,PUNT,1.05492928577587,0.03753840923309326
4.0,73.0,0.0,3146.0,MEDIUM,OWN_TERRITORY,TIED,EARLY,PUNT,-0.6360135870054364,0.011968642473220825
9.0,21.0,0.0,2697.0,LONG,OPPONENT_21_35,TIED,EARLY,FIELD_GOAL,0.5200875591359662,0.024403423070907593
14.0,52.0,-3.0,2462.0,VERY_LONG,OWN_TERRITORY,TRAILING,EARLY,PUNT,0.28884342638775706,0.035622596740722656
30.0,58.0,3.0,1930.0,VERY_LONG,OWN_TERRITORY,LEADING,EARLY,PUNT,-0.6761120657902211,-0.037779271602630615
8.0,43.0,-3.0,1812.0,LONG,MIDFIELD,TRAILING,EARLY,GO,-0.2897690410609357,-0.005760282278060913
11.0,75.0,3.0,1660.0,VERY_LONG,OWN_TERRITORY,LEADING,MID,PUNT,0.1676481121685356,0.06161391735076904
18.0,79.0,-3.0,1572.0,VERY_LONG,OWN_TERRITORY,TRAILING,MID,PUNT,0.7659982205368578,0.06813055276870728
4.0,54.0,-10.0,979.0,MEDIUM,OWN_TERRITORY,TRAILING,MID,PUNT,-1.4257230062503368,-0.013409286737442017
12.0,67.0,10.0,900.0,VERY_LONG,OWN_TERRITORY,LEADING,MID,PUNT,0.1261244979687035,-0.011305004358291626
1.0,66.0,-10.0,821.0,SHORT,OWN_TERRITORY,TRAILING,MID,GO,1.9065073146484792,0.059096261858940125
5.0,60.0,-10.0,702.0,MEDIUM,OWN_TERRITORY,TRAILING,MID,PUNT,0.9605016130954027,-0.009633064270019531
11.0,63.0,10.0,574.0,VERY_LONG,OWN_TERRITORY,LEADING,MID,PUNT,0.09672067500650883,-0.01927286386489868
17.0,17.0,-10.0,225.0,VERY_LONG,RED_ZONE,TRAILING,LATE,FIELD_GOAL,0.3377178464852775,-0.008916296064853668
13.0,25.0,0.0,27.0,VERY_LONG,OPPONENT_21_35,TIED,LATE,FIELD_GOAL,-3.084897198914366,-0.3179534673690796
3.0,58.0,0.0,3514.0,MEDIUM,OWN_TERRITORY,TIED,EARLY,PUNT,0.8598078854847699,0.0037780404090881348
3.0,90.0,0.0,3380.0,MEDIUM,OWN_TERRITORY,TIED,EARLY,PUNT,-0.38790423586033285,-0.015616744756698608
12.0,33.0,0.0,3105.0,VERY_LONG,OPPONENT_21_35,TIED,EARLY,FIELD_GOAL,-3.68551017724608,-0.07609552145004272
14.0,84.0,-7.0,2742.0,VERY_LONG,OWN_TERRITORY,TRAILING,EARLY,PUNT,0.7556644855067134,0.014868929982185364
6.0,54.0,7.0,2640.0,LONG,OWN_TERRITORY,LEADING,EARLY,PUNT,-0.2255475758574903,-0.0028382688760757446
4.0,9.0,-7.0,2217.0,MEDIUM,RED_ZONE,TRAILING,EARLY,FIELD_GOAL,0.10333244165877042,-0.021899104118347168
5.0,75.0,4.0,2155.0,MEDIUM,OWN_TERRITORY,LEADING,EARLY,PUNT,-0.29526119283400476,-0.0039799511432647705
1.0,56.0,-4.0,2065.0,SHORT,OWN_TERRITORY,TRAILING,EARLY,PUNT,-1.4965756341116503,-0.03326055407524109
31.0,90.0,4.0,1929.0,VERY_LONG,OWN_TERRITORY,LEADING,EARLY,PUNT,-0.13370603788644075,-0.007220536470413208
4.0,52.0,-4.0,1861.0,MEDIUM,OWN_TERRITORY,TRAILING,EARLY,PUNT,-0.7192910129087977,-0.0027464628219604492
2.0,56.0,4.0,1811.0,SHORT,OWN_TERRITORY,LEADING,EARLY,PUNT,-0.15986145613715053,-0.0025717318058013916
13.0,21.0,4.0,1287.0,VERY_LONG,OPPONENT_21_35,LEADING,MID,FIELD_GOAL,0.6418603275386814,0.016048237681388855
21.0,81.0,-7.0,1138.0,VERY_LONG,OWN_TERRITORY,TRAILING,MID,PUNT,-0.5086431875824928,-0.00011265277862548828
1.0,29.0,7.0,975.0,SHORT,OPPONENT_21_35,LEADING,MID,FIELD_GOAL,-3.623975717839775,-0.05429893732070923
3.0,68.0,7.0,740.0,MEDIUM,OWN_TERRITORY,LEADING,MID,PUNT,0.8461644866038114,0.047110676765441895
4.0,86.0,-7.0,595.0,MEDIUM,OWN_TERRITORY,TRAILING,MID,PUNT,0.25926863122731447,-0.0024211928248405457
2.0,47.0,0.0,378.0,SHORT,MIDFIELD,TIED,MID,GO,-2.9525962576735765,-0.04697948694229126
3.0,67.0,-7.0,72.0,MEDIUM,OWN_TERRITORY,TRAILING,LATE,GO,1.7388852183357812,0.044289685785770416
11.0,39.0,-7.0,3465.0,VERY_LONG,MIDFIELD,TRAILING,EARLY,FIELD_GOAL,3.0546144140970783,0.11856529116630554
3.0,6.0,4.0,3160.0,MEDIUM,RED_ZONE,LEADING,EARLY,FIELD_GOAL,0.05869481946490129,-0.031826287508010864
19.0,75.0,-7.0,3023.0,VERY_LONG,OWN_TERRITORY,TRAILING,EARLY,PUNT,0.9646140434779227,0.026151329278945923
10.0,24.0,-14.0,2454.0,LONG,OPPONENT_21_35,TRAILING,EARLY,FIELD_GOAL,0.8595395538439528,0.0028580576181411743
5.0,55.0,11.0,2360.0,MEDIUM,OWN_TERRITORY,LEADING,EARLY,PUNT,0.10724928509443998,-0.021906748414039612
8.0,47.0,-11.0,2139.0,LONG,MIDFIELD,TRAILING,EARLY,FIELD_GOAL,-1.5900608511981802,-0.03377331793308258
8.0,32.0,11.0,1999.0,LONG,OPPONENT_21_35,LEADING,EARLY,FIELD_GOAL,-3.124944607336538,-0.05452507734298706
6.0,44.0,-11.0,1842.0,LONG,MIDFIELD,TRAILING,EARLY,FIELD_GOAL,-1.6798965735657294,-0.03492988646030426
1.0,54.0,14.0,1080.0,SHORT,OWN_TERRITORY,LEADING,MID,GO,2.401682275114581,0.016595065593719482
8.0,8.0,-21.0,525.0,LONG,RED_ZONE,TRAILING,MID,GO,4.131888214615174,0.007233115092152964
11.0,67.0,-21.0,285.0,VERY_LONG,OWN_TERRITORY,TRAILING,LATE,GO,-2.6775722622405738,-0.00008274160791188478
1.0,23.0,21.0,142.0,SHORT,OPPONENT_21_35,LEADING,LATE,GO,1.6908838767558336,0.0003262758255004883
3.0,28.0,0.0,3250.0,MEDIUM,OPPONENT_21_35,TIED,EARLY,GO,-3.009809374460019,-0.06012183427810669
10.0,36.0,0.0,2929.0,LONG,MIDFIELD,TIED,EARLY,FIELD_GOAL,2.396734864923171,0.04358738660812378
6.0,47.0,-3.0,2720.0,LONG,MIDFIELD,TRAILING,EARLY,PUNT,-0.6468740671407431,-0.014981657266616821
7.0,30.0,3.0,2392.0,LONG,OPPONENT_21_35,LEADING,EARLY,FIELD_GOAL,1.4764174221673358,0.03517654538154602
12.0,22.0,6.0,2128.0,VERY_LONG,OPPONENT_21_35,LEADING,EARLY,FIELD_GOAL,-3.3782798149257705,-0.0967864990234375
19.0,87.0,0.0,1881.0,VERY_LONG,OWN_TERRITORY,TIED,EARLY,PUNT,-1.5967312647262588,0.032113492488861084
4.0,48.0,-10.0,1186.0,MEDIUM,MIDFIELD,TRAILING,MID,PUNT,-0.7610415394883603,-0.0014063864946365356
1.0,54.0,10.0,979.0,SHORT,OWN_TERRITORY,LEADING,MID,PUNT,-1.136227968847379,-0.019195571541786194
5.0,7.0,-10.0,615.0,MEDIUM,RED_ZONE,TRAILING,MID,FIELD_GOAL,0.07400294569644439,-0.03752891719341278
5.0,30.0,-13.0,213.0,MEDIUM,OPPONENT_21_35,TRAILING,LATE,GO,4.3981201242422685,0.038486726582050323
10.0,10.0,-13.0,155.0,LONG,RED_ZONE,TRAILING,LATE,GO,-2.937314768147189,-0.019599629566073418
4.0,84.0,13.0,134.0,MEDIUM,OWN_TERRITORY,LEADING,LATE,PUNT,-0.6240099205751903,-0.0043104346841573715
6.0,57.0,-13.0,109.0,LONG,OWN_TERRITORY,TRAILING,LATE,GO,-1.5424342306214385,-0.003887931350618601
2.0,30.0,0.0,3376.0,SHORT,OPPONENT_21_35,TIED,EARLY,GO,3.35561367822811,0.08389157056808472
1.0,3.0,0.0,3248.0,SHORT,RED_ZONE,TIED,EARLY,GO,2.0503362399176694,0.056617915630340576
6.0,33.0,-7.0,2945.0,LONG,OPPONENT_21_35,TRAILING,EARLY,FIELD_GOAL,1.7743370343709108,0.04373638331890106
15.0,85.0,4.0,2849.0,VERY_LONG,OWN_TERRITORY,LEADING,EARLY,PUNT,-0.10016401764005423,-0.004692524671554565
18.0,89.0,-3.0,2700.0,VERY_LONG,OWN_TERRITORY,TRAILING,EARLY,PUNT,1.0127392751164734,0.015974611043930054
10.0,10.0,3.0,2358.0,LONG,RED_ZONE,LEADING,EARLY,FIELD_GOAL,0.1202179666188452,0.002931267023086548
7.0,88.0,-6.0,2275.0,LONG,OWN_TERRITORY,TRAILING,EARLY,PUNT,-0.5062684372533113,-0.02758052945137024
3.0,15.0,6.0,2026.0,MEDIUM,RED_ZONE,LEADING,EARLY,FIELD_GOAL,0.24854730474947218,-0.028120964765548706
9.0,85.0,-9.0,1920.0,LONG,OWN_TERRITORY,TRAILING,EARLY,PUNT,-1.0943331031012349,-0.02228689193725586
2.0,28.0,9.0,1814.0,SHORT,OPPONENT_21_35,LEADING,EARLY,FIELD_GOAL,0.7947568941200505,-0.017429828643798828
2.0,49.0,12.0,1430.0,SHORT,MIDFIELD,LEADING,MID,PUNT,-0.42673398554325104,0.012497961521148682
1.0,11.0,-12.0,1127.0,SHORT,RED_ZONE,TRAILING,MID,GO,1.3356831833370961,0.07056687772274017
1.0,46.0,5.0,853.0,SHORT,MIDFIELD,LEADING,MID,GO,-3.4233296683523804,-0.09876063466072083
7.0,50.0,-5.0,744.0,LONG,MIDFIELD,TRAILING,MID,GO,-2.705818810965866,-0.07151862978935242
2.0,18.0,5.0,526.0,SHORT,RED_ZONE,LEADING,MID,FIELD_GOAL,-2.984640769739811,-0.07475902140140533
4.0,4.0,-5.0,111.0,MEDIUM,RED_ZONE,TRAILING,LATE,GO,4.281706835201476,0.27176493833959103
14.0,19.0,-7.0,3289.0,VERY_LONG,RED_ZONE,TRAILING,EARLY,FIELD_GOAL,0.4331686446268481,0.032778918743133545
6.0,72.0,-4.0,3033.0,LONG,OWN_TERRITORY,TRAILING,EARLY,PUNT,0.3883156795054674,0.027210593223571777
5.0,19.0,4.0,2785.0,MEDIUM,RED_ZONE,LEADING,EARLY,FIELD_GOAL,-3.8797549382525287,-0.04961714148521423
10.0,73.0,-4.0,2727.0,LONG,OWN_TERRITORY,TRAILING,EARLY,PUNT,0.2179879890754819,0.038966864347457886
7.0,28.0,4.0,2400.0,LONG,OPPONENT_21_35,LEADING,EARLY,FIELD_GOAL,1.1975883113738544,0.054122865200042725
1.0,61.0,-7.0,1920.0,SHORT,OWN_TERRITORY,TRAILING,EARLY,GO,1.6199965147534385,0.04042941331863403
15.0,64.0,-7.0,1836.0,VERY_LONG,OWN_TERRITORY,TRAILING,EARLY,PUNT,-0.25701204943470657,-0.02331569790840149
12.0,72.0,-10.0,1671.0,VERY_LONG,OWN_TERRITORY,TRAILING,MID,PUNT,0.7974106967449188,0.00972418487071991
18.0,87.0,10.0,1564.0,VERY_LONG,OWN_TERRITORY,LEADING,MID,PUNT,0.6863551898859441,0.026693210005760193
12.0,66.0,-10.0,1494.0,VERY_LONG,OWN_TERRITORY,TRAILING,MID,PUNT,-5.676811219193041,-0.06084927995323208
15.0,75.0,-17.0,1234.0,VERY_LONG,OWN_TERRITORY,TRAILING,MID,PUNT,-0.2684729718603194,-0.005500167608261108
1.0,43.0,-24.0,921.0,SHORT,MIDFIELD,TRAILING,MID,GO,2.3894347191089764,0.002282354049384594
20.0,39.0,18.0,415.0,VERY_LONG,MIDFIELD,LEADING,MID,PUNT,-0.03672038950026035,-0.0022148117423057556
1.0,49.0,-18.0,292.0,SHORT,MIDFIELD,TRAILING,LATE,GO,-3.026673207699787,-0.0008714247960597277
21.0,62.0,18.0,271.0,VERY_LONG,OWN_TERRITORY,LEADING,LATE,PUNT,0.3973192519042641,0.0008925788570195436
3.0,78.0,0.0,2857.0,MEDIUM,OWN_TERRITORY,TIED,EARLY,PUNT,-0.2575380839407444,-0.0034603476524353027
9.0,73.0,-7.0,2452.0,LONG,OWN_TERRITORY,TRAILING,EARLY,PUNT,0.10315916850231588,0.02291436493396759
15.0,21.0,7.0,2167.0,VERY_LONG,OPPONENT_21_35,LEADING,EARLY,FIELD_GOAL,-3.86025028391048,-0.061420246958732605
11.0,72.0,-7.0,1434.0,VERY_LONG,OWN_TERRITORY,TRAILING,MID,PUNT,0.7282288204878569,0.03188470005989075
3.0,73.0,7.0,1303.0,MEDIUM,OWN_TERRITORY,LEADING,MID,PUNT,-0.603477786295116,0.0070158690214157104
5.0,59.0,-7.0,1240.0,MEDIUM,OWN_TERRITORY,TRAILING,MID,PUNT,-0.1577043253928423,0.014264002442359924
10.0,69.0,7.0,1092.0,LONG,OWN_TERRITORY,LEADING,MID,PUNT,-0.566756107378751,0.04724423587322235
4.0,36.0,-7.0,856.0,MEDIUM,MIDFIELD,TRAILING,MID,GO,3.369895560084842,0.12462100386619568
5.0,30.0,7.0,27.0,MEDIUM,OPPONENT_21_35,LEADING,LATE,FIELD_GOAL,1.0393766759506418,0.006473933812230825
2.0,45.0,0.0,3446.0,SHORT,MIDFIELD,TIED,EARLY,GO,-3.0313650292810053,-0.06558215618133545
5.0,66.0,-7.0,3171.0,MEDIUM,OWN_TERRITORY,TRAILING,EARLY,PUNT,-5.982376104686409,-0.08436711885767134
12.0,70.0,-14.0,2998.0,VERY_LONG,OWN_TERRITORY,TRAILING,EARLY,PUNT,-3.7387711519841105,-0.030287936329841614
4.0,9.0,-21.0,2571.0,MEDIUM,RED_ZONE,TRAILING,EARLY,FIELD_GOAL,0.10209194857820325,-0.00629851222038269
6.0,68.0,-25.0,2384.0,LONG,OWN_TERRITORY,TRAILING,EARLY,PUNT,-0.11172231379896402,-0.011863375082612038
2.0,33.0,-32.0,1973.0,SHORT,OPPONENT_21_35,TRAILING,EARLY,FIELD_GOAL,-3.0996321298539438,-0.0007778347935527563
5.0,38.0,32.0,1894.0,MEDIUM,MIDFIELD,LEADING,EARLY,FIELD_GOAL,2.3173272734100263,0.0018858342664316297
13.0,28.0,32.0,1593.0,VERY_LONG,OPPONENT_21_35,LEADING,MID,FIELD_GOAL,1.3403177124992396,0.0003414872335270047
12.0,78.0,-35.0,1505.0,VERY_LONG,OWN_TERRITORY,TRAILING,MID,PUNT,0.26363141904585063,-0.00012351584155112505
9.0,19.0,35.0,1182.0,LONG,RED_ZONE,LEADING,MID,FIELD_GOAL,0.49426668835781484,0.00007149213342927396
8.0,63.0,31.0,781.0,LONG,OWN_TERRITORY,LEADING,MID,PUNT,-2.1068699527531862,0.00006001020665280521
4.0,38.0,-31.0,674.0,MEDIUM,MIDFIELD,TRAILING,MID,GO,-1.6348757804371417,-0.00001708039053482935
4.0,58.0,31.0,540.0,MEDIUM,OWN_TERRITORY,LEADING,MID,PUNT,0.028224137611687183,0.00006528032099595293
7.0,84.0,-31.0,481.0,LONG,OWN_TERRITORY,TRAILING,MID,PUNT,-0.5056640077382326,-7.288050255738199e-6
4.0,60.0,-31.0,166.0,MEDIUM,OWN_TERRITORY,TRAILING,LATE,PUNT,-0.5971863014856353,9.471041266806424e-7
4.0,20.0,0.0,3235.0,MEDIUM,RED_ZONE,TIED,EARLY,FIELD_GOAL,0.4857573626242857,0.01130443811416626
20.0,35.0,-3.0,2846.0,VERY_LONG,OPPONENT_21_35,TRAILING,EARLY,FIELD_GOAL,2.292063497717375,0.028375566005706787
5.0,24.0,0.0,2644.0,MEDIUM,OPPONENT_21_35,TIED,EARLY,FIELD_GOAL,0.8009490989929882,0.02919057011604309
1.0,56.0,-4.0,2353.0,SHORT,OWN_TERRITORY,TRAILING,EARLY,GO,-3.229740523500368,-0.0736270546913147
13.0,46.0,4.0,2267.0,VERY_LONG,MIDFIELD,LEADING,EARLY,PUNT,-0.5033698198385537,-0.021589338779449463
4.0,76.0,-4.0,2150.0,MEDIUM,OWN_TERRITORY,TRAILING,EARLY,PUNT,-0.01768352370709181,0.00420089066028595
17.0,77.0,4.0,2057.0,VERY_LONG,OWN_TERRITORY,LEADING,EARLY,PUNT,-0.16007474740035832,-0.009275823831558228
9.0,15.0,4.0,1907.0,LONG,RED_ZONE,LEADING,EARLY,FIELD_GOAL,0.2564841992744924,-0.01069207489490509
20.0,75.0,-7.0,1891.0,VERY_LONG,OWN_TERRITORY,TRAILING,EARLY,PUNT,0.012514790752902627,0.0297548770904541
2.0,69.0,7.0,1852.0,SHORT,OWN_TERRITORY,LEADING,EARLY,PUNT,-0.2177427148562856,-0.0034637898206710815
10.0,10.0,14.0,1254.0,LONG,RED_ZONE,LEADING,MID,FIELD_GOAL,0.1312411701663172,-0.005943853408098221
12.0,47.0,-17.0,935.0,VERY_LONG,MIDFIELD,TRAILING,MID,GO,-1.709886762779206,-0.015792718157172203
9.0,60.0,17.0,855.0,LONG,OWN_TERRITORY,LEADING,MID,PUNT,0.195559267885983,0.0033782552927732468
16.0,37.0,10.0,378.0,VERY_LONG,MIDFIELD,LEADING,MID,FIELD_GOAL,2.465527384831399,0.020495347678661346
4.0,4.0,-13.0,226.0,MEDIUM,RED_ZONE,TRAILING,LATE,GO,4.152001385868061,0.0725819862874666
6.0,25.0,6.0,120.0,LONG,OPPONENT_21_35,LEADING,LATE,FIELD_GOAL,-9.26857524835506,-0.42343506464894576
9.0,59.0,-7.0,3021.0,LONG,OWN_TERRITORY,TRAILING,EARLY,PUNT,0.5984816288109869,0.008046925067901611
5.0,61.0,7.0,2248.0,MEDIUM,OWN_TERRITORY,LEADING,EARLY,PUNT,0.35272364935372025,0.011342853307723999
1.0,85.0,-7.0,2154.0,SHORT,OWN_TERRITORY,TRAILING,EARLY,GO,2.19336968800053,0.09232926368713379
12.0,82.0,7.0,1595.0,VERY_LONG,OWN_TERRITORY,LEADING,MID,PUNT,-0.4684891744982451,0.00015351176261901855
7.0,54.0,7.0,1427.0,LONG,OWN_TERRITORY,LEADING,MID,PUNT,0.14145124424248934,0.0099429190158844
1.0,46.0,-7.0,1069.0,SHORT,MIDFIELD,TRAILING,MID,GO,2.4075539698824286,0.08738395571708679
2.0,16.0,-7.0,900.0,SHORT,RED_ZONE,TRAILING,MID,GO,4.095370228402317,0.23871804776000038
8.0,43.0,0.0,755.0,LONG,MIDFIELD,TIED,MID,PUNT,-0.4483471803832799,0.022361934185028076
1.0,40.0,0.0,508.0,SHORT,MIDFIELD,TIED,MID,GO,2.3288446329534054,0.1081586480140686
1.0,28.0,-7.0,67.0,SHORT,OPPONENT_21_35,TRAILING,LATE,GO,-1.9928711539250799,-0.09843587130308151
2.0,45.0,-7.0,3178.0,SHORT,MIDFIELD,TRAILING,EARLY,GO,2.7255539272446185,0.06429257988929749
6.0,20.0,-7.0,3044.0,LONG,RED_ZONE,TRAILING,EARLY,FIELD_GOAL,0.5541909779464054,0.008589506149291992
1.0,36.0,-4.0,2660.0,SHORT,MIDFIELD,TRAILING,EARLY,GO,1.749325268319808,0.06638696789741516
5.0,5.0,-4.0,2403.0,MEDIUM,RED_ZONE,TRAILING,EARLY,FIELD_GOAL,0.0566939097555883,-0.03741651773452759
15.0,79.0,1.0,2218.0,VERY_LONG,OWN_TERRITORY,LEADING,EARLY,PUNT,-0.679824145976454,-0.032195091247558594
1.0,59.0,-6.0,1981.0,SHORT,OWN_TERRITORY,TRAILING,EARLY,GO,-2.770144627254922,-0.057337820529937744
11.0,37.0,13.0,1831.0,VERY_LONG,MIDFIELD,LEADING,EARLY,FIELD_GOAL,-2.2001639187666355,-0.0329354852437973
5.0,14.0,-17.0,1346.0,MEDIUM,RED_ZONE,TRAILING,MID,FIELD_GOAL,0.2056789117846365,-0.011169396340847015
11.0,12.0,14.0,970.0,VERY_LONG,RED_ZONE,LEADING,MID,FIELD_GOAL,0.17524963134101634,0.008295789361000061
2.0,76.0,-17.0,867.0,SHORT,OWN_TERRITORY,TRAILING,MID,GO,-2.9792478478047997,-0.006064068526029587
1.0,15.0,17.0,800.0,SHORT,RED_ZONE,LEADING,MID,GO,3.3885849005309865,0.01736085854784042
3.0,62.0,-24.0,753.0,MEDIUM,OWN_TERRITORY,TRAILING,MID,GO,3.0305584757588804,0.0011945373844355345
5.0,35.0,-24.0,618.0,MEDIUM,OPPONENT_21_35,TRAILING,MID,GO,-3.129014591453597,-0.0004796116263605654
1.0,45.0,24.0,345.0,SHORT,MIDFIELD,LEADING,MID,GO,1.9243286426644772,0.00005835294723510742
19.0,51.0,24.0,215.0,VERY_LONG,OWN_TERRITORY,LEADING,LATE,PUNT,-0.1343508077552542,-0.0000649613793939352
8.0,63.0,-6.0,3266.0,LONG,OWN_TERRITORY,TRAILING,EARLY,PUNT,0.03331131348386407,-0.03815850615501404
8.0,43.0,6.0,3055.0,LONG,MIDFIELD,LEADING,EARLY,PUNT,-6.695685564773157,-0.24241312443850527
11.0,41.0,-1.0,2885.0,VERY_LONG,MIDFIELD,TRAILING,EARLY,PUNT,-0.6318820836022496,-0.05686444044113159
16.0,37.0,-8.0,2399.0,VERY_LONG,MIDFIELD,TRAILING,EARLY,FIELD_GOAL,-2.987810101435302,-0.021697983145713806
13.0,78.0,-15.0,2063.0,VERY_LONG,OWN_TERRITORY,TRAILING,EARLY,PUNT,-3.4340550758061,-0.024198219180107117
10.0,54.0,-22.0,1836.0,LONG,OWN_TERRITORY,TRAILING,EARLY,PUNT,-0.06600589770823717,-0.003743797540664673
5.0,93.0,22.0,1812.0,MEDIUM,OWN_TERRITORY,LEADING,EARLY,PUNT,-0.06784556491766125,-0.018695175647735596
5.0,35.0,-29.0,1293.0,MEDIUM,OPPONENT_21_35,TRAILING,MID,GO,-3.1323474873788655,-0.0004678057739511132
4.0,59.0,29.0,1172.0,MEDIUM,OWN_TERRITORY,LEADING,MID,PUNT,0.9343080371618271,0.0004810997052118182
6.0,95.0,-29.0,1054.0,LONG,OWN_TERRITORY,TRAILING,MID,PUNT,-0.9051258272957057,-0.00035811925772577524
3.0,34.0,29.0,919.0,MEDIUM,OPPONENT_21_35,LEADING,MID,GO,4.922910101246089,0.00023412704467773438
2.0,41.0,-36.0,622.0,SHORT,MIDFIELD,TRAILING,MID,GO,-2.8273002305068076,-7.749942597001791e-6
2.0,51.0,36.0,527.0,SHORT,OWN_TERRITORY,LEADING,MID,PUNT,-0.2992486300645396,0.00005794389289803803
2.0,2.0,-36.0,120.0,SHORT,RED_ZONE,TRAILING,LATE,GO,3.8050630327197723,-0.0002076849341392517
3.0,64.0,0.0,3504.0,MEDIUM,OWN_TERRITORY,TIED,EARLY,PUNT,-0.9209171920083463,-0.01080232858657837
14.0,28.0,0.0,3298.0,VERY_LONG,OPPONENT_21_35,TIED,EARLY,FIELD_GOAL,1.0813258070631016,0.059233009815216064
1.0,65.0,-3.0,3141.0,SHORT,OWN_TERRITORY,TRAILING,EARLY,GO,-4.9419889281271026,-0.12107431888580322
1.0,60.0,-4.0,2613.0,SHORT,OWN_TERRITORY,TRAILING,EARLY,GO,2.6756379168946296,0.040154874324798584
26.0,40.0,-4.0,2430.0,VERY_LONG,MIDFIELD,TRAILING,EARLY,PUNT,-1.7739014131948352,-0.0015901625156402588
21.0,25.0,-4.0,2066.0,VERY_LONG,OPPONENT_21_35,TRAILING,EARLY,FIELD_GOAL,0.9624178634280609,0.01682564616203308
9.0,34.0,-8.0,1858.0,LONG,OPPONENT_21_35,TRAILING,EARLY,FIELD_GOAL,1.2240876527577709,0.08782097697257996
6.0,64.0,-5.0,1123.0,LONG,OWN_TERRITORY,TRAILING,MID,PUNT,0.9227342719677836,0.03264038264751434
3.0,92.0,5.0,982.0,MEDIUM,OWN_TERRITORY,LEADING,MID,PUNT,-0.7008333371486515,0.04084941744804382
24.0,33.0,-5.0,703.0,VERY_LONG,OPPONENT_21_35,TRAILING,MID,FIELD_GOAL,1.455619797685798,0.05070757865905762
11.0,11.0,2.0,408.0,VERY_LONG,RED_ZONE,LEADING,MID,FIELD_GOAL,0.09449704892559962,-0.02065958082675934
3.0,36.0,-1.0,38.0,MEDIUM,MIDFIELD,TRAILING,LATE,FIELD_GOAL,-1.5120197006291973,-0.37972092628479004
2.0,8.0,0.0,3251.0,SHORT,RED_ZONE,TIED,EARLY,FIELD_GOAL,0.08393568953455244,-0.03874605894088745
2.0,62.0,-3.0,3115.0,SHORT,OWN_TERRITORY,TRAILING,EARLY,PUNT,0.3451102110557258,-0.011731147766113281
7.0,60.0,3.0,2970.0,LONG,OWN_TERRITORY,LEADING,EARLY,PUNT,-1.4012290679384023,-0.038510143756866455
15.0,56.0,-4.0,2521.0,VERY_LONG,OWN_TERRITORY,TRAILING,EARLY,PUNT,-0.11001439183019102,0.038861215114593506
10.0,86.0,-11.0,2304.0,LONG,OWN_TERRITORY,TRAILING,EARLY,PUNT,0.5898527062963694,0.0004735514521598816
1.0,2.0,11.0,1924.0,SHORT,RED_ZONE,LEADING,EARLY,GO,-4.522922222211491,-0.05266612768173218
9.0,79.0,-11.0,1884.0,LONG,OWN_TERRITORY,TRAILING,EARLY,PUNT,-0.11842811270616949,-0.000908873975276947
9.0,56.0,18.0,1664.0,LONG,OWN_TERRITORY,LEADING,MID,PUNT,-0.9753982615657151,-0.015403635799884796
2.0,62.0,-18.0,1568.0,SHORT,OWN_TERRITORY,TRAILING,MID,PUNT,0.10637945821508765,0.001565203070640564
9.0,55.0,18.0,1288.0,LONG,OWN_TERRITORY,LEADING,MID,PUNT,-0.1501103388145566,-0.0015862435102462769
17.0,51.0,-18.0,1080.0,VERY_LONG,OWN_TERRITORY,TRAILING,MID,PUNT,0.543274856870994,-0.008136486634612083
9.0,56.0,18.0,774.0,LONG,OWN_TERRITORY,LEADING,MID,PUNT,0.07195527758449316,0.006087029352784157
16.0,78.0,-18.0,681.0,VERY_LONG,OWN_TERRITORY,TRAILING,MID,PUNT,0.9505318598821759,-0.0018617594614624977
3.0,58.0,-25.0,180.0,MEDIUM,OWN_TERRITORY,TRAILING,LATE,PUNT,-0.5106667778454721,-0.0001535079354653135
3.0,49.0,0.0,3473.0,MEDIUM,MIDFIELD,TIED,EARLY,PUNT,-0.7937074052169919,0.014771342277526855
1.0,1.0,0.0,3041.0,SHORT,RED_ZONE,TIED,EARLY,GO,2.2830573526443914,0.07848247856387291
7.0,30.0,0.0,2660.0,LONG,OPPONENT_21_35,TIED,EARLY,FIELD_GOAL,1.2998736937461766,0.06605684757232666
21.0,60.0,-3.0,2540.0,VERY_LONG,OWN_TERRITORY,TRAILING,EARLY,PUNT,-0.17083972366526723,0.014492332935333252
10.0,61.0,3.0,2359.0,LONG,OWN_TERRITORY,LEADING,EARLY,PUNT,0.4083301208447665,0.03553241491317749
1.0,83.0,-3.0,2264.0,SHORT,OWN_TERRITORY,TRAILING,EARLY,PUNT,-0.9367675832472742,-0.02451232075691223
11.0,62.0,3.0,2170.0,VERY_LONG,OWN_TERRITORY,LEADING,EARLY,PUNT,-0.12731123832054436,0.010510653257369995
7.0,64.0,-10.0,1863.0,LONG,OWN_TERRITORY,TRAILING,EARLY,PUNT,-0.5031068278476596,-0.0021371692419052124
4.0,40.0,10.0,1812.0,MEDIUM,MIDFIELD,LEADING,EARLY,FIELD_GOAL,1.6305013747202186,0.03761979937553406
10.0,51.0,-13.0,1660.0,LONG,OWN_TERRITORY,TRAILING,MID,PUNT,-0.014060475630685687,-0.00466320663690567
7.0,15.0,-13.0,1307.0,LONG,RED_ZONE,TRAILING,MID,FIELD_GOAL,0.19397603528601914,0.02561245858669281
4.0,57.0,10.0,1223.0,MEDIUM,OWN_TERRITORY,LEADING,MID,PUNT,-0.4480547523126006,0.008116379380226135
16.0,38.0,-10.0,990.0,VERY_LONG,MIDFIELD,TRAILING,MID,FIELD_GOAL,-3.8606375502978687,-0.026956982910633087
2.0,24.0,10.0,895.0,SHORT,OPPONENT_21_35,LEADING,MID,GO,-3.583084963494912,-0.049008578062057495
7.0,74.0,-10.0,836.0,LONG,OWN_TERRITORY,TRAILING,MID,PUNT,-5.345126683358103,-0.06052878088817948
7.0,62.0,-17.0,775.0,LONG,OWN_TERRITORY,TRAILING,MID,PUNT,-0.17469253903254867,-0.004135707393288612
8.0,53.0,17.0,548.0,LONG,OWN_TERRITORY,LEADING,MID,PUNT,0.16115609812550247,-0.004860397428274155
7.0,62.0,-24.0,156.0,LONG,OWN_TERRITORY,TRAILING,LATE,PUNT,-0.519357827026397,-0.00009571212285663933
4.0,66.0,-7.0,3190.0,MEDIUM,OWN_TERRITORY,TRAILING,EARLY,PUNT,0.25143868336454034,-0.0017176270484924316
7.0,54.0,7.0,2961.0,LONG,OWN_TERRITORY,LEADING,EARLY,PUNT,0.08947291714139283,-0.011100709438323975
6.0,74.0,-7.0,2791.0,LONG,OWN_TERRITORY,TRAILING,EARLY,PUNT,-0.25924619380384684,0.0007618963718414307
6.0,84.0,-11.0,2322.0,LONG,OWN_TERRITORY,TRAILING,EARLY,PUNT,-0.29402968171052635,-0.02093556523323059
5.0,45.0,11.0,2159.0,MEDIUM,MIDFIELD,LEADING,EARLY,PUNT,-0.3370546711375937,-0.007318854331970215
14.0,61.0,3.0,1663.0,VERY_LONG,OWN_TERRITORY,LEADING,MID,PUNT,-0.12338137766346335,0.004680246114730835
2.0,57.0,-4.0,511.0,SHORT,OWN_TERRITORY,TRAILING,MID,GO,3.0761528126895428,0.12541353702545166
4.0,4.0,0.0,282.0,MEDIUM,RED_ZONE,TIED,LATE,FIELD_GOAL,0.05427998202320694,-0.37659938215489264
6.0,76.0,-3.0,230.0,LONG,OWN_TERRITORY,TRAILING,LATE,GO,2.341860225889832,0.1998324926244095
14.0,16.0,-3.0,1.0,VERY_LONG,RED_ZONE,TRAILING,LATE,FIELD_GOAL,0.2302091501318544,-0.42326361662271517
8.0,23.0,0.0,3156.0,LONG,OPPONENT_21_35,TIED,EARLY,FIELD_GOAL,0.8391223257991172,0.0017852783203125
16.0,34.0,-3.0,3000.0,VERY_LONG,OPPONENT_21_35,TRAILING,EARLY,FIELD_GOAL,1.5997991571890062,0.053282320499420166
1.0,55.0,0.0,2847.0,SHORT,OWN_TERRITORY,TIED,EARLY,GO,-3.7199197206646204,-0.0647631585597992
1.0,2.0,0.0,2543.0,SHORT,RED_ZONE,TIED,EARLY,GO,2.73057502519805,0.07217911280287925
16.0,19.0,-7.0,2124.0,VERY_LONG,RED_ZONE,TRAILING,EARLY,FIELD_GOAL,0.4111952471348195,0.042545974254608154
14.0,60.0,4.0,1943.0,VERY_LONG,OWN_TERRITORY,LEADING,EARLY,PUNT,0.08087656169664115,0.06112852692604065
6.0,50.0,3.0,1660.0,LONG,MIDFIELD,LEADING,MID,PUNT,-0.7887287512421608,-0.01576220989227295
7.0,60.0,3.0,1483.0,LONG,OWN_TERRITORY,LEADING,MID,PUNT,-0.211429534945637,-0.010367423295974731
9.0,80.0,-3.0,1377.0,LONG,OWN_TERRITORY,TRAILING,MID,PUNT,0.2992460848763585,0.02223190665245056
12.0,75.0,3.0,1290.0,VERY_LONG,OWN_TERRITORY,LEADING,MID,PUNT,0.6731877983547747,0.023907393217086792
12.0,79.0,-3.0,1189.0,VERY_LONG,OWN_TERRITORY,TRAILING,MID,PUNT,0.4227997928392142,0.022369563579559326
2.0,65.0,3.0,1069.0,SHORT,OWN_TERRITORY,LEADING,MID,PUNT,0.24036394897848368,-0.02513602375984192
13.0,20.0,4.0,542.0,VERY_LONG,RED_ZONE,LEADING,MID,FIELD_GOAL,0.5139790685525298,0.06421181559562683
2.0,9.0,-7.0,204.0,SHORT,RED_ZONE,TRAILING,LATE,GO,3.9706090231775306,0.24798327321901836
17.0,60.0,0.0,111.0,VERY_LONG,OWN_TERRITORY,TIED,LATE,PUNT,0.15718147065490484,-0.02209681272506714
8.0,8.0,0.0,3216.0,LONG,RED_ZONE,TIED,EARLY,FIELD_GOAL,0.09780576781570005,-0.014192670583724976
1.0,40.0,-3.0,2929.0,SHORT,MIDFIELD,TRAILING,EARLY,GO,2.3627722503151745,0.08361658453941345
13.0,40.0,-3.0,2808.0,VERY_LONG,MIDFIELD,TRAILING,EARLY,PUNT,-0.6415130165405571,-0.04629287123680115
4.0,69.0,-11.0,2013.0,MEDIUM,OWN_TERRITORY,TRAILING,EARLY,PUNT,-0.5311183854937553,-0.0162050724029541
11.0,72.0,11.0,1957.0,VERY_LONG,OWN_TERRITORY,LEADING,EARLY,PUNT,-1.0503277443931438,-0.016337230801582336
5.0,5.0,-11.0,1843.0,MEDIUM,RED_ZONE,TRAILING,EARLY,FIELD_GOAL,0.051317398396817815,-0.03191843628883362
4.0,8.0,8.0,1802.0,MEDIUM,RED_ZONE,LEADING,EARLY,FIELD_GOAL,0.07790733875245115,-0.0025141239166259766
6.0,61.0,11.0,1666.0,LONG,OWN_TERRITORY,LEADING,MID,PUNT,-0.6456655615475029,-0.03251418471336365
7.0,43.0,3.0,1282.0,LONG,MIDFIELD,LEADING,MID,PUNT,-0.809281894704327,-0.02351856231689453
7.0,25.0,3.0,1151.0,LONG,OPPONENT_21_35,LEADING,MID,FIELD_GOAL,0.9463279279503847,0.0554642379283905
9.0,64.0,-6.0,1060.0,LONG,OWN_TERRITORY,TRAILING,MID,PUNT,-6.1397616600152105,-0.12259237582236526
2.0,26.0,-12.0,860.0,SHORT,OPPONENT_21_35,TRAILING,MID,GO,-3.3678615405224264,-0.02941156178712845
2.0,66.0,12.0,725.0,SHORT,OWN_TERRITORY,LEADING,MID,PUNT,0.6032364717684686,0.010554153472185135
4.0,29.0,5.0,215.0,MEDIUM,OPPONENT_21_35,LEADING,LATE,FIELD_GOAL,-3.247631114506233,-0.15017884969711304
7.0,62.0,0.0,3524.0,LONG,OWN_TERRITORY,TIED,EARLY,PUNT,0.7810974945314229,0.01968163251876831
5.0,45.0,-7.0,3047.0,MEDIUM,MIDFIELD,TRAILING,EARLY,PUNT,0.16495012724772096,0.0008031576871871948
13.0,80.0,7.0,2827.0,VERY_LONG,OWN_TERRITORY,LEADING,EARLY,PUNT,0.5495923240669072,0.009736388921737671
4.0,4.0,7.0,2632.0,MEDIUM,RED_ZONE,LEADING,EARLY,FIELD_GOAL,0.04814959883247871,-0.006324678659439087
15.0,25.0,-10.0,2290.0,VERY_LONG,OPPONENT_21_35,TRAILING,EARLY,FIELD_GOAL,0.9027248668543995,0.03270718455314636
11.0,13.0,7.0,1916.0,VERY_LONG,RED_ZONE,LEADING,EARLY,FIELD_GOAL,0.18765755397733086,-0.013631239533424377
17.0,55.0,3.0,1560.0,VERY_LONG,OWN_TERRITORY,LEADING,MID,PUNT,0.7990151771809906,0.012640237808227539
9.0,67.0,-3.0,1325.0,LONG,OWN_TERRITORY,TRAILING,MID,PUNT,1.1328374596778303,0.01749315857887268
13.0,99.0,3.0,1224.0,VERY_LONG,OWN_TERRITORY,LEADING,MID,PUNT,1.1535333530046046,0.011611402034759521
12.0,40.0,3.0,744.0,VERY_LONG,MIDFIELD,LEADING,MID,PUNT,0.08162446273490787,-0.04616427421569824
2.0,83.0,-3.0,691.0,SHORT,OWN_TERRITORY,TRAILING,MID,PUNT,-1.0598961166106164,-0.04569151997566223
3.0,3.0,3.0,344.0,MEDIUM,RED_ZONE,LEADING,MID,GO,-2.8022040931973606,-0.10393296182155609
25.0,70.0,-3.0,183.0,VERY_LONG,OWN_TERRITORY,TRAILING,LATE,PUNT,-0.07471380475908518,0.03200714290142059
4.0,53.0,3.0,31.0,MEDIUM,OWN_TERRITORY,LEADING,LATE,PUNT,-0.1112808064208366,-0.0030891448259353638
12.0,67.0,0.0,3480.0,VERY_LONG,OWN_TERRITORY,TIED,EARLY,PUNT,0.5862425887025893,0.018239825963974
17.0,23.0,0.0,3088.0,VERY_LONG,OPPONENT_21_35,TIED,EARLY,FIELD_GOAL,0.6986151002219132,0.011747479438781738
22.0,59.0,-4.0,2558.0,VERY_LONG,OWN_TERRITORY,TRAILING,EARLY,PUNT,0.1720431288704276,0.026860684156417847
1.0,54.0,-11.0,2282.0,SHORT,OWN_TERRITORY,TRAILING,EARLY,GO,2.5122315387707204,0.048948660492897034
7.0,12.0,11.0,1902.0,LONG,RED_ZONE,LEADING,EARLY,FIELD_GOAL,-3.091465685205917,-0.032334208488464355
7.0,10.0,-11.0,1816.0,LONG,RED_ZONE,TRAILING,EARLY,FIELD_GOAL,0.10421899947339286,-0.0012340843677520752
19.0,77.0,-8.0,1698.0,VERY_LONG,OWN_TERRITORY,TRAILING,MID,PUNT,1.3419340229593217,0.012650176882743835
3.0,67.0,8.0,1571.0,MEDIUM,OWN_TERRITORY,LEADING,MID,PUNT,1.284679954405874,-0.014602258801460266
19.0,91.0,-15.0,947.0,VERY_LONG,OWN_TERRITORY,TRAILING,MID,PUNT,-0.09008323564194143,-0.007603596895933151
6.0,15.0,15.0,681.0,LONG,RED_ZONE,LEADING,MID,FIELD_GOAL,0.23700727525507892,0.014037232846021652
3.0,3.0,10.0,254.0,MEDIUM,RED_ZONE,LEADING,LATE,GO,-2.540323351684492,-0.01867605745792389
2.0,2.0,-10.0,133.0,SHORT,RED_ZONE,TRAILING,LATE,GO,3.8457823916105554,0.09948772255515803
6.0,45.0,3.0,68.0,LONG,MIDFIELD,LEADING,LATE,PUNT,-0.5536128670210019,-0.15498177707195282
17.0,68.0,-3.0,14.0,VERY_LONG,OWN_TERRITORY,TRAILING,LATE,GO,-1.3276411854894832,-0.04847723990678787
21.0,56.0,-7.0,2628.0,VERY_LONG,OWN_TERRITORY,TRAILING,EARLY,PUNT,0.41338465083390474,0.021564960479736328
8.0,47.0,-7.0,2484.0,LONG,MIDFIELD,TRAILING,EARLY,PUNT,0.27127284079324454,0.020679235458374023
6.0,81.0,7.0,2331.0,LONG,OWN_TERRITORY,LEADING,EARLY,PUNT,-1.194388466188684,-0.0046195387840271
9.0,36.0,-7.0,2136.0,LONG,MIDFIELD,TRAILING,EARLY,FIELD_GOAL,2.21272471880258,0.050593405961990356
31.0,93.0,4.0,1982.0,VERY_LONG,OWN_TERRITORY,LEADING,EARLY,PUNT,-0.9709153493749909,0.020831167697906494
3.0,49.0,-4.0,1679.0,MEDIUM,MIDFIELD,TRAILING,MID,PUNT,-1.077490795403719,-0.00905957818031311
1.0,49.0,5.0,776.0,SHORT,MIDFIELD,LEADING,MID,GO,-3.5252943886443973,-0.10271918773651123
13.0,17.0,-5.0,536.0,VERY_LONG,RED_ZONE,TRAILING,MID,FIELD_GOAL,0.36547600847677897,0.007186442613601685
3.0,43.0,-9.0,342.0,MEDIUM,MIDFIELD,TRAILING,MID,GO,-2.5280378335155547,-0.04186592251062393
3.0,17.0,9.0,132.0,MEDIUM,RED_ZONE,LEADING,LATE,FIELD_GOAL,0.3331250865865054,-0.0040672942996025085
6.0,61.0,-12.0,111.0,LONG,OWN_TERRITORY,TRAILING,LATE,GO,-1.8759207666735165,-0.008450111374258995
3.0,29.0,0.0,3355.0,MEDIUM,OPPONENT_21_35,TIED,EARLY,FIELD_GOAL,1.4485628458054127,0.029330193996429443
4.0,4.0,3.0,2366.0,MEDIUM,RED_ZONE,LEADING,EARLY,GO,4.075843923783395,0.11004110412551926
5.0,36.0,-10.0,2063.0,MEDIUM,MIDFIELD,TRAILING,EARLY,GO,-3.868312709557358,-0.06042185425758362
10.0,43.0,10.0,1920.0,LONG,MIDFIELD,LEADING,EARLY,PUNT,-0.57029237318784,-0.02030704915523529
1.0,43.0,-14.0,1476.0,SHORT,MIDFIELD,TRAILING,MID,GO,6.248552663251758,0.10607325182795935
7.0,51.0,-14.0,1063.0,LONG,OWN_TERRITORY,TRAILING,MID,PUNT,0.1917317844927311,-0.010967858135700226
3.0,83.0,14.0,997.0,MEDIUM,OWN_TERRITORY,LEADING,MID,PUNT,0.1254875201266259,-0.012703068554401398
24.0,32.0,-14.0,794.0,VERY_LONG,OPPONENT_21_35,TRAILING,MID,FIELD_GOAL,1.6416836947429894,0.012079916894435883
4.0,60.0,11.0,692.0,MEDIUM,OWN_TERRITORY,LEADING,MID,PUNT,0.6749324926640838,0.005012303590774536
10.0,69.0,-11.0,433.0,LONG,OWN_TERRITORY,TRAILING,MID,PUNT,-0.1696777567267418,-0.016065113246440887
10.0,18.0,11.0,216.0,LONG,RED_ZONE,LEADING,LATE,FIELD_GOAL,0.3585759316757957,-0.015016179531812668
10.0,45.0,6.0,13.0,LONG,MIDFIELD,LEADING,LATE,PUNT,-0.120006236305926,0.0004315916448831558
5.0,52.0,0.0,3479.0,MEDIUM,OWN_TERRITORY,TIED,EARLY,PUNT,-7.197555352468044,-0.17029157890114743
2.0,67.0,-7.0,3388.0,SHORT,OWN_TERRITORY,TRAILING,EARLY,PUNT,-0.5085421521216631,0.026161938905715942
18.0,23.0,-14.0,2701.0,VERY_LONG,OPPONENT_21_35,TRAILING,EARLY,FIELD_GOAL,0.7601643639147797,0.030888423323631287
3.0,63.0,11.0,2569.0,MEDIUM,OWN_TERRITORY,LEADING,EARLY,PUNT,0.04853525711223483,-0.0001024007797241211
7.0,61.0,-11.0,2390.0,LONG,OWN_TERRITORY,TRAILING,EARLY,PUNT,-0.9507839852012694,-0.023785516619682312
4.0,74.0,-18.0,2110.0,MEDIUM,OWN_TERRITORY,TRAILING,EARLY,PUNT,0.2847540914081037,-0.017308861017227173
11.0,21.0,18.0,1861.0,VERY_LONG,OPPONENT_21_35,LEADING,EARLY,FIELD_GOAL,0.46622913593656845,-0.005013413727283478
4.0,47.0,-21.0,1804.0,MEDIUM,MIDFIELD,TRAILING,EARLY,FIELD_GOAL,2.1619358251405107,0.03252455219626427
19.0,77.0,18.0,1668.0,VERY_LONG,OWN_TERRITORY,LEADING,MID,PUNT,-1.4441827477421612,-0.024531275033950806
3.0,33.0,-18.0,1562.0,MEDIUM,OPPONENT_21_35,TRAILING,MID,GO,-2.9931129177566618,0.00025266408920288086
3.0,59.0,18.0,1511.0,MEDIUM,OWN_TERRITORY,LEADING,MID,PUNT,-0.4003474600613117,0.010242611169815063
17.0,67.0,11.0,1401.0,VERY_LONG,OWN_TERRITORY,LEADING,MID,PUNT,0.5625090971589088,0.00684763491153717
22.0,70.0,11.0,900.0,VERY_LONG,OWN_TERRITORY,LEADING,MID,PUNT,-0.20236634137108922,-0.03066544234752655
12.0,40.0,-11.0,740.0,VERY_LONG,MIDFIELD,TRAILING,MID,FIELD_GOAL,3.0744073337295594,0.022293895483016968
10.0,77.0,8.0,720.0,LONG,OWN_TERRITORY,LEADING,MID,PUNT,-1.1222343316767365,-0.07247157394886017
2.0,72.0,8.0,378.0,SHORT,OWN_TERRITORY,LEADING,MID,PUNT,0.18582213576883078,-0.04920448362827301
1.0,69.0,-8.0,245.0,SHORT,OWN_TERRITORY,TRAILING,LATE,GO,2.033606613986194,0.020690973848104477
9.0,37.0,-8.0,62.0,LONG,MIDFIELD,TRAILING,LATE,GO,-1.6377284550108016,-0.05020446702837944
11.0,66.0,8.0,6.0,VERY_LONG,OWN_TERRITORY,LEADING,LATE,GO,-1.951239154965151,0.008884906768798828
7.0,56.0,0.0,3445.0,LONG,OWN_TERRITORY,TIED,EARLY,PUNT,0.031042601447552443,0.03164389729499817
1.0,48.0,0.0,3247.0,SHORT,MIDFIELD,TIED,EARLY,GO,-3.44065525312908,-0.07142844796180725
8.0,14.0,0.0,2981.0,LONG,RED_ZONE,TIED,EARLY,FIELD_GOAL,0.25117233806898875,-0.002392500638961792
11.0,75.0,-4.0,2700.0,VERY_LONG,OWN_TERRITORY,TRAILING,EARLY,PUNT,0.4447831604629755,0.05455297231674194
15.0,66.0,4.0,2529.0,VERY_LONG,OWN_TERRITORY,LEADING,EARLY,PUNT,-0.3680896242149174,-0.0022072792053222656
22.0,44.0,4.0,2147.0,VERY_LONG,MIDFIELD,LEADING,EARLY,PUNT,-0.9027608507312834,-0.03491672873497009
1.0,71.0,-4.0,2038.0,SHORT,OWN_TERRITORY,TRAILING,EARLY,PUNT,0.4648890704847872,0.03273123502731323
2.0,26.0,11.0,1441.0,SHORT,OPPONENT_21_35,LEADING,MID,FIELD_GOAL,0.8420609286439085,-0.005932852625846863
14.0,53.0,-14.0,1293.0,VERY_LONG,OWN_TERRITORY,TRAILING,MID,PUNT,0.14348288485780358,-0.006939321756362915
10.0,87.0,14.0,1197.0,LONG,OWN_TERRITORY,LEADING,MID,PUNT,0.10639977036044002,-0.04465438425540924
17.0,39.0,-14.0,1004.0,VERY_LONG,MIDFIELD,TRAILING,MID,FIELD_GOAL,2.3617587721501176,0.007200583815574646
13.0,13.0,11.0,577.0,VERY_LONG,RED_ZONE,LEADING,MID,FIELD_GOAL,0.21008052296417867,0.012409612536430359
7.0,35.0,7.0,201.0,LONG,OPPONENT_21_35,LEADING,LATE,FIELD_GOAL,-3.3146207043690312,-0.08965109288692474
4.0,51.0,-7.0,181.0,MEDIUM,OWN_TERRITORY,TRAILING,LATE,GO,2.671655143785756,0.12087161839008331
5.0,23.0,0.0,3404.0,MEDIUM,OPPONENT_21_35,TIED,EARLY,FIELD_GOAL,-4.241660965350212,-0.09953868389129639
1.0,60.0,0.0,3287.0,SHORT,OWN_TERRITORY,TIED,EARLY,GO,2.27754944213666,0.04585921764373779
4.0,29.0,0.0,2995.0,MEDIUM,OPPONENT_21_35,TIED,EARLY,FIELD_GOAL,1.1987149264152737,0.014353573322296143
7.0,63.0,-3.0,2893.0,LONG,OWN_TERRITORY,TRAILING,EARLY,PUNT,0.20765252877026796,-0.010237544775009155
6.0,25.0,3.0,2614.0,LONG,OPPONENT_21_35,LEADING,EARLY,FIELD_GOAL,0.8415073986039783,0.018375366926193237
21.0,64.0,-6.0,2432.0,VERY_LONG,OWN_TERRITORY,TRAILING,EARLY,PUNT,-1.4179786699824035,-0.004852950572967529
3.0,53.0,6.0,2336.0,MEDIUM,OWN_TERRITORY,LEADING,EARLY,PUNT,-0.2540109029505402,-0.001427873969078064
6.0,86.0,-6.0,2274.0,LONG,OWN_TERRITORY,TRAILING,EARLY,PUNT,-0.23980364575982094,0.0067237913608551025
1.0,54.0,6.0,2114.0,SHORT,OWN_TERRITORY,LEADING,EARLY,GO,2.187516227713786,0.04252004623413086
17.0,48.0,6.0,1915.0,VERY_LONG,MIDFIELD,LEADING,EARLY,PUNT,-0.7263040356338024,0.00466427206993103
5.0,24.0,-6.0,1803.0,MEDIUM,OPPONENT_21_35,TRAILING,EARLY,FIELD_GOAL,-2.518185399559279,-0.005027651786804199
3.0,36.0,6.0,1546.0,MEDIUM,MIDFIELD,LEADING,MID,FIELD_GOAL,-3.212848760404934,-0.08410152792930603
12.0,45.0,-6.0,1374.0,VERY_LONG,MIDFIELD,TRAILING,MID,PUNT,-0.5946870723273605,0.019131526350975037
1.0,36.0,6.0,1017.0,SHORT,MIDFIELD,LEADING,MID,GO,1.683079169713892,0.05972480773925781
1.0,69.0,-19.0,412.0,SHORT,OWN_TERRITORY,TRAILING,MID,GO,-3.5254484659526497,-0.0025118791963905096
2.0,78.0,-26.0,244.0,SHORT,OWN_TERRITORY,TRAILING,LATE,PUNT,-0.025364118511788547,-0.00004559627268463373
4.0,66.0,26.0,120.0,MEDIUM,OWN_TERRITORY,LEADING,LATE,PUNT,0.8196222533006221,0.000032965261198114604
7.0,20.0,0.0,3349.0,LONG,RED_ZONE,TIED,EARLY,FIELD_GOAL,0.5351263442352394,0.013389527797698975
16.0,74.0,-3.0,3249.0,VERY_LONG,OWN_TERRITORY,TRAILING,EARLY,PUNT,0.22206760989502072,0.023266226053237915
2.0,25.0,3.0,2968.0,SHORT,OPPONENT_21_35,LEADING,EARLY,GO,2.376947245444171,0.07451266050338745
1.0,10.0,-10.0,2575.0,SHORT,RED_ZONE,TRAILING,EARLY,GO,1.8163708723150194,0.05909895896911621
6.0,25.0,-10.0,2129.0,LONG,OPPONENT_21_35,TRAILING,EARLY,FIELD_GOAL,0.8021778461767228,0.010368749499320984
7.0,52.0,7.0,1920.0,LONG,OWN_TERRITORY,LEADING,EARLY,PUNT,0.016290887142531574,-0.0037242472171783447
14.0,71.0,-7.0,1836.0,VERY_LONG,OWN_TERRITORY,TRAILING,EARLY,PUNT,-0.08449712989386171,0.012913718819618225
7.0,72.0,7.0,1807.0,LONG,OWN_TERRITORY,LEADING,EARLY,PUNT,0.00963028270052746,0.041123002767562866
7.0,34.0,-7.0,1516.0,LONG,OPPONENT_21_35,TRAILING,MID,FIELD_GOAL,1.548632532736937,0.04998336732387543
8.0,23.0,-11.0,1166.0,LONG,OPPONENT_21_35,TRAILING,MID,FIELD_GOAL,0.6158905921732294,0.007303506135940552
3.0,24.0,-15.0,533.0,MEDIUM,OPPONENT_21_35,TRAILING,MID,GO,4.501161148829851,0.06675713413953788
8.0,8.0,7.0,120.0,LONG,RED_ZONE,LEADING,LATE,FIELD_GOAL,0.09222288810254842,0.0027048736810684204
7.0,7.0,0.0,3166.0,LONG,RED_ZONE,TIED,EARLY,FIELD_GOAL,0.08176372566700874,-0.01491895318031311
6.0,16.0,-3.0,3000.0,LONG,RED_ZONE,TRAILING,EARLY,FIELD_GOAL,0.2771537677707707,-0.024155408143997192
5.0,43.0,0.0,2878.0,MEDIUM,MIDFIELD,TIED,EARLY,PUNT,-0.3071004832163453,0.03366544842720032
29.0,79.0,-7.0,2394.0,VERY_LONG,OWN_TERRITORY,TRAILING,EARLY,PUNT,0.3597042553592473,0.0463709682226181
9.0,70.0,7.0,2296.0,LONG,OWN_TERRITORY,LEADING,EARLY,PUNT,-0.4872317716944963,0.0045795738697052
8.0,76.0,-14.0,1836.0,LONG,OWN_TERRITORY,TRAILING,EARLY,PUNT,-0.08617499927640893,-0.015502490103244781
3.0,57.0,20.0,1713.0,MEDIUM,OWN_TERRITORY,LEADING,MID,PUNT,-0.5173657317645848,-0.014639973640441895
17.0,66.0,-20.0,1560.0,VERY_LONG,OWN_TERRITORY,TRAILING,MID,PUNT,0.8275790428742766,0.005930107086896896
9.0,74.0,20.0,1378.0,LONG,OWN_TERRITORY,LEADING,MID,PUNT,-0.1914917128160596,-0.01645093783736229
1.0,47.0,-20.0,1221.0,SHORT,MIDFIELD,TRAILING,MID,GO,-3.540639827027917,-0.01860080286860466
16.0,30.0,-27.0,961.0,VERY_LONG,OPPONENT_21_35,TRAILING,MID,FIELD_GOAL,1.515241965952374,0.00012607406824827194
6.0,61.0,24.0,896.0,LONG,OWN_TERRITORY,LEADING,MID,PUNT,-0.7885428001172841,-0.0038737603463232517
1.0,44.0,-24.0,827.0,SHORT,MIDFIELD,TRAILING,MID,GO,-2.278726565418765,-0.00215447461232543
7.0,68.0,24.0,737.0,LONG,OWN_TERRITORY,LEADING,MID,PUNT,0.15627712476998568,-0.0024669368285685778
5.0,17.0,-24.0,521.0,MEDIUM,RED_ZONE,TRAILING,MID,GO,3.713229492364917,0.001254684233572334
4.0,63.0,0.0,3510.0,MEDIUM,OWN_TERRITORY,TIED,EARLY,PUNT,-0.04880656115710735,0.004457443952560425
7.0,77.0,0.0,3442.0,LONG,OWN_TERRITORY,TIED,EARLY,PUNT,0.38726917188614607,0.016742408275604248
13.0,37.0,0.0,3113.0,VERY_LONG,MIDFIELD,TIED,EARLY,FIELD_GOAL,2.388315779313681,0.05930069088935852
8.0,13.0,-3.0,2732.0,LONG,RED_ZONE,TRAILING,EARLY,FIELD_GOAL,0.19832441873028595,-0.007168024778366089
21.0,47.0,0.0,2519.0,VERY_LONG,MIDFIELD,TIED,EARLY,PUNT,0.12802967429161072,0.03832414746284485
8.0,64.0,-7.0,2098.0,LONG,OWN_TERRITORY,TRAILING,EARLY,PUNT,0.580697780707851,0.01365572214126587
15.0,53.0,7.0,1947.0,VERY_LONG,OWN_TERRITORY,LEADING,EARLY,PUNT,-0.6272870213724673,-0.005662262439727783
5.0,59.0,-7.0,1886.0,MEDIUM,OWN_TERRITORY,TRAILING,EARLY,PUNT,-0.48629722418263555,0.013420432806015015
6.0,85.0,7.0,1862.0,LONG,OWN_TERRITORY,LEADING,EARLY,PUNT,-0.8391833168570884,0.001654595136642456
13.0,59.0,-7.0,1815.0,VERY_LONG,OWN_TERRITORY,TRAILING,EARLY,PUNT,-0.08263130427803844,0.04710310697555542
15.0,42.0,-14.0,1345.0,VERY_LONG,MIDFIELD,TRAILING,MID,PUNT,0.11085279798135161,0.006330743432044983
6.0,68.0,14.0,1226.0,LONG,OWN_TERRITORY,LEADING,MID,PUNT,0.3551142290234566,-0.0005029067397117615
2.0,72.0,-14.0,1132.0,SHORT,OWN_TERRITORY,TRAILING,MID,PUNT,-1.2419319169130176,-0.010369062423706055
26.0,72.0,14.0,1068.0,VERY_LONG,OWN_TERRITORY,LEADING,MID,PUNT,-0.3458511249627918,-0.013512074947357178
16.0,78.0,7.0,682.0,VERY_LONG,OWN_TERRITORY,LEADING,MID,PUNT,0.794874966610223,0.027557536959648132
8.0,55.0,-1.0,313.0,LONG,OWN_TERRITORY,TRAILING,MID,PUNT,-0.8424017613288015,-0.10463839769363403
14.0,18.0,1.0,74.0,VERY_LONG,RED_ZONE,LEADING,LATE,FIELD_GOAL,0.3361345753716658,-0.10679022967815399
15.0,43.0,-7.0,3199.0,VERY_LONG,MIDFIELD,TRAILING,EARLY,PUNT,-0.49140750570222735,-0.0012950897216796875
4.0,66.0,-7.0,2911.0,MEDIUM,OWN_TERRITORY,TRAILING,EARLY,PUNT,0.6836111885495484,0.0005481839179992676
13.0,66.0,7.0,2700.0,VERY_LONG,OWN_TERRITORY,LEADING,EARLY,PUNT,1.266202780418098,0.017455875873565674
7.0,55.0,-14.0,2323.0,LONG,OWN_TERRITORY,TRAILING,EARLY,PUNT,-0.4380998481065035,0.010456040501594543
2.0,56.0,14.0,2193.0,SHORT,OWN_TERRITORY,LEADING,EARLY,PUNT,0.1638247842201963,0.0025409460067749023
6.0,41.0,14.0,2034.0,LONG,MIDFIELD,LEADING,EARLY,PUNT,-0.4336715118843131,-0.0013379603624343872
4.0,32.0,-14.0,1803.0,MEDIUM,OPPONENT_21_35,TRAILING,EARLY,FIELD_GOAL,1.0253117870477049,0.052852824330329895
3.0,65.0,-18.0,1503.0,MEDIUM,OWN_TERRITORY,TRAILING,MID,PUNT,0.05330078862607479,0.0061942823231220245
4.0,67.0,18.0,760.0,MEDIUM,OWN_TERRITORY,LEADING,MID,PUNT,-0.647618621122092,-0.0013675931841135025
14.0,44.0,11.0,120.0,VERY_LONG,MIDFIELD,LEADING,LATE,PUNT,-0.27812167641241103,-0.008391070179641247
3.0,9.0,-7.0,2821.0,MEDIUM,RED_ZONE,TRAILING,EARLY,FIELD_GOAL,0.11274725589360379,0.0028994083404541016
13.0,32.0,4.0,2483.0,VERY_LONG,OPPONENT_21_35,LEADING,EARLY,FIELD_GOAL,1.6746629420942325,0.06250220537185669
29.0,94.0,-7.0,2373.0,VERY_LONG,OWN_TERRITORY,TRAILING,EARLY,PUNT,-0.6290299582760781,-0.02225947380065918
9.0,63.0,-14.0,2051.0,LONG,OWN_TERRITORY,TRAILING,EARLY,PUNT,-0.007689201971516013,0.00025966763496398926
7.0,77.0,-28.0,1475.0,LONG,OWN_TERRITORY,TRAILING,MID,PUNT,0.4656257606111467,-0.00020538282115012407
2.0,39.0,28.0,1259.0,SHORT,MIDFIELD,LEADING,MID,FIELD_GOAL,2.7622596940895043,0.0008931711781769991
1.0,56.0,24.0,933.0,SHORT,OWN_TERRITORY,LEADING,MID,GO,2.5384248413611203,0.0009400844573974609
5.0,16.0,31.0,634.0,MEDIUM,RED_ZONE,LEADING,MID,FIELD_GOAL,0.2941963765049933,0.00012740503007080406
7.0,62.0,-34.0,546.0,LONG,OWN_TERRITORY,TRAILING,MID,PUNT,0.26140521839261055,0.00004320810694480315
9.0,76.0,34.0,458.0,LONG,OWN_TERRITORY,LEADING,MID,PUNT,-0.2892141677439213,0.0000709604355506599
2.0,62.0,0.0,3513.0,SHORT,OWN_TERRITORY,TIED,EARLY,PUNT,0.3601491164881736,0.016439378261566162
2.0,46.0,0.0,3278.0,SHORT,MIDFIELD,TIED,EARLY,PUNT,-0.6827851911075413,-0.018328577280044556
2.0,78.0,0.0,3218.0,SHORT,OWN_TERRITORY,TIED,EARLY,PUNT,0.45915912836790085,0.0327877402305603
1.0,1.0,-7.0,2621.0,SHORT,RED_ZONE,TRAILING,EARLY,GO,-4.1904879358480684,-0.05745476484298706
8.0,63.0,7.0,1866.0,LONG,OWN_TERRITORY,LEADING,EARLY,PUNT,0.04789105738746002,0.0011162161827087402
2.0,59.0,7.0,1704.0,SHORT,OWN_TERRITORY,LEADING,MID,PUNT,0.09564608987420797,-0.015565812587738037
10.0,44.0,-7.0,838.0,LONG,MIDFIELD,TRAILING,MID,PUNT,-0.08740513119846582,0.025435835123062134
5.0,34.0,0.0,493.0,MEDIUM,OPPONENT_21_35,TIED,MID,FIELD_GOAL,2.002934671626229,0.11172124743461609
1.0,62.0,0.0,3503.0,SHORT,OWN_TERRITORY,TIED,EARLY,PUNT,-0.42457056138664484,0.008658379316329956
6.0,6.0,0.0,2904.0,LONG,RED_ZONE,TIED,EARLY,FIELD_GOAL,0.06933611732061218,-0.006104826927185059
17.0,64.0,-4.0,2378.0,VERY_LONG,OWN_TERRITORY,TRAILING,EARLY,PUNT,-4.443549158168025,-0.0931161642074585
8.0,62.0,-17.0,1686.0,LONG,OWN_TERRITORY,TRAILING,MID,PUNT,-0.919425854459405,-0.008701518177986145
1.0,56.0,-29.0,1135.0,SHORT,OWN_TERRITORY,TRAILING,MID,GO,-3.2497309979517013,-0.00015962508041411638
1.0,30.0,-37.0,856.0,SHORT,OPPONENT_21_35,TRAILING,MID,GO,2.183664016716648,-0.000020911364117637277
19.0,19.0,-37.0,703.0,VERY_LONG,RED_ZONE,TRAILING,MID,FIELD_GOAL,0.44522362735276966,-0.00003856750117847696
13.0,56.0,34.0,412.0,VERY_LONG,OWN_TERRITORY,LEADING,MID,PUNT,0.273365905508399,0.00008247299410868436
21.0,25.0,0.0,3248.0,VERY_LONG,OPPONENT_21_35,TIED,EARLY,FIELD_GOAL,0.8737433225838238,0.0334031879901886
5.0,40.0,3.0,2892.0,MEDIUM,MIDFIELD,LEADING,EARLY,GO,3.3277435324853286,0.08908635377883911
5.0,48.0,-17.0,2217.0,MEDIUM,MIDFIELD,TRAILING,EARLY,GO,3.970727030595299,0.06962615996599197
15.0,80.0,10.0,1914.0,VERY_LONG,OWN_TERRITORY,LEADING,EARLY,PUNT,0.6277042595902458,0.03702627122402191
24.0,31.0,-7.0,1639.0,VERY_LONG,OPPONENT_21_35,TRAILING,MID,FIELD_GOAL,1.717609811868198,0.08013731241226196
3.0,68.0,4.0,1485.0,MEDIUM,OWN_TERRITORY,LEADING,MID,PUNT,0.5723804826848209,0.016634881496429443
7.0,72.0,-4.0,1328.0,LONG,OWN_TERRITORY,TRAILING,MID,PUNT,0.5424665613099933,0.04836055636405945
8.0,63.0,4.0,1179.0,LONG,OWN_TERRITORY,LEADING,MID,PUNT,0.9831861879210919,0.05603611469268799
2.0,72.0,-4.0,915.0,SHORT,OWN_TERRITORY,TRAILING,MID,PUNT,-0.483726107981056,0.00790029764175415
7.0,63.0,4.0,809.0,LONG,OWN_TERRITORY,LEADING,MID,PUNT,-0.3284608004614711,0.0027701854705810547
6.0,71.0,-4.0,753.0,LONG,OWN_TERRITORY,TRAILING,MID,PUNT,-0.016898902133107185,0.010030984878540039
7.0,55.0,4.0,623.0,LONG,OWN_TERRITORY,LEADING,MID,PUNT,-0.13162974757142365,0.018776774406433105
5.0,33.0,-4.0,211.0,MEDIUM,OPPONENT_21_35,TRAILING,LATE,GO,3.258234640932642,0.2725880742073059
17.0,85.0,-3.0,70.0,VERY_LONG,OWN_TERRITORY,TRAILING,LATE,PUNT,0.10077014937996864,-0.043384164571762085
3.0,53.0,0.0,3488.0,MEDIUM,OWN_TERRITORY,TIED,EARLY,PUNT,0.8529946301132441,0.025142639875411987
1.0,6.0,0.0,3195.0,SHORT,RED_ZONE,TIED,EARLY,GO,2.1853601959883235,0.06034994125366211
8.0,54.0,0.0,2677.0,LONG,OWN_TERRITORY,TIED,EARLY,PUNT,0.14363573025912046,0.028252094984054565
3.0,50.0,0.0,2464.0,MEDIUM,MIDFIELD,TIED,EARLY,PUNT,-0.017089835135266185,-0.0018107891082763672
2.0,81.0,0.0,2329.0,SHORT,OWN_TERRITORY,TIED,EARLY,PUNT,1.2573506007902324,0.05977851152420044
1.0,77.0,0.0,2186.0,SHORT,OWN_TERRITORY,TIED,EARLY,PUNT,-0.09097113879397511,0.020071297883987427
13.0,66.0,0.0,2053.0,VERY_LONG,OWN_TERRITORY,TIED,EARLY,PUNT,0.8010027189739048,0.05685371160507202
2.0,81.0,0.0,1961.0,SHORT,OWN_TERRITORY,TIED,EARLY,PUNT,-0.388762294780463,0.000459820032119751
1.0,57.0,0.0,1894.0,SHORT,OWN_TERRITORY,TIED,EARLY,GO,1.4241066166432574,0.07153970003128052
13.0,13.0,0.0,1813.0,VERY_LONG,RED_ZONE,TIED,EARLY,FIELD_GOAL,0.1574839485694577,0.024741381406784058
1.0,11.0,-4.0,1177.0,SHORT,RED_ZONE,TRAILING,MID,GO,1.5284813670441508,0.07726901769638062
15.0,79.0,-3.0,970.0,VERY_LONG,OWN_TERRITORY,TRAILING,MID,PUNT,2.9550059642642736,0.04181218147277832
1.0,90.0,3.0,857.0,SHORT,OWN_TERRITORY,LEADING,MID,PUNT,-0.7766115572303534,-0.12595754861831665
6.0,66.0,3.0,751.0,LONG,OWN_TERRITORY,LEADING,MID,PUNT,-0.11988640483468771,-0.027656525373458862
6.0,33.0,-3.0,586.0,LONG,OPPONENT_21_35,TRAILING,MID,FIELD_GOAL,-3.1504158532299966,-0.15236765146255493
8.0,42.0,3.0,422.0,LONG,MIDFIELD,LEADING,MID,PUNT,-0.7428064327687025,-0.07175415754318237
23.0,82.0,-3.0,218.0,VERY_LONG,OWN_TERRITORY,TRAILING,LATE,PUNT,-0.12531949067488313,0.005061060190200806
11.0,60.0,3.0,196.0,VERY_LONG,OWN_TERRITORY,LEADING,LATE,PUNT,-0.27398506039753556,0.019075512886047363
9.0,54.0,0.0,3446.0,LONG,OWN_TERRITORY,TIED,EARLY,PUNT,0.22041646810248494,0.021016210317611694
10.0,42.0,0.0,3084.0,LONG,MIDFIELD,TIED,EARLY,PUNT,-0.6996755381114781,-0.01506921648979187
3.0,50.0,0.0,2844.0,MEDIUM,MIDFIELD,TIED,EARLY,PUNT,-0.34957941668108106,-0.005078613758087158
11.0,12.0,0.0,2759.0,VERY_LONG,RED_ZONE,TIED,EARLY,FIELD_GOAL,0.16086140346166156,0.0006350576877593994
6.0,13.0,-3.0,2377.0,LONG,RED_ZONE,TRAILING,EARLY,FIELD_GOAL,0.19837223617461053,0.006217330694198608
8.0,52.0,0.0,2194.0,LONG,OWN_TERRITORY,TIED,EARLY,PUNT,0.22831016196869314,0.0168628990650177
15.0,73.0,0.0,1952.0,VERY_LONG,OWN_TERRITORY,TIED,EARLY,PUNT,-0.30320459336508065,0.03300943970680237
7.0,73.0,3.0,361.0,LONG,OWN_TERRITORY,LEADING,MID,PUNT,0.6212907191365957,0.0010851919651031494
10.0,27.0,-3.0,141.0,LONG,OPPONENT_21_35,TRAILING,LATE,FIELD_GOAL,1.0909922966254821,0.029874414205551147
5.0,34.0,0.0,20.0,MEDIUM,OPPONENT_21_35,TIED,LATE,FIELD_GOAL,1.3101921678751764,0.291528545320034
11.0,92.0,0.0,3531.0,VERY_LONG,OWN_TERRITORY,TIED,EARLY,PUNT,0.30942495400086045,0.04092046618461609
8.0,10.0,-7.0,2804.0,LONG,RED_ZONE,TRAILING,EARLY,FIELD_GOAL,0.08417771057051882,-0.014352291822433472
12.0,35.0,-11.0,2266.0,VERY_LONG,OPPONENT_21_35,TRAILING,EARLY,FIELD_GOAL,1.6672873490604856,0.053451865911483765
4.0,48.0,8.0,2134.0,MEDIUM,MIDFIELD,LEADING,EARLY,PUNT,-0.655893174232915,-0.03616763651371002
7.0,57.0,1.0,1962.0,LONG,OWN_TERRITORY,LEADING,EARLY,PUNT,-0.5930608720518649,-0.05429500341415405
11.0,34.0,-1.0,1890.0,VERY_LONG,OPPONENT_21_35,TRAILING,EARLY,FIELD_GOAL,-3.737450877969926,-0.11593151092529297
1.0,55.0,-2.0,1665.0,SHORT,OWN_TERRITORY,TRAILING,MID,GO,2.6248676548711956,0.06729725003242493
9.0,9.0,2.0,1317.0,LONG,RED_ZONE,LEADING,MID,FIELD_GOAL,0.06871172420994576,-0.03349915146827698
1.0,44.0,-12.0,770.0,SHORT,MIDFIELD,TRAILING,MID,GO,2.2241413660813123,0.02967427670955658
6.0,38.0,-12.0,606.0,LONG,MIDFIELD,TRAILING,MID,GO,-0.5687339992728084,-0.014816589653491974
1.0,68.0,12.0,397.0,SHORT,OWN_TERRITORY,LEADING,MID,PUNT,-1.7911096217576414,-0.0015134811401367188
3.0,57.0,-12.0,353.0,MEDIUM,OWN_TERRITORY,TRAILING,MID,GO,2.8736620841082186,0.017121218144893646
5.0,40.0,12.0,252.0,MEDIUM,MIDFIELD,LEADING,LATE,GO,1.8329431105521508,0.005789577960968018
6.0,28.0,12.0,120.0,LONG,OPPONENT_21_35,LEADING,LATE,FIELD_GOAL,-3.8637417828750427,-0.010784044861793518
9.0,17.0,-12.0,49.0,LONG,RED_ZONE,TRAILING,LATE,GO,-2.220752335852012,-0.00927136093378067
14.0,60.0,-7.0,3131.0,VERY_LONG,OWN_TERRITORY,TRAILING,EARLY,PUNT,0.6093150444794446,0.002411574125289917
1.0,50.0,7.0,2959.0,SHORT,MIDFIELD,LEADING,EARLY,GO,2.3505723318085074,0.04308497905731201
1.0,39.0,7.0,2831.0,SHORT,MIDFIELD,LEADING,EARLY,GO,2.3833034283015877,0.044863998889923096
1.0,41.0,-14.0,2411.0,SHORT,MIDFIELD,TRAILING,EARLY,GO,2.1344787846319377,0.04508109390735626
5.0,48.0,14.0,2178.0,MEDIUM,MIDFIELD,LEADING,EARLY,PUNT,-0.5913763092830777,0.0018354803323745728
2.0,19.0,7.0,1802.0,SHORT,RED_ZONE,LEADING,EARLY,FIELD_GOAL,0.3032948492730885,-0.03792807459831238
6.0,35.0,-10.0,1671.0,LONG,OPPONENT_21_35,TRAILING,MID,FIELD_GOAL,-3.3975983813386827,-0.09060628712177277
2.0,2.0,10.0,1296.0,SHORT,RED_ZONE,LEADING,MID,FIELD_GOAL,0.010038495528252422,-0.012110874056816101
1.0,64.0,6.0,1006.0,SHORT,OWN_TERRITORY,LEADING,MID,GO,2.3039188887923956,0.06768691539764404
4.0,56.0,6.0,855.0,MEDIUM,OWN_TERRITORY,LEADING,MID,PUNT,-0.3613822825718671,0.007081419229507446
8.0,63.0,0.0,559.0,LONG,OWN_TERRITORY,TIED,MID,PUNT,-1.056899698683992,0.031242966651916504
1.0,61.0,0.0,498.0,SHORT,OWN_TERRITORY,TIED,MID,PUNT,0.3589471054729074,0.059775739908218384
11.0,41.0,0.0,177.0,VERY_LONG,MIDFIELD,TIED,LATE,FIELD_GOAL,2.645669703416904,0.24701067805290222
8.0,97.0,3.0,53.0,LONG,OWN_TERRITORY,LEADING,LATE,PUNT,-0.7164373939740472,-0.157260000705719
3.0,43.0,-3.0,25.0,MEDIUM,MIDFIELD,TRAILING,LATE,GO,1.5783629036741331,0.12101604044437408
12.0,23.0,0.0,355.0,VERY_LONG,OPPONENT_21_35,TIED,MID,FIELD_GOAL,0.7832303760718848,-0.3944262418419834
1.0,11.0,-3.0,221.0,SHORT,RED_ZONE,TRAILING,LATE,GO,-3.4216423407779075,-0.798678015358746
5.0,12.0,0.0,3180.0,MEDIUM,RED_ZONE,TIED,EARLY,FIELD_GOAL,0.15703468148634858,-0.004468441009521484
3.0,26.0,-3.0,2950.0,MEDIUM,OPPONENT_21_35,TRAILING,EARLY,FIELD_GOAL,-3.328800612062817,-0.1412612795829773
4.0,18.0,3.0,2651.0,MEDIUM,RED_ZONE,LEADING,EARLY,FIELD_GOAL,0.3812470395302081,0.046434491872787476
5.0,44.0,-6.0,2489.0,MEDIUM,MIDFIELD,TRAILING,EARLY,PUNT,-0.15082490048371255,-0.015101373195648193
8.0,92.0,6.0,2358.0,LONG,OWN_TERRITORY,LEADING,EARLY,PUNT,0.08898880681954324,-0.008205056190490723
17.0,41.0,0.0,448.0,VERY_LONG,MIDFIELD,TIED,MID,PUNT,0.5435287343570963,0.06877586245536804
2.0,21.0,0.0,205.0,SHORT,OPPONENT_21_35,TIED,LATE,GO,4.439747104654089,0.25078616038502244
8.0,26.0,-7.0,3004.0,LONG,OPPONENT_21_35,TRAILING,EARLY,FIELD_GOAL,0.8418787193317656,0.024763524532318115
11.0,63.0,-11.0,2646.0,VERY_LONG,OWN_TERRITORY,TRAILING,EARLY,PUNT,-0.34905990958213806,0.0033850520849227905
1.0,65.0,11.0,2552.0,SHORT,OWN_TERRITORY,LEADING,EARLY,PUNT,-1.1421806800644845,-0.008919909596443176
9.0,33.0,-18.0,2314.0,LONG,OPPONENT_21_35,TRAILING,EARLY,FIELD_GOAL,1.5218809921641083,-0.03089813143014908
25.0,78.0,15.0,2105.0,VERY_LONG,OWN_TERRITORY,LEADING,EARLY,PUNT,1.3476966370362788,0.021357089281082153
5.0,61.0,-15.0,1932.0,MEDIUM,OWN_TERRITORY,TRAILING,EARLY,PUNT,-0.2997048395918682,0.003098614513874054
18.0,97.0,15.0,1900.0,VERY_LONG,OWN_TERRITORY,LEADING,EARLY,PUNT,-0.7322554680285975,0.012167394161224365
10.0,40.0,-15.0,1854.0,LONG,MIDFIELD,TRAILING,EARLY,GO,-2.8073515494470485,-0.019910797476768494
8.0,46.0,15.0,1814.0,LONG,MIDFIELD,LEADING,EARLY,PUNT,-0.5036327347625047,0.005454003810882568
2.0,64.0,-15.0,1671.0,SHORT,OWN_TERRITORY,TRAILING,MID,PUNT,-0.786907915957272,-0.012333907186985016
1.0,65.0,-15.0,1102.0,SHORT,OWN_TERRITORY,TRAILING,MID,PUNT,-0.39573478093370795,-0.014773719012737274
9.0,83.0,15.0,1048.0,LONG,OWN_TERRITORY,LEADING,MID,PUNT,0.15789019991643727,-0.015343107283115387
4.0,57.0,-15.0,955.0,MEDIUM,OWN_TERRITORY,TRAILING,MID,PUNT,0.3054325196426362,-0.024169031530618668
9.0,69.0,9.0,533.0,LONG,OWN_TERRITORY,LEADING,MID,PUNT,0.18285112734884024,0.023083560168743134
8.0,65.0,2.0,120.0,LONG,OWN_TERRITORY,LEADING,LATE,PUNT,-0.13848576543387026,-0.14004287123680115
11.0,11.0,-2.0,3.0,VERY_LONG,RED_ZONE,TRAILING,LATE,FIELD_GOAL,0.12602579020192062,0.37041735649108887
5.0,53.0,-7.0,3209.0,MEDIUM,OWN_TERRITORY,TRAILING,EARLY,PUNT,-1.1296491909306496,-0.003984600305557251
11.0,37.0,7.0,2882.0,VERY_LONG,MIDFIELD,LEADING,EARLY,FIELD_GOAL,1.994850221872908,0.05424334108829498
5.0,62.0,-10.0,2704.0,MEDIUM,OWN_TERRITORY,TRAILING,EARLY,PUNT,-0.28868698328733444,0.04221463203430176
14.0,61.0,3.0,1905.0,VERY_LONG,OWN_TERRITORY,LEADING,EARLY,PUNT,0.07558394758962095,0.040786802768707275
23.0,85.0,-7.0,1411.0,VERY_LONG,OWN_TERRITORY,TRAILING,MID,PUNT,0.032582772662863135,0.008925244212150574
10.0,18.0,7.0,1252.0,LONG,RED_ZONE,LEADING,MID,FIELD_GOAL,0.3288029416281768,-0.03656040132045746
2.0,39.0,-10.0,1015.0,SHORT,MIDFIELD,TRAILING,MID,GO,-2.928570929914713,-0.030483365058898926
7.0,8.0,10.0,74.0,LONG,RED_ZONE,LEADING,LATE,GO,4.672184085124172,0.0012109864530522874
4.0,36.0,-17.0,5.0,MEDIUM,MIDFIELD,TRAILING,LATE,GO,-1.1884617891628295,-0.0006009454955346882
4.0,59.0,-7.0,3313.0,MEDIUM,OWN_TERRITORY,TRAILING,EARLY,PUNT,-0.2072490407153964,-0.021216094493865967
11.0,85.0,7.0,3184.0,VERY_LONG,OWN_TERRITORY,LEADING,EARLY,PUNT,-0.13886176305823028,-0.0023196935653686523
3.0,64.0,0.0,2715.0,MEDIUM,OWN_TERRITORY,TIED,EARLY,PUNT,0.4152505265083164,0.03167378902435303
15.0,96.0,0.0,2652.0,VERY_LONG,OWN_TERRITORY,TIED,EARLY,PUNT,1.2483681931626052,0.06958156824111938
16.0,22.0,-7.0,1919.0,VERY_LONG,OPPONENT_21_35,TRAILING,EARLY,FIELD_GOAL,0.578282537421686,0.0409604012966156
9.0,57.0,4.0,1836.0,LONG,OWN_TERRITORY,LEADING,EARLY,PUNT,-0.3540615606470965,0.009022295475006104
6.0,27.0,-3.0,1176.0,LONG,OPPONENT_21_35,TRAILING,MID,FIELD_GOAL,1.0069885600196717,0.06667578220367432
13.0,26.0,0.0,576.0,VERY_LONG,OPPONENT_21_35,TIED,MID,FIELD_GOAL,0.8582269045177573,0.11402538418769836
7.0,9.0,-4.0,58.0,LONG,RED_ZONE,TRAILING,LATE,GO,-2.937534488795791,-0.3848762512207031
17.0,65.0,0.0,3097.0,VERY_LONG,OWN_TERRITORY,TIED,EARLY,PUNT,-0.1759316590614617,0.00963890552520752
10.0,74.0,0.0,3032.0,LONG,OWN_TERRITORY,TIED,EARLY,PUNT,-0.32486993074417114,0.0012667179107666016
23.0,57.0,-7.0,2519.0,VERY_LONG,OWN_TERRITORY,TRAILING,EARLY,PUNT,0.05808123713359237,0.018090546131134033
3.0,51.0,-14.0,2301.0,MEDIUM,OWN_TERRITORY,TRAILING,EARLY,PUNT,-0.06601505575235933,0.00047904253005981445
3.0,33.0,14.0,1920.0,MEDIUM,OPPONENT_21_35,LEADING,EARLY,GO,-3.284001374617219,-0.037564754486083984
6.0,62.0,-14.0,1882.0,LONG,OWN_TERRITORY,TRAILING,EARLY,PUNT,-0.3346699436660856,-0.007755830883979797
8.0,71.0,14.0,1821.0,LONG,OWN_TERRITORY,LEADING,EARLY,PUNT,-0.19147014795453288,0.016408145427703857
13.0,66.0,7.0,1277.0,VERY_LONG,OWN_TERRITORY,LEADING,MID,PUNT,0.2437182259745896,0.010305255651473999
2.0,46.0,-7.0,964.0,SHORT,MIDFIELD,TRAILING,MID,GO,-3.0637657698243856,-0.04496966302394867
12.0,19.0,7.0,751.0,VERY_LONG,RED_ZONE,LEADING,MID,FIELD_GOAL,-4.451944037408775,-0.07783189415931702
5.0,56.0,-7.0,624.0,MEDIUM,OWN_TERRITORY,TRAILING,MID,PUNT,-0.37242653453722596,-0.0005114972591400146
2.0,77.0,7.0,523.0,SHORT,OWN_TERRITORY,LEADING,MID,PUNT,-0.49243664322420955,-0.015799283981323242
10.0,67.0,-7.0,415.0,LONG,OWN_TERRITORY,TRAILING,MID,PUNT,0.39819053933024406,-0.01226392388343811
15.0,15.0,7.0,107.0,VERY_LONG,RED_ZONE,LEADING,LATE,FIELD_GOAL,0.2441051940392498,-0.0035462230443954468
4.0,29.0,0.0,3345.0,MEDIUM,OPPONENT_21_35,TIED,EARLY,FIELD_GOAL,1.2847529171925456,0.029853016138076782
8.0,30.0,3.0,2850.0,LONG,OPPONENT_21_35,LEADING,EARLY,FIELD_GOAL,1.3919092762287066,0.05987811088562012
1.0,31.0,6.0,2135.0,SHORT,OPPONENT_21_35,LEADING,EARLY,GO,-3.5065911575220525,-0.11500155925750732
7.0,32.0,-6.0,1874.0,LONG,OPPONENT_21_35,TRAILING,EARLY,FIELD_GOAL,-3.0657174127823623,-0.1236291229724884
12.0,62.0,6.0,1825.0,VERY_LONG,OWN_TERRITORY,LEADING,EARLY,PUNT,-0.021262518188450485,-0.0363805890083313
16.0,35.0,-6.0,1623.0,VERY_LONG,OPPONENT_21_35,TRAILING,MID,FIELD_GOAL,2.3283260989141246,0.12462252378463745
18.0,23.0,3.0,1389.0,VERY_LONG,OPPONENT_21_35,LEADING,MID,FIELD_GOAL,0.7005321712942245,0.07076966762542725
2.0,47.0,-6.0,1170.0,SHORT,MIDFIELD,TRAILING,MID,GO,3.167155140894465,0.08258798718452454
6.0,30.0,-1.0,900.0,LONG,OPPONENT_21_35,TRAILING,MID,FIELD_GOAL,-3.6090000900248214,-0.1335863471031189
10.0,39.0,2.0,484.0,LONG,MIDFIELD,LEADING,MID,PUNT,-0.32966844155453146,-0.11019745469093323
2.0,83.0,-2.0,372.0,SHORT,OWN_TERRITORY,TRAILING,MID,PUNT,-0.40554698719643056,-0.07444062829017639
1.0,26.0,0.0,3351.0,SHORT,OPPONENT_21_35,TIED,EARLY,GO,1.8688797523500398,0.06953132152557373
9.0,63.0,0.0,3106.0,LONG,OWN_TERRITORY,TIED,EARLY,PUNT,0.9417772050946951,0.01613306999206543
6.0,25.0,0.0,2660.0,LONG,OPPONENT_21_35,TIED,EARLY,FIELD_GOAL,0.9410867219747465,0.030423402786254883
10.0,55.0,-3.0,2556.0,LONG,OWN_TERRITORY,TRAILING,EARLY,PUNT,0.010724521242082119,0.00031444430351257324
6.0,80.0,3.0,2428.0,LONG,OWN_TERRITORY,LEADING,EARLY,PUNT,-0.19490622775629163,0.0006075799465179443
5.0,58.0,-3.0,2302.0,MEDIUM,OWN_TERRITORY,TRAILING,EARLY,PUNT,-0.4470165139064193,-0.0144558846950531
12.0,62.0,-10.0,1981.0,VERY_LONG,OWN_TERRITORY,TRAILING,EARLY,PUNT,0.10742041189223528,0.0030783861875534058
5.0,42.0,10.0,1873.0,MEDIUM,MIDFIELD,LEADING,EARLY,PUNT,-0.6081949528888799,-0.012933239340782166
1.0,49.0,-10.0,1801.0,SHORT,MIDFIELD,TRAILING,EARLY,FIELD_GOAL,-0.709901285559206,0.008990064263343811
2.0,2.0,-10.0,1190.0,SHORT,RED_ZONE,TRAILING,MID,GO,3.928351894428488,0.06772668381747471
8.0,27.0,-10.0,647.0,LONG,OPPONENT_21_35,TRAILING,MID,FIELD_GOAL,1.0003059420481208,-0.00012505799531936646
5.0,19.0,-14.0,257.0,MEDIUM,RED_ZONE,TRAILING,LATE,GO,4.55369979981333,0.0433547361195088
2.0,21.0,6.0,116.0,SHORT,OPPONENT_21_35,LEADING,LATE,FIELD_GOAL,0.5245249088283441,-0.0017442144453525543
6.0,38.0,-9.0,46.0,LONG,MIDFIELD,TRAILING,LATE,FIELD_GOAL,-1.05595976968335,-0.028624247759580612
11.0,26.0,0.0,3359.0,VERY_LONG,OPPONENT_21_35,TIED,EARLY,FIELD_GOAL,1.028666525412967,0.03854948282241821
19.0,64.0,-3.0,3189.0,VERY_LONG,OWN_TERRITORY,TRAILING,EARLY,PUNT,0.9020560486242175,0.012372910976409912
12.0,63.0,3.0,2942.0,VERY_LONG,OWN_TERRITORY,LEADING,EARLY,PUNT,-0.5689453289378434,0.002469569444656372
8.0,50.0,-3.0,2712.0,LONG,MIDFIELD,TRAILING,EARLY,PUNT,-1.1254185982979834,-0.019832640886306763
10.0,32.0,3.0,2466.0,LONG,OPPONENT_21_35,LEADING,EARLY,FIELD_GOAL,1.7348472847675527,0.0722087025642395
10.0,72.0,-6.0,2349.0,LONG,OWN_TERRITORY,TRAILING,EARLY,PUNT,0.33353231218643486,0.059991806745529175
7.0,30.0,6.0,2023.0,LONG,OPPONENT_21_35,LEADING,EARLY,FIELD_GOAL,1.2964142795161409,0.05610610544681549
5.0,73.0,-6.0,1742.0,MEDIUM,OWN_TERRITORY,TRAILING,MID,PUNT,0.6149104395881295,0.0358910858631134
10.0,35.0,-13.0,1153.0,LONG,OPPONENT_21_35,TRAILING,MID,FIELD_GOAL,2.243054999018125,0.06610777229070663
3.0,45.0,-17.0,827.0,MEDIUM,MIDFIELD,TRAILING,MID,GO,3.0109969563782215,0.01268983818590641
2.0,30.0,-17.0,719.0,SHORT,OPPONENT_21_35,TRAILING,MID,GO,2.5731439884984866,0.011819593608379364
14.0,14.0,-17.0,573.0,VERY_LONG,RED_ZONE,TRAILING,MID,FIELD_GOAL,0.23136495881457142,-0.002349941059947014
4.0,66.0,14.0,439.0,MEDIUM,OWN_TERRITORY,LEADING,MID,PUNT,-0.7529553207568824,-0.02854267880320549
12.0,58.0,-14.0,249.0,VERY_LONG,OWN_TERRITORY,TRAILING,LATE,GO,-2.426911455055233,-0.012052934616804123
4.0,36.0,14.0,224.0,MEDIUM,MIDFIELD,LEADING,LATE,FIELD_GOAL,-3.0901680972881724,-0.018836040049791336
6.0,14.0,-14.0,87.0,LONG,RED_ZONE,TRAILING,LATE,GO,-2.4814845788641833,-0.002637045457959175
4.0,68.0,0.0,3510.0,MEDIUM,OWN_TERRITORY,TIED,EARLY,PUNT,-0.0001780637539923191,0.008867889642715454
2.0,13.0,0.0,3251.0,SHORT,RED_ZONE,TIED,EARLY,FIELD_GOAL,0.2051695544760208,-0.018316179513931274
5.0,5.0,-3.0,2991.0,MEDIUM,RED_ZONE,TRAILING,EARLY,FIELD_GOAL,0.050383586589108464,-0.03795439004898071
1.0,3.0,0.0,2700.0,SHORT,RED_ZONE,TIED,EARLY,GO,3.066909576416947,0.07043377862936517
4.0,30.0,0.0,2084.0,MEDIUM,OPPONENT_21_35,TIED,EARLY,GO,2.6457604385213926,0.11979517340660095
10.0,37.0,-7.0,1825.0,LONG,MIDFIELD,TRAILING,EARLY,FIELD_GOAL,1.713496756945909,0.08330893516540527
6.0,65.0,-3.0,1493.0,LONG,OWN_TERRITORY,TRAILING,MID,PUNT,0.8821200223173946,0.012943059206008911
11.0,68.0,3.0,1238.0,VERY_LONG,OWN_TERRITORY,LEADING,MID,PUNT,-0.10272369673475623,-0.013593226671218872
9.0,9.0,-3.0,563.0,LONG,RED_ZONE,TRAILING,MID,FIELD_GOAL,0.1018617197407794,-0.004630446434020996
12.0,84.0,0.0,511.0,VERY_LONG,OWN_TERRITORY,TIED,MID,PUNT,-0.5309350932948291,0.052259743213653564
18.0,62.0,0.0,374.0,VERY_LONG,OWN_TERRITORY,TIED,MID,PUNT,0.4436689717695117,0.07950496673583984
4.0,40.0,0.0,151.0,MEDIUM,MIDFIELD,TIED,LATE,GO,2.517004342749715,0.2347322702407837
7.0,34.0,0.0,3365.0,LONG,OPPONENT_21_35,TIED,EARLY,FIELD_GOAL,1.9186750547870064,0.025344789028167725
5.0,39.0,-3.0,3128.0,MEDIUM,MIDFIELD,TRAILING,EARLY,FIELD_GOAL,2.767911280735908,0.048070818185806274
9.0,23.0,0.0,2999.0,LONG,OPPONENT_21_35,TIED,EARLY,FIELD_GOAL,0.6986821161945569,-0.0023502111434936523
5.0,47.0,-3.0,2802.0,MEDIUM,MIDFIELD,TRAILING,EARLY,GO,3.5173531642649323,0.12131112813949585
5.0,69.0,-4.0,2615.0,MEDIUM,OWN_TERRITORY,TRAILING,EARLY,PUNT,0.5353765734471381,0.031457871198654175
5.0,49.0,4.0,2367.0,MEDIUM,MIDFIELD,LEADING,EARLY,PUNT,-0.703344858251512,-0.006844133138656616
18.0,88.0,-4.0,2275.0,VERY_LONG,OWN_TERRITORY,TRAILING,EARLY,PUNT,0.13337978557683527,0.046380043029785156
7.0,45.0,4.0,2009.0,LONG,MIDFIELD,LEADING,EARLY,PUNT,-0.36530176596716046,-0.03547033667564392
1.0,63.0,-4.0,1864.0,SHORT,OWN_TERRITORY,TRAILING,EARLY,GO,1.0702710826299153,0.03622329235076904
8.0,20.0,-4.0,1529.0,LONG,RED_ZONE,TRAILING,MID,FIELD_GOAL,0.4856833549945665,0.003885030746459961
4.0,71.0,1.0,1439.0,MEDIUM,OWN_TERRITORY,LEADING,MID,PUNT,-0.6955526634119451,-0.029741615056991577
8.0,45.0,-1.0,1213.0,LONG,MIDFIELD,TRAILING,MID,PUNT,0.7093289233744144,-0.010938823223114014
13.0,67.0,1.0,1069.0,VERY_LONG,OWN_TERRITORY,LEADING,MID,PUNT,1.0570890977978706,-0.023841530084609985
7.0,79.0,-1.0,975.0,LONG,OWN_TERRITORY,TRAILING,MID,PUNT,1.2807375392876565,-0.008673757314682007
14.0,80.0,1.0,900.0,VERY_LONG,OWN_TERRITORY,LEADING,MID,PUNT,1.2665482703596354,0.010830342769622803
6.0,71.0,-1.0,822.0,LONG,OWN_TERRITORY,TRAILING,MID,PUNT,1.2767349183559418,0.007709711790084839
1.0,70.0,1.0,623.0,SHORT,OWN_TERRITORY,LEADING,MID,PUNT,-0.5481554223224521,-0.03968179225921631
9.0,9.0,-1.0,309.0,LONG,RED_ZONE,TRAILING,MID,FIELD_GOAL,0.10277833424631755,-0.01627826690673828
17.0,74.0,-2.0,223.0,VERY_LONG,OWN_TERRITORY,TRAILING,LATE,PUNT,0.8198894641827792,-0.0016382932662963867
15.0,89.0,2.0,153.0,VERY_LONG,OWN_TERRITORY,LEADING,LATE,PUNT,-0.6983449169201776,-0.01165810227394104
8.0,44.0,-2.0,74.0,LONG,MIDFIELD,TRAILING,LATE,GO,-1.9429307277314365,-0.2987140417098999
10.0,10.0,0.0,3024.0,LONG,RED_ZONE,TIED,EARLY,FIELD_GOAL,0.10055313013266876,-0.019002258777618408
3.0,6.0,-3.0,2774.0,MEDIUM,RED_ZONE,TRAILING,EARLY,GO,3.972274720086716,0.09492913250662882
1.0,40.0,-4.0,2414.0,SHORT,MIDFIELD,TRAILING,EARLY,GO,1.9590291955973953,0.08086001873016357
1.0,19.0,-4.0,2221.0,SHORT,RED_ZONE,TRAILING,EARLY,GO,-3.9035388653283007,-0.10345923900604248
2.0,44.0,4.0,1966.0,SHORT,MIDFIELD,LEADING,EARLY,GO,-2.347562443872448,-0.08931717276573181
2.0,60.0,-3.0,1817.0,SHORT,OWN_TERRITORY,TRAILING,EARLY,PUNT,-0.11509180738357827,-0.011555492877960205
10.0,48.0,-10.0,1310.0,LONG,MIDFIELD,TRAILING,MID,PUNT,0.2624932120088488,0.015526756644248962
2.0,65.0,10.0,1121.0,SHORT,OWN_TERRITORY,LEADING,MID,PUNT,0.02322192071005702,0.024971693754196167
14.0,78.0,-10.0,446.0,VERY_LONG,OWN_TERRITORY,TRAILING,MID,PUNT,-1.0900346965063363,-0.009128965437412262
10.0,15.0,10.0,149.0,LONG,RED_ZONE,LEADING,LATE,FIELD_GOAL,0.23247337569969329,0.00248071551322937
1.0,64.0,-13.0,123.0,SHORT,OWN_TERRITORY,TRAILING,LATE,GO,-2.201428826258052,-0.0066401236690580845
1.0,50.0,0.0,3446.0,SHORT,MIDFIELD,TIED,EARLY,GO,2.288495108950883,0.05057179927825928
2.0,17.0,0.0,3175.0,SHORT,RED_ZONE,TIED,EARLY,FIELD_GOAL,0.36117701791533685,-0.006663620471954346
6.0,72.0,-3.0,3087.0,LONG,OWN_TERRITORY,TRAILING,EARLY,PUNT,-0.21021622302941978,0.006376415491104126
2.0,13.0,-4.0,2739.0,SHORT,RED_ZONE,TRAILING,EARLY,FIELD_GOAL,0.19875422504324636,-0.05871075391769409
10.0,39.0,1.0,2522.0,LONG,MIDFIELD,LEADING,EARLY,FIELD_GOAL,-2.8375597628142675,-0.0783194899559021
8.0,11.0,-1.0,2322.0,LONG,RED_ZONE,TRAILING,EARLY,FIELD_GOAL,0.1521783634949596,-0.006452411413192749
7.0,29.0,-2.0,2074.0,LONG,OPPONENT_21_35,TRAILING,EARLY,FIELD_GOAL,1.22998782547073,0.039494335651397705
14.0,57.0,-1.0,1908.0,VERY_LONG,OWN_TERRITORY,TRAILING,EARLY,PUNT,-0.41077796649187803,-0.023628145456314087
2.0,9.0,1.0,1804.0,SHORT,RED_ZONE,LEADING,EARLY,FIELD_GOAL,0.08991615381855755,-0.006105870008468628
18.0,78.0,-10.0,1051.0,VERY_LONG,OWN_TERRITORY,TRAILING,MID,PUNT,1.4565488379448652,0.05032261461019516
2.0,17.0,10.0,770.0,SHORT,RED_ZONE,LEADING,MID,FIELD_GOAL,0.3451643761898002,0.015459641814231873
9.0,65.0,6.0,390.0,LONG,OWN_TERRITORY,LEADING,MID,PUNT,0.3187570427544415,-0.02003738284111023
8.0,15.0,-1.0,9.0,LONG,RED_ZONE,TRAILING,LATE,FIELD_GOAL,0.20321946009646608,0.21056398749351501
14.0,19.0,0.0,3146.0,VERY_LONG,RED_ZONE,TIED,EARLY,FIELD_GOAL,0.49361979381590215,0.017518848180770874
5.0,8.0,-3.0,2847.0,MEDIUM,RED_ZONE,TRAILING,EARLY,FIELD_GOAL,-3.844428937006443,-0.11498990654945374
3.0,34.0,3.0,2656.0,MEDIUM,OPPONENT_21_35,LEADING,EARLY,GO,-2.6745129611808807,-0.04293954372406006
11.0,18.0,-3.0,2393.0,VERY_LONG,RED_ZONE,TRAILING,EARLY,FIELD_GOAL,0.4210602244616002,0.010260224342346191
8.0,53.0,0.0,2110.0,LONG,OWN_TERRITORY,TIED,EARLY,PUNT,0.14823853457346559,0.05648088455200195
8.0,88.0,0.0,2018.0,LONG,OWN_TERRITORY,TIED,EARLY,PUNT,-1.7942625437281094,-0.02837270498275757
1.0,1.0,0.0,1812.0,SHORT,RED_ZONE,TIED,EARLY,GO,-3.16813388915034,-0.13624033331871033
2.0,33.0,0.0,1640.0,SHORT,OPPONENT_21_35,TIED,MID,GO,4.5513555009965785,0.14890462160110474
3.0,6.0,14.0,813.0,MEDIUM,RED_ZONE,LEADING,MID,GO,-3.165793127263896,-0.01611558347940445
12.0,51.0,-14.0,511.0,VERY_LONG,OWN_TERRITORY,TRAILING,MID,GO,4.029126124805771,0.039844054728746414
10.0,15.0,-14.0,231.0,LONG,RED_ZONE,TRAILING,LATE,GO,-2.746981520409463,-0.026871342211961746
18.0,81.0,14.0,120.0,VERY_LONG,OWN_TERRITORY,LEADING,LATE,PUNT,0.1801464023301378,0.0006154989823698997
6.0,73.0,-14.0,54.0,LONG,OWN_TERRITORY,TRAILING,LATE,GO,0.7347606319817714,0.0004035376477986574
6.0,58.0,-14.0,28.0,LONG,OWN_TERRITORY,TRAILING,LATE,GO,-1.4540852531208657,-0.00035914371255785227
4.0,16.0,0.0,3474.0,MEDIUM,RED_ZONE,TIED,EARLY,FIELD_GOAL,0.2780081177064364,0.0034253597259521484
8.0,30.0,-4.0,3009.0,LONG,OPPONENT_21_35,TRAILING,EARLY,FIELD_GOAL,1.3848524497617967,0.024761229753494263
7.0,39.0,1.0,2154.0,LONG,MIDFIELD,LEADING,EARLY,GO,-3.428859230829403,-0.16376948356628418
4.0,20.0,-1.0,1915.0,MEDIUM,RED_ZONE,TRAILING,EARLY,FIELD_GOAL,0.4814432957784618,-0.0014348328113555908
4.0,36.0,6.0,1588.0,MEDIUM,MIDFIELD,LEADING,MID,GO,3.517857931088656,0.0711701512336731
6.0,6.0,6.0,1349.0,LONG,RED_ZONE,LEADING,MID,FIELD_GOAL,0.029536703880209902,-0.014539331197738647
17.0,47.0,-9.0,1163.0,VERY_LONG,MIDFIELD,TRAILING,MID,PUNT,-0.7756941514089704,-0.015767335891723633
6.0,72.0,9.0,1069.0,LONG,OWN_TERRITORY,LEADING,MID,PUNT,-0.9879701347090304,0.016314014792442322
9.0,36.0,-9.0,826.0,LONG,MIDFIELD,TRAILING,MID,FIELD_GOAL,1.8243507576774438,0.04651010036468506
27.0,82.0,6.0,581.0,VERY_LONG,OWN_TERRITORY,LEADING,MID,PUNT,0.38174816966056824,0.047646790742874146
13.0,43.0,6.0,358.0,VERY_LONG,MIDFIELD,LEADING,MID,PUNT,-0.22372671752236784,-0.013220682740211487
7.0,62.0,-6.0,235.0,LONG,OWN_TERRITORY,TRAILING,LATE,PUNT,0.11310256272554398,-0.009382888674736023
5.0,24.0,0.0,3423.0,MEDIUM,OPPONENT_21_35,TIED,EARLY,FIELD_GOAL,0.8017751936324697,0.015378713607788086
16.0,77.0,-4.0,3169.0,VERY_LONG,OWN_TERRITORY,TRAILING,EARLY,PUNT,0.17194855771958828,0.019772440195083618
4.0,71.0,3.0,2700.0,MEDIUM,OWN_TERRITORY,LEADING,EARLY,PUNT,-0.05377699760720134,-0.000019073486328125
1.0,3.0,-3.0,2311.0,SHORT,RED_ZONE,TRAILING,EARLY,GO,2.432138572272379,0.08356985449790955
2.0,63.0,3.0,1730.0,SHORT,OWN_TERRITORY,LEADING,MID,PUNT,0.6108714614529163,0.000012159347534179688
6.0,89.0,-3.0,1635.0,LONG,OWN_TERRITORY,TRAILING,MID,PUNT,-0.20415856642648578,-0.00007200241088867188
16.0,62.0,-10.0,1233.0,VERY_LONG,OWN_TERRITORY,TRAILING,MID,PUNT,0.8462257012724876,0.03156512230634689
9.0,42.0,10.0,981.0,LONG,MIDFIELD,LEADING,MID,PUNT,-0.25125246751122177,0.012984901666641235
2.0,80.0,-10.0,849.0,SHORT,OWN_TERRITORY,TRAILING,MID,PUNT,0.008342665387317538,0.0022022873163223267
8.0,64.0,10.0,783.0,LONG,OWN_TERRITORY,LEADING,MID,PUNT,-0.7388593778014183,-0.03192409873008728
4.0,89.0,-17.0,500.0,MEDIUM,OWN_TERRITORY,TRAILING,MID,GO,2.727010214002803,0.008654617704451084
23.0,93.0,0.0,3460.0,VERY_LONG,OWN_TERRITORY,TIED,EARLY,PUNT,1.5099422675557435,0.06253114342689514
7.0,66.0,0.0,3373.0,LONG,OWN_TERRITORY,TIED,EARLY,PUNT,0.6385161792859435,0.0024927258491516113
11.0,60.0,0.0,3163.0,VERY_LONG,OWN_TERRITORY,TIED,EARLY,PUNT,0.09185908501967788,0.030268937349319458
6.0,76.0,0.0,3050.0,LONG,OWN_TERRITORY,TIED,EARLY,PUNT,-0.4481375578325242,-0.004490673542022705
6.0,6.0,-6.0,2440.0,LONG,RED_ZONE,TRAILING,EARLY,FIELD_GOAL,0.06256263847894195,0.010281771421432495
18.0,96.0,3.0,2336.0,VERY_LONG,OWN_TERRITORY,LEADING,EARLY,PUNT,0.8191780630731955,0.04177871346473694
15.0,46.0,-4.0,2207.0,VERY_LONG,MIDFIELD,TRAILING,EARLY,PUNT,-0.6449386228341609,0.023994892835617065
7.0,77.0,4.0,2114.0,LONG,OWN_TERRITORY,LEADING,EARLY,PUNT,0.8451222439762205,0.019933372735977173
1.0,31.0,-4.0,1920.0,SHORT,OPPONENT_21_35,TRAILING,EARLY,GO,1.9341105964267626,0.08754560351371765
18.0,32.0,-4.0,1863.0,VERY_LONG,OPPONENT_21_35,TRAILING,EARLY,FIELD_GOAL,-2.9068676913320486,-0.04372724890708923
6.0,35.0,4.0,1815.0,LONG,OPPONENT_21_35,LEADING,EARLY,FIELD_GOAL,1.3227416525759872,0.0549146831035614
10.0,57.0,-14.0,1338.0,LONG,OWN_TERRITORY,TRAILING,MID,PUNT,-0.04243052005767822,-0.007295690476894379
12.0,75.0,14.0,1214.0,VERY_LONG,OWN_TERRITORY,LEADING,MID,PUNT,1.089730674866587,-0.008237853646278381
5.0,49.0,-14.0,929.0,MEDIUM,MIDFIELD,TRAILING,MID,GO,3.253269351203926,0.04201760143041611
2.0,30.0,-14.0,834.0,SHORT,OPPONENT_21_35,TRAILING,MID,GO,2.391196148004383,0.05330227315425873
11.0,66.0,8.0,660.0,VERY_LONG,OWN_TERRITORY,LEADING,MID,PUNT,0.6458170518744737,-0.01175011694431305
5.0,83.0,-8.0,557.0,MEDIUM,OWN_TERRITORY,TRAILING,MID,PUNT,0.2591140733566135,-0.009580090641975403
7.0,62.0,8.0,465.0,LONG,OWN_TERRITORY,LEADING,MID,PUNT,-0.31465231999754906,-0.034667983651161194
6.0,59.0,-8.0,352.0,LONG,OWN_TERRITORY,TRAILING,MID,PUNT,0.6820178306661546,-0.01882535219192505
8.0,79.0,8.0,255.0,LONG,OWN_TERRITORY,LEADING,LATE,PUNT,-0.11874902085401118,-0.0030503347516059875
18.0,72.0,-8.0,180.0,VERY_LONG,OWN_TERRITORY,TRAILING,LATE,PUNT,0.11404328478965908,0.004694066941738129
1.0,63.0,0.0,3428.0,SHORT,OWN_TERRITORY,TIED,EARLY,PUNT,-0.42980604665353894,0.012261807918548584
15.0,34.0,-7.0,3178.0,VERY_LONG,OPPONENT_21_35,TRAILING,EARLY,FIELD_GOAL,1.9177119835307859,0.06268993020057678
17.0,61.0,4.0,3068.0,VERY_LONG,OWN_TERRITORY,LEADING,EARLY,PUNT,0.6562249748967588,0.03759327530860901
14.0,77.0,-4.0,2802.0,VERY_LONG,OWN_TERRITORY,TRAILING,EARLY,PUNT,0.4254219178110361,0.03610268235206604
7.0,63.0,4.0,2714.0,LONG,OWN_TERRITORY,LEADING,EARLY,PUNT,0.3113583684898913,0.03675779700279236
6.0,36.0,-4.0,1929.0,LONG,MIDFIELD,TRAILING,EARLY,FIELD_GOAL,2.1633454888802404,0.014516860246658325
6.0,11.0,-4.0,1350.0,LONG,RED_ZONE,TRAILING,MID,FIELD_GOAL,0.13325801940737358,-0.035915374755859375
21.0,49.0,-8.0,805.0,VERY_LONG,MIDFIELD,TRAILING,MID,PUNT,0.09166380250826478,0.0019482597708702087
4.0,31.0,8.0,526.0,MEDIUM,OPPONENT_21_35,LEADING,MID,FIELD_GOAL,-3.2145222017264437,-0.06601051986217499
5.0,33.0,-8.0,352.0,MEDIUM,OPPONENT_21_35,TRAILING,MID,GO,-2.8009153371676803,-0.05744941532611847
4.0,27.0,8.0,120.0,MEDIUM,OPPONENT_21_35,LEADING,LATE,FIELD_GOAL,0.8715631965081787,0.012143246829509735
6.0,62.0,-11.0,40.0,LONG,OWN_TERRITORY,TRAILING,LATE,GO,-1.6450719586282503,-0.0060422406531870365
1.0,56.0,0.0,3479.0,SHORT,OWN_TERRITORY,TIED,EARLY,PUNT,-1.2641811487264931,-0.011860281229019165
19.0,32.0,0.0,2951.0,VERY_LONG,OPPONENT_21_35,TIED,EARLY,FIELD_GOAL,1.493873900091552,0.026403725147247314
17.0,57.0,-3.0,2700.0,VERY_LONG,OWN_TERRITORY,TRAILING,EARLY,PUNT,-1.0426495752763003,-0.008757621049880981
4.0,59.0,3.0,2614.0,MEDIUM,OWN_TERRITORY,LEADING,EARLY,PUNT,-0.027507982216775417,-0.0008635818958282471
10.0,76.0,-3.0,2479.0,LONG,OWN_TERRITORY,TRAILING,EARLY,PUNT,-0.9318050609435886,-0.014630347490310669
12.0,56.0,3.0,2266.0,VERY_LONG,OWN_TERRITORY,LEADING,EARLY,PUNT,0.16249576676636934,0.005962401628494263
13.0,76.0,-10.0,1982.0,VERY_LONG,OWN_TERRITORY,TRAILING,EARLY,PUNT,-0.49380818544887006,-0.015187874436378479
9.0,58.0,10.0,1920.0,LONG,OWN_TERRITORY,LEADING,EARLY,PUNT,-0.06479450082406402,-0.027987316250801086
1.0,46.0,10.0,1608.0,SHORT,MIDFIELD,LEADING,MID,GO,2.6277089812792838,0.04045611619949341
14.0,28.0,-17.0,970.0,VERY_LONG,OPPONENT_21_35,TRAILING,MID,FIELD_GOAL,1.1668092482132784,0.0006999373435974121
9.0,79.0,-14.0,781.0,LONG,OWN_TERRITORY,TRAILING,MID,PUNT,0.10547246551141143,-0.004358593374490738
3.0,10.0,14.0,437.0,MEDIUM,RED_ZONE,LEADING,MID,FIELD_GOAL,0.07765867463212439,-0.009234800934791565
1.0,40.0,-17.0,312.0,SHORT,MIDFIELD,TRAILING,MID,GO,2.226880365225952,0.0014320281334221363
10.0,41.0,10.0,165.0,LONG,MIDFIELD,LEADING,LATE,PUNT,-0.8741802107542753,-0.002968914806842804
15.0,95.0,-10.0,115.0,VERY_LONG,OWN_TERRITORY,TRAILING,LATE,GO,2.2043365360004827,0.009723397437483072
1.0,69.0,0.0,3502.0,SHORT,OWN_TERRITORY,TIED,EARLY,PUNT,0.09957683086395264,0.020862281322479248
9.0,42.0,0.0,3221.0,LONG,MIDFIELD,TIED,EARLY,PUNT,-0.6906224098056555,-0.0066671669483184814
9.0,20.0,0.0,2579.0,LONG,RED_ZONE,TIED,EARLY,FIELD_GOAL,0.4989238212970952,0.019587814807891846
7.0,48.0,3.0,2285.0,LONG,MIDFIELD,LEADING,EARLY,PUNT,-0.7353495198767632,-0.03882443904876709
7.0,37.0,4.0,1843.0,LONG,MIDFIELD,LEADING,EARLY,FIELD_GOAL,1.9359398290805967,0.02421407401561737
11.0,25.0,7.0,1514.0,VERY_LONG,OPPONENT_21_35,LEADING,MID,FIELD_GOAL,0.9893585684491919,0.02252863347530365
3.0,68.0,3.0,1168.0,MEDIUM,OWN_TERRITORY,LEADING,MID,PUNT,-0.7675183671526611,-0.04437175393104553
14.0,47.0,-3.0,966.0,VERY_LONG,MIDFIELD,TRAILING,MID,PUNT,0.45421623485162854,-0.013918668031692505
3.0,65.0,3.0,778.0,MEDIUM,OWN_TERRITORY,LEADING,MID,PUNT,0.1831648824736476,-0.024657607078552246
1.0,35.0,-3.0,500.0,SHORT,OPPONENT_21_35,TRAILING,MID,GO,-3.8259272270370275,-0.17386919260025024
10.0,54.0,-10.0,91.0,LONG,OWN_TERRITORY,TRAILING,LATE,GO,-2.6621269043534994,-0.011832264252007008
5.0,33.0,0.0,3439.0,MEDIUM,OPPONENT_21_35,TIED,EARLY,GO,-2.9085153045598418,-0.05895125865936279
5.0,12.0,0.0,3045.0,MEDIUM,RED_ZONE,TIED,EARLY,FIELD_GOAL,0.1572055790932465,0.0016120076179504395
5.0,57.0,-3.0,2874.0,MEDIUM,OWN_TERRITORY,TRAILING,EARLY,PUNT,0.4713989272713661,0.013233333826065063
1.0,51.0,3.0,2696.0,SHORT,OWN_TERRITORY,LEADING,EARLY,GO,-3.1313964205328375,-0.10392683744430542
4.0,16.0,-3.0,2466.0,MEDIUM,RED_ZONE,TRAILING,EARLY,FIELD_GOAL,0.30731715706718,0.04249885678291321
9.0,53.0,0.0,2339.0,LONG,OWN_TERRITORY,TIED,EARLY,PUNT,0.048139036167412996,0.024852633476257324
7.0,84.0,0.0,2268.0,LONG,OWN_TERRITORY,TIED,EARLY,PUNT,-0.7783421950880438,-0.0035528242588043213
16.0,58.0,0.0,2179.0,VERY_LONG,OWN_TERRITORY,TIED,EARLY,PUNT,0.7202194293495268,0.04207661747932434
3.0,89.0,0.0,2036.0,MEDIUM,OWN_TERRITORY,TIED,EARLY,PUNT,-0.5618150606751442,-0.007538437843322754
3.0,45.0,0.0,1932.0,MEDIUM,MIDFIELD,TIED,EARLY,GO,2.8478926774696447,0.11174145340919495
1.0,40.0,7.0,1712.0,SHORT,MIDFIELD,LEADING,MID,GO,3.1587517503648996,0.042135775089263916
6.0,11.0,7.0,1543.0,LONG,RED_ZONE,LEADING,MID,FIELD_GOAL,0.13332905633729242,-0.02225664258003235
7.0,46.0,-10.0,1336.0,LONG,MIDFIELD,TRAILING,MID,PUNT,0.02624543639831245,0.002893969416618347
24.0,89.0,10.0,1136.0,VERY_LONG,OWN_TERRITORY,LEADING,MID,PUNT,1.9000105140730739,0.08401024341583252
1.0,38.0,10.0,682.0,SHORT,MIDFIELD,LEADING,MID,GO,2.3640288008609787,0.025078654289245605
19.0,43.0,10.0,540.0,VERY_LONG,MIDFIELD,LEADING,MID,PUNT,-0.1897525112144649,-0.0254548117518425
3.0,29.0,-10.0,390.0,MEDIUM,OPPONENT_21_35,TRAILING,MID,FIELD_GOAL,1.3627001537033432,0.03264325112104416
11.0,66.0,7.0,291.0,VERY_LONG,OWN_TERRITORY,LEADING,LATE,PUNT,-0.05288866115733981,-0.054879963397979736
2.0,52.0,7.0,176.0,SHORT,OWN_TERRITORY,LEADING,LATE,PUNT,-0.5548839126713574,-0.03791239857673645
10.0,86.0,-7.0,115.0,LONG,OWN_TERRITORY,TRAILING,LATE,PUNT,-0.46133784018456936,-0.043819867074489594
14.0,14.0,0.0,3158.0,VERY_LONG,RED_ZONE,TIED,EARLY,FIELD_GOAL,0.248646463964604,0.015668243169784546
2.0,51.0,-3.0,2917.0,SHORT,OWN_TERRITORY,TRAILING,EARLY,GO,3.042969667352736,0.09968972206115723
5.0,38.0,-3.0,2784.0,MEDIUM,MIDFIELD,TRAILING,EARLY,GO,-2.570254348218441,-0.09611165523529053
10.0,42.0,3.0,2615.0,LONG,MIDFIELD,LEADING,EARLY,PUNT,-0.9033823478966951,0.01364925503730774
7.0,13.0,-3.0,2350.0,LONG,RED_ZONE,TRAILING,EARLY,FIELD_GOAL,0.21280283947674583,0.0031910836696624756
5.0,22.0,0.0,2106.0,MEDIUM,OPPONENT_21_35,TIED,EARLY,FIELD_GOAL,0.5912391773858685,0.029659688472747803
17.0,75.0,-3.0,1996.0,VERY_LONG,OWN_TERRITORY,TRAILING,EARLY,PUNT,-0.026482010493054986,0.02451545000076294
3.0,63.0,-7.0,1708.0,MEDIUM,OWN_TERRITORY,TRAILING,MID,PUNT,-0.23849386163055897,0.0031762123107910156
21.0,21.0,0.0,542.0,VERY_LONG,OPPONENT_21_35,TIED,MID,FIELD_GOAL,0.5816604728353401,0.07975104451179504
6.0,80.0,-3.0,485.0,LONG,OWN_TERRITORY,TRAILING,MID,PUNT,0.010135764721781015,-0.029057011008262634
1.0,52.0,3.0,358.0,SHORT,OWN_TERRITORY,LEADING,MID,GO,-3.428987075923942,-0.17957699298858643
2.0,29.0,-3.0,152.0,SHORT,OPPONENT_21_35,TRAILING,LATE,GO,2.7495504503604025,0.19420093297958374
11.0,27.0,-4.0,13.0,VERY_LONG,OPPONENT_21_35,TRAILING,LATE,GO,-2.196921232913155,-0.15447936952114105
1.0,62.0,0.0,3511.0,SHORT,OWN_TERRITORY,TIED,EARLY,PUNT,0.36464720335789025,0.013951629400253296
31.0,99.0,0.0,3315.0,VERY_LONG,OWN_TERRITORY,TIED,EARLY,PUNT,0.21824705391190946,-0.01349833607673645
2.0,55.0,-7.0,3017.0,SHORT,OWN_TERRITORY,TRAILING,EARLY,PUNT,-0.5275503075681627,-0.02447754144668579
1.0,39.0,7.0,2881.0,SHORT,MIDFIELD,LEADING,EARLY,GO,2.17364382755477,0.050780415534973145
10.0,59.0,-14.0,2596.0,LONG,OWN_TERRITORY,TRAILING,EARLY,PUNT,-0.924065416213125,-0.02498459815979004
11.0,69.0,14.0,2444.0,VERY_LONG,OWN_TERRITORY,LEADING,EARLY,PUNT,0.19909378793090582,0.008086681365966797
7.0,73.0,-14.0,2359.0,LONG,OWN_TERRITORY,TRAILING,EARLY,PUNT,-1.1245028348639607,-0.008034862577915192
7.0,17.0,-14.0,1942.0,LONG,RED_ZONE,TRAILING,EARLY,FIELD_GOAL,0.3407456304241827,-0.015854105353355408
4.0,34.0,11.0,1823.0,MEDIUM,OPPONENT_21_35,LEADING,EARLY,FIELD_GOAL,-2.0103999273152784,-0.05780068039894104
1.0,29.0,8.0,1653.0,SHORT,OPPONENT_21_35,LEADING,MID,GO,2.6137968531111255,0.04550957679748535
6.0,7.0,8.0,1537.0,LONG,RED_ZONE,LEADING,MID,FIELD_GOAL,0.08182128173300196,-0.029832839965820312
6.0,42.0,-11.0,1438.0,LONG,MIDFIELD,TRAILING,MID,PUNT,-0.037952435202896595,0.005796104669570923
3.0,29.0,5.0,1219.0,MEDIUM,OPPONENT_21_35,LEADING,MID,FIELD_GOAL,1.4396036695157717,0.0668557733297348
1.0,59.0,-8.0,1095.0,SHORT,OWN_TERRITORY,TRAILING,MID,GO,-3.453608912648633,-0.04468315839767456
18.0,88.0,-15.0,903.0,VERY_LONG,OWN_TERRITORY,TRAILING,MID,PUNT,-0.12112587597221136,-0.0022814907133579254
6.0,49.0,15.0,801.0,LONG,MIDFIELD,LEADING,MID,PUNT,-0.48117771139368415,-0.005607906728982925
10.0,79.0,-15.0,777.0,LONG,OWN_TERRITORY,TRAILING,MID,PUNT,-0.02233211835846305,-0.005304431542754173
15.0,45.0,-15.0,543.0,VERY_LONG,MIDFIELD,TRAILING,MID,GO,-2.1355326224584132,-0.012943189591169357
5.0,24.0,-15.0,387.0,MEDIUM,OPPONENT_21_35,TRAILING,MID,GO,3.679848775267601,0.028402304276823997
5.0,5.0,-15.0,308.0,MEDIUM,RED_ZONE,TRAILING,MID,GO,-2.6160989569034427,-0.03271879628300667
15.0,99.0,15.0,284.0,VERY_LONG,OWN_TERRITORY,LEADING,LATE,PUNT,0.015755704720504582,0.02784074656665325
6.0,25.0,-6.0,3159.0,LONG,OPPONENT_21_35,TRAILING,EARLY,FIELD_GOAL,1.0549823209656888,0.02065536379814148
1.0,61.0,3.0,3026.0,SHORT,OWN_TERRITORY,LEADING,EARLY,GO,2.2088546054437757,0.05635643005371094
1.0,19.0,3.0,2780.0,SHORT,RED_ZONE,LEADING,EARLY,GO,2.058426580624655,0.06508660316467285
2.0,4.0,3.0,2700.0,SHORT,RED_ZONE,LEADING,EARLY,GO,3.8809857512824237,0.09606491955110696
7.0,53.0,-10.0,2618.0,LONG,OWN_TERRITORY,TRAILING,EARLY,PUNT,-0.6975959916599095,0.04676343500614166
13.0,66.0,17.0,2150.0,VERY_LONG,OWN_TERRITORY,LEADING,EARLY,PUNT,0.15318777272477746,0.0265749990940094
5.0,7.0,-20.0,1685.0,MEDIUM,RED_ZONE,TRAILING,MID,GO,4.016289290855639,0.007192606457756323
2.0,55.0,14.0,768.0,SHORT,OWN_TERRITORY,LEADING,MID,PUNT,-0.5235283127985895,0.0016591884195804596
7.0,75.0,-14.0,520.0,LONG,OWN_TERRITORY,TRAILING,MID,GO,3.0478825790341944,0.020121511071920395
6.0,39.0,-14.0,300.0,LONG,MIDFIELD,TRAILING,LATE,GO,3.124457652505953,0.014495063573122025
27.0,45.0,-14.0,216.0,VERY_LONG,MIDFIELD,TRAILING,LATE,GO,-1.2608128513675183,-0.014605283737182617
7.0,67.0,0.0,3520.0,LONG,OWN_TERRITORY,TIED,EARLY,PUNT,-0.3813950333278626,-0.01974847912788391
3.0,16.0,0.0,3181.0,MEDIUM,RED_ZONE,TIED,EARLY,GO,2.768722335982602,0.062322795391082764
13.0,70.0,-7.0,3012.0,VERY_LONG,OWN_TERRITORY,TRAILING,EARLY,PUNT,1.0587030877359211,0.025527775287628174
1.0,46.0,-14.0,2595.0,SHORT,MIDFIELD,TRAILING,EARLY,GO,2.1326183704659343,0.03823921084403992
12.0,45.0,-14.0,2478.0,VERY_LONG,MIDFIELD,TRAILING,EARLY,PUNT,0.310056242858991,0.006158038973808289
10.0,91.0,14.0,2415.0,LONG,OWN_TERRITORY,LEADING,EARLY,PUNT,0.9284104264806956,0.03713403642177582
3.0,32.0,-14.0,2222.0,MEDIUM,OPPONENT_21_35,TRAILING,EARLY,FIELD_GOAL,-3.2779568348636468,-0.04286934435367584
7.0,11.0,-21.0,1913.0,LONG,RED_ZONE,TRAILING,EARLY,GO,-2.595758774143178,-0.012150518596172333
4.0,58.0,21.0,1737.0,MEDIUM,OWN_TERRITORY,LEADING,MID,PUNT,0.5981353903189301,-0.01767686754465103
2.0,30.0,-21.0,1541.0,SHORT,OPPONENT_21_35,TRAILING,MID,GO,-2.8269486172357574,-0.026587147265672684
3.0,52.0,21.0,1397.0,MEDIUM,OWN_TERRITORY,LEADING,MID,PUNT,0.45738679193891585,-0.009952854365110397
7.0,27.0,-21.0,1238.0,LONG,OPPONENT_21_35,TRAILING,MID,GO,-2.9214860934298486,-0.022306669503450394
11.0,74.0,21.0,1193.0,VERY_LONG,OWN_TERRITORY,LEADING,MID,PUNT,-0.2671265790704638,-0.008138477802276611
23.0,48.0,-21.0,1063.0,VERY_LONG,MIDFIELD,TRAILING,MID,PUNT,0.2936160019598901,0.0028472933918237686
4.0,78.0,21.0,965.0,MEDIUM,OWN_TERRITORY,LEADING,MID,PUNT,1.2811571643687785,0.010796291753649712
15.0,84.0,-21.0,936.0,VERY_LONG,OWN_TERRITORY,TRAILING,MID,PUNT,0.6826372218783945,0.0010726423934102058
1.0,31.0,21.0,679.0,SHORT,OPPONENT_21_35,LEADING,MID,GO,4.916886764345691,0.003651065082522109
10.0,38.0,-28.0,192.0,LONG,MIDFIELD,TRAILING,LATE,GO,3.4459905137191527,9.43811028264463e-6
13.0,14.0,-28.0,115.0,VERY_LONG,RED_ZONE,TRAILING,LATE,GO,-2.4119501782697625,-0.000010851363185793161
7.0,46.0,0.0,3412.0,LONG,MIDFIELD,TIED,EARLY,PUNT,0.14930697134695947,0.008260846138000488
2.0,54.0,-7.0,2887.0,SHORT,OWN_TERRITORY,TRAILING,EARLY,PUNT,-0.3922121706418693,-0.009874626994132996
1.0,60.0,7.0,2700.0,SHORT,OWN_TERRITORY,LEADING,EARLY,GO,2.166183802066371,0.0426977276802063
4.0,57.0,-14.0,2204.0,MEDIUM,OWN_TERRITORY,TRAILING,EARLY,PUNT,0.2411016058176756,-0.01519399881362915
13.0,68.0,-28.0,1329.0,VERY_LONG,OWN_TERRITORY,TRAILING,MID,PUNT,0.9013924128375947,-0.00009036908159032464
7.0,20.0,28.0,1061.0,LONG,RED_ZONE,LEADING,MID,FIELD_GOAL,0.5492157154703712,0.000029599585104733706
3.0,58.0,-31.0,912.0,MEDIUM,OWN_TERRITORY,TRAILING,MID,GO,-2.8319224778097123,-0.00019414411508478224
7.0,38.0,31.0,803.0,LONG,MIDFIELD,LEADING,MID,PUNT,-0.07545312284491956,0.00009932891407515854
20.0,88.0,-31.0,714.0,VERY_LONG,OWN_TERRITORY,TRAILING,MID,PUNT,0.6404729459900409,-6.871581717859954e-6
6.0,50.0,31.0,435.0,LONG,MIDFIELD,LEADING,MID,PUNT,-0.12822539475746453,0.00005111209611641243
4.0,5.0,31.0,292.0,MEDIUM,RED_ZONE,LEADING,LATE,GO,-2.672767882992048,0.00008436125790467486
1.0,87.0,-31.0,164.0,SHORT,OWN_TERRITORY,TRAILING,LATE,PUNT,1.385085660032928,0.000015394070942420512
13.0,60.0,31.0,38.0,VERY_LONG,OWN_TERRITORY,LEADING,LATE,PUNT,-0.17311074410099536,0.00004788989826920442
3.0,60.0,0.0,3467.0,MEDIUM,OWN_TERRITORY,TIED,EARLY,PUNT,0.32290214858949184,0.013617873191833496
16.0,74.0,0.0,3251.0,VERY_LONG,OWN_TERRITORY,TIED,EARLY,PUNT,0.11130177159793675,0.028550833463668823
5.0,12.0,0.0,2841.0,MEDIUM,RED_ZONE,TIED,EARLY,FIELD_GOAL,0.17884769219465912,-0.00408172607421875
9.0,15.0,-3.0,2658.0,LONG,RED_ZONE,TRAILING,EARLY,FIELD_GOAL,0.24592403655650896,-0.009148836135864258
13.0,54.0,-14.0,2050.0,VERY_LONG,OWN_TERRITORY,TRAILING,EARLY,PUNT,0.3288565161637962,0.011023789644241333
19.0,99.0,14.0,1983.0,VERY_LONG,OWN_TERRITORY,LEADING,EARLY,PUNT,-0.75222418847261,0.019209623336791992
6.0,8.0,-14.0,1803.0,LONG,RED_ZONE,TRAILING,EARLY,FIELD_GOAL,0.07790733875245115,0.033102020621299744
19.0,89.0,-18.0,1663.0,VERY_LONG,OWN_TERRITORY,TRAILING,MID,PUNT,-0.5462116769049317,0.004762507975101471
4.0,38.0,18.0,1533.0,MEDIUM,MIDFIELD,LEADING,MID,PUNT,-0.4857948471326381,0.016764402389526367
1.0,83.0,-18.0,1399.0,SHORT,OWN_TERRITORY,TRAILING,MID,GO,2.077825822401792,0.00834747776389122
8.0,35.0,-18.0,1097.0,LONG,OPPONENT_21_35,TRAILING,MID,GO,-2.618299577385187,-0.01324315182864666
20.0,45.0,18.0,756.0,VERY_LONG,MIDFIELD,LEADING,MID,PUNT,0.4196027701254934,0.0059640780091285706
11.0,43.0,25.0,504.0,VERY_LONG,MIDFIELD,LEADING,MID,PUNT,-0.6995686606969684,-0.00020249435328878462
15.0,85.0,-25.0,413.0,VERY_LONG,OWN_TERRITORY,TRAILING,MID,PUNT,0.060147069627419114,-0.00016625854186713696
14.0,44.0,25.0,228.0,VERY_LONG,MIDFIELD,LEADING,LATE,PUNT,-0.048556034453213215,-0.0002189009392168373
4.0,85.0,-25.0,142.0,MEDIUM,OWN_TERRITORY,TRAILING,LATE,GO,1.648886920651421,0.00011347555846441537
19.0,49.0,-25.0,42.0,VERY_LONG,MIDFIELD,TRAILING,LATE,GO,-2.243086160509847,-0.0001397345622535795
7.0,31.0,0.0,3444.0,LONG,OPPONENT_21_35,TIED,EARLY,FIELD_GOAL,1.7171414753857979,0.052139341831207275
12.0,18.0,-3.0,3110.0,VERY_LONG,RED_ZONE,TRAILING,EARLY,FIELD_GOAL,0.379803254862634,-0.01750248670578003
8.0,54.0,-7.0,2838.0,LONG,OWN_TERRITORY,TRAILING,EARLY,PUNT,-0.7201261853333563,-0.015828937292099
11.0,45.0,7.0,2545.0,VERY_LONG,MIDFIELD,LEADING,EARLY,PUNT,0.2744804334361106,0.008851051330566406
12.0,32.0,0.0,1913.0,VERY_LONG,OPPONENT_21_35,TIED,EARLY,FIELD_GOAL,1.5725655793962348,0.07871955633163452
3.0,58.0,-4.0,1803.0,MEDIUM,OWN_TERRITORY,TRAILING,EARLY,GO,-0.07064402202377096,0.05932801961898804
1.0,9.0,4.0,1394.0,SHORT,RED_ZONE,LEADING,MID,GO,2.2544043387752026,0.03457850217819214
11.0,66.0,-18.0,1227.0,VERY_LONG,OWN_TERRITORY,TRAILING,MID,PUNT,-0.6434691525064409,-0.005031950771808624
19.0,74.0,18.0,1092.0,VERY_LONG,OWN_TERRITORY,LEADING,MID,PUNT,0.8074407584499568,-0.0003233477473258972
6.0,60.0,-18.0,967.0,LONG,OWN_TERRITORY,TRAILING,MID,PUNT,0.703587299445644,-0.003516716882586479
12.0,37.0,18.0,532.0,VERY_LONG,MIDFIELD,LEADING,MID,PUNT,-0.688903795555234,-0.0037719635292887688
14.0,46.0,-18.0,359.0,VERY_LONG,MIDFIELD,TRAILING,MID,GO,-1.5414133227895945,-0.0009907567873597145
4.0,59.0,18.0,326.0,MEDIUM,OWN_TERRITORY,LEADING,MID,PUNT,-0.3948500184342265,0.00024851830676198006
2.0,35.0,18.0,120.0,SHORT,OPPONENT_21_35,LEADING,LATE,GO,1.3383071438292973,0.0008819103240966797
4.0,59.0,0.0,3523.0,MEDIUM,OWN_TERRITORY,TIED,EARLY,PUNT,-0.17305862810462713,0.015275776386260986
7.0,9.0,0.0,3278.0,LONG,RED_ZONE,TIED,EARLY,FIELD_GOAL,0.11333381130979436,-0.013837039470672607
6.0,63.0,-3.0,3191.0,LONG,OWN_TERRITORY,TRAILING,EARLY,PUNT,-0.20177213149145246,-0.02062925696372986
9.0,35.0,-3.0,2880.0,LONG,OPPONENT_21_35,TRAILING,EARLY,FIELD_GOAL,-3.5161158777966586,-0.12081876397132874
8.0,21.0,3.0,2650.0,LONG,OPPONENT_21_35,LEADING,EARLY,FIELD_GOAL,0.6076604640461207,0.04474201798439026
21.0,76.0,-13.0,2254.0,VERY_LONG,OWN_TERRITORY,TRAILING,EARLY,PUNT,-0.9672476937994361,-0.012257799506187439
1.0,42.0,-20.0,1902.0,SHORT,MIDFIELD,TRAILING,EARLY,GO,-2.91622896771878,-0.033857136964797974
4.0,51.0,20.0,1878.0,MEDIUM,OWN_TERRITORY,LEADING,EARLY,PUNT,-0.6001280878554098,0.018724042922258377
6.0,6.0,6.0,1150.0,LONG,RED_ZONE,LEADING,MID,FIELD_GOAL,0.06796017462456483,-0.007211804389953613
14.0,68.0,9.0,810.0,VERY_LONG,OWN_TERRITORY,LEADING,MID,PUNT,0.5203614183701575,-0.01355096697807312
20.0,73.0,-9.0,650.0,VERY_LONG,OWN_TERRITORY,TRAILING,MID,PUNT,-0.35327319148927927,-0.0012389123439788818
11.0,15.0,9.0,386.0,VERY_LONG,RED_ZONE,LEADING,MID,FIELD_GOAL,0.25594320374135204,-0.00047359243035316467
2.0,26.0,-12.0,269.0,SHORT,OPPONENT_21_35,TRAILING,LATE,GO,-3.6191612003021874,-0.028088953346014023
3.0,26.0,12.0,120.0,MEDIUM,OPPONENT_21_35,LEADING,LATE,GO,1.9971410680445842,0.0017452239990234375
8.0,41.0,0.0,3473.0,LONG,MIDFIELD,TIED,EARLY,PUNT,-0.7937034135684371,-0.021024256944656372
10.0,80.0,0.0,3450.0,LONG,OWN_TERRITORY,TIED,EARLY,PUNT,0.4354409915395081,0.011750608682632446
2.0,60.0,0.0,3376.0,SHORT,OWN_TERRITORY,TIED,EARLY,PUNT,-0.041034188121557236,-0.00006681680679321289
2.0,64.0,0.0,3213.0,SHORT,OWN_TERRITORY,TIED,EARLY,PUNT,-0.36350394040346146,-0.023582041263580322
18.0,76.0,-7.0,2825.0,VERY_LONG,OWN_TERRITORY,TRAILING,EARLY,PUNT,0.5876458946149796,0.033210575580596924
9.0,72.0,7.0,2771.0,LONG,OWN_TERRITORY,LEADING,EARLY,PUNT,-0.21187828038819134,0.013903617858886719
6.0,64.0,-7.0,2697.0,LONG,OWN_TERRITORY,TRAILING,EARLY,PUNT,0.17829281091690063,0.01313847303390503
1.0,13.0,7.0,2459.0,SHORT,RED_ZONE,LEADING,EARLY,GO,1.4078892333782278,0.026742160320281982
3.0,42.0,-13.0,2200.0,MEDIUM,MIDFIELD,TRAILING,EARLY,GO,2.808187294052914,0.04496033489704132
2.0,2.0,-13.0,2019.0,SHORT,RED_ZONE,TRAILING,EARLY,GO,-2.922480796230957,-0.0455387681722641
4.0,64.0,13.0,1871.0,MEDIUM,OWN_TERRITORY,LEADING,EARLY,PUNT,-0.3441673341440037,-0.024540439248085022
5.0,58.0,-13.0,1670.0,MEDIUM,OWN_TERRITORY,TRAILING,MID,PUNT,-0.026183369103819132,-0.011107414960861206
18.0,42.0,13.0,1328.0,VERY_LONG,MIDFIELD,LEADING,MID,PUNT,-0.04306574817746878,-0.0025351792573928833
11.0,89.0,-13.0,1275.0,VERY_LONG,OWN_TERRITORY,TRAILING,MID,PUNT,0.5533485407941043,-0.00224115327000618
8.0,70.0,3.0,171.0,LONG,OWN_TERRITORY,LEADING,LATE,PUNT,-0.820329537964426,0.048717379570007324
19.0,74.0,-4.0,68.0,VERY_LONG,OWN_TERRITORY,TRAILING,LATE,GO,1.9629695719922893,0.2508886307477951
1.0,55.0,0.0,3390.0,SHORT,OWN_TERRITORY,TIED,EARLY,GO,2.472532096784562,0.06870755553245544
4.0,37.0,0.0,3127.0,MEDIUM,MIDFIELD,TIED,EARLY,GO,6.366423304658383,0.17287266894192455
32.0,41.0,-7.0,2828.0,VERY_LONG,MIDFIELD,TRAILING,EARLY,FIELD_GOAL,2.9125135922817416,0.03246769309043884
6.0,62.0,4.0,2738.0,LONG,OWN_TERRITORY,LEADING,EARLY,PUNT,-0.27284320490434766,0.020020097494125366
7.0,53.0,11.0,2384.0,LONG,OWN_TERRITORY,LEADING,EARLY,PUNT,-0.9419151283800602,-0.01807461678981781
11.0,16.0,-11.0,2197.0,VERY_LONG,RED_ZONE,TRAILING,EARLY,FIELD_GOAL,0.24601213047777248,-0.012171655893325806
9.0,73.0,8.0,2070.0,LONG,OWN_TERRITORY,LEADING,EARLY,PUNT,-0.6466529088793322,-0.022473305463790894
4.0,50.0,-8.0,1866.0,MEDIUM,MIDFIELD,TRAILING,EARLY,PUNT,-0.9871838709223084,-0.012538716197013855
9.0,10.0,-8.0,1445.0,LONG,RED_ZONE,TRAILING,MID,FIELD_GOAL,0.08528858519865068,0.029080718755722046
5.0,23.0,5.0,859.0,MEDIUM,OPPONENT_21_35,LEADING,MID,FIELD_GOAL,-4.152453949167056,-0.1150745153427124
12.0,17.0,-5.0,610.0,VERY_LONG,RED_ZONE,TRAILING,MID,FIELD_GOAL,0.3275730248175468,0.006657510995864868
2.0,15.0,-9.0,178.0,SHORT,RED_ZONE,TRAILING,LATE,GO,2.138757286593318,0.08718276023864746
11.0,11.0,-9.0,120.0,VERY_LONG,RED_ZONE,TRAILING,LATE,FIELD_GOAL,0.09238998363801665,-0.020250018686056137
4.0,53.0,-7.0,3155.0,MEDIUM,OWN_TERRITORY,TRAILING,EARLY,PUNT,-1.0573556437157094,-0.024074643850326538
4.0,56.0,7.0,3066.0,MEDIUM,OWN_TERRITORY,LEADING,EARLY,PUNT,-0.20947808679193258,-0.022021234035491943
12.0,50.0,-7.0,2872.0,VERY_LONG,MIDFIELD,TRAILING,EARLY,PUNT,-0.8246785663068295,-0.012753874063491821
5.0,22.0,7.0,2431.0,MEDIUM,OPPONENT_21_35,LEADING,EARLY,FIELD_GOAL,0.6731986860656627,0.02582848072052002
1.0,9.0,7.0,1470.0,SHORT,RED_ZONE,LEADING,MID,GO,1.6254314377438277,0.01726621389389038
5.0,5.0,7.0,1378.0,MEDIUM,RED_ZONE,LEADING,MID,FIELD_GOAL,0.05407403236238606,-0.0188300758600235
13.0,27.0,3.0,423.0,VERY_LONG,OPPONENT_21_35,LEADING,MID,FIELD_GOAL,1.0427184465159176,0.02972070872783661
4.0,55.0,-6.0,326.0,MEDIUM,OWN_TERRITORY,TRAILING,MID,PUNT,0.18456958187744021,0.017533406615257263
17.0,85.0,6.0,176.0,VERY_LONG,OWN_TERRITORY,LEADING,LATE,PUNT,-0.4025240468326956,0.020638391375541687
18.0,18.0,-1.0,11.0,VERY_LONG,RED_ZONE,TRAILING,LATE,FIELD_GOAL,0.2932376092720559,0.2243078500032425
3.0,78.0,-7.0,3284.0,MEDIUM,OWN_TERRITORY,TRAILING,EARLY,PUNT,-0.3035338690970093,-0.019051924347877502
9.0,59.0,-7.0,3075.0,LONG,OWN_TERRITORY,TRAILING,EARLY,PUNT,0.05870884796604514,-0.021866977214813232
2.0,15.0,7.0,2746.0,SHORT,RED_ZONE,LEADING,EARLY,GO,-3.544980154838413,-0.06928962469100952
3.0,53.0,-7.0,2602.0,MEDIUM,OWN_TERRITORY,TRAILING,EARLY,PUNT,-0.4132202654145658,0.003797084093093872
17.0,78.0,7.0,2418.0,VERY_LONG,OWN_TERRITORY,LEADING,EARLY,PUNT,-0.19960978580638766,0.02272525429725647
6.0,50.0,-7.0,2262.0,LONG,MIDFIELD,TRAILING,EARLY,PUNT,-0.5080089983530343,-0.005404800176620483
11.0,66.0,-14.0,2060.0,VERY_LONG,OWN_TERRITORY,TRAILING,EARLY,PUNT,0.4959467232692987,0.002622157335281372
15.0,91.0,14.0,1986.0,VERY_LONG,OWN_TERRITORY,LEADING,EARLY,PUNT,0.20526733621954918,0.015774548053741455
5.0,36.0,14.0,1916.0,MEDIUM,MIDFIELD,LEADING,EARLY,FIELD_GOAL,-3.340975383280462,-0.0513022243976593
2.0,28.0,-11.0,1521.0,SHORT,OPPONENT_21_35,TRAILING,MID,GO,2.397331950138323,0.049787551164627075
3.0,72.0,-12.0,1079.0,MEDIUM,OWN_TERRITORY,TRAILING,MID,PUNT,-0.5471018247772008,-0.002504222095012665
1.0,50.0,12.0,900.0,SHORT,MIDFIELD,LEADING,MID,GO,2.0889298263937235,0.022291719913482666
6.0,45.0,12.0,792.0,LONG,MIDFIELD,LEADING,MID,PUNT,-0.4130685187410563,0.03291778266429901
4.0,63.0,-12.0,696.0,MEDIUM,OWN_TERRITORY,TRAILING,MID,GO,-2.816940844291821,-0.01428765058517456
10.0,40.0,12.0,623.0,LONG,MIDFIELD,LEADING,MID,FIELD_GOAL,2.5640115026059704,0.021016106009483337
4.0,29.0,-15.0,432.0,MEDIUM,OPPONENT_21_35,TRAILING,MID,GO,2.6606103611993603,0.028558429330587387
8.0,12.0,-15.0,269.0,LONG,RED_ZONE,TRAILING,LATE,GO,-3.0858220895170234,-0.02675228752195835
8.0,85.0,15.0,250.0,LONG,OWN_TERRITORY,LEADING,LATE,PUNT,-0.10094995202962309,-0.011323384009301662
21.0,48.0,-15.0,153.0,VERY_LONG,MIDFIELD,TRAILING,LATE,GO,-1.6621898510493338,-0.0003505714703351259
6.0,62.0,15.0,19.0,LONG,OWN_TERRITORY,LEADING,LATE,PUNT,-0.002933490090072155,0.0003060979943256825
8.0,59.0,-7.0,3406.0,LONG,OWN_TERRITORY,TRAILING,EARLY,PUNT,1.292573380516842,0.0014767050743103027
3.0,29.0,-1.0,3079.0,MEDIUM,OPPONENT_21_35,TRAILING,EARLY,FIELD_GOAL,1.2021628717445725,0.006066858768463135
1.0,78.0,-2.0,2988.0,SHORT,OWN_TERRITORY,TRAILING,EARLY,PUNT,-0.06027038395404816,-0.03261464834213257
4.0,53.0,-9.0,2834.0,MEDIUM,OWN_TERRITORY,TRAILING,EARLY,PUNT,-0.9049255009740591,0.015372827649116516
9.0,59.0,9.0,2657.0,LONG,OWN_TERRITORY,LEADING,EARLY,PUNT,0.518252354580909,0.033031269907951355
5.0,46.0,-9.0,2459.0,MEDIUM,MIDFIELD,TRAILING,EARLY,GO,-2.852940085809678,-0.038280948996543884
12.0,43.0,9.0,2247.0,VERY_LONG,MIDFIELD,LEADING,EARLY,FIELD_GOAL,2.8193064788749713,0.0186893492937088
7.0,87.0,-12.0,2140.0,LONG,OWN_TERRITORY,TRAILING,EARLY,PUNT,0.7771483915857971,0.029119625687599182
11.0,62.0,12.0,1925.0,VERY_LONG,OWN_TERRITORY,LEADING,EARLY,PUNT,-1.1358556628692895,0.0120314359664917
6.0,11.0,19.0,768.0,LONG,RED_ZONE,LEADING,MID,FIELD_GOAL,0.1666923259741222,0.0035887854173779488
1.0,36.0,-22.0,631.0,SHORT,MIDFIELD,TRAILING,MID,GO,-4.0929406334180385,-0.002666233340278268
11.0,49.0,22.0,417.0,VERY_LONG,MIDFIELD,LEADING,MID,PUNT,0.17226389120332897,-0.00022376910783350468
12.0,94.0,-22.0,285.0,VERY_LONG,OWN_TERRITORY,TRAILING,LATE,PUNT,1.2869405843084678,-0.00019989185966551304
15.0,74.0,0.0,3477.0,VERY_LONG,OWN_TERRITORY,TIED,EARLY,PUNT,0.775389913469553,0.05268922448158264
14.0,27.0,0.0,3138.0,VERY_LONG,OPPONENT_21_35,TIED,EARLY,FIELD_GOAL,1.0441891525263025,0.02947688102722168
17.0,25.0,3.0,2587.0,VERY_LONG,OPPONENT_21_35,LEADING,EARLY,FIELD_GOAL,0.8859548518172948,0.017957746982574463
7.0,30.0,-6.0,2343.0,LONG,OPPONENT_21_35,TRAILING,EARLY,FIELD_GOAL,1.465509798060698,0.04546716809272766
7.0,70.0,-9.0,2151.0,LONG,OWN_TERRITORY,TRAILING,EARLY,PUNT,0.15040753595530987,-0.017857596278190613
6.0,60.0,9.0,2007.0,LONG,OWN_TERRITORY,LEADING,EARLY,PUNT,0.2967372175771743,-0.024190261960029602
14.0,14.0,-16.0,1801.0,VERY_LONG,RED_ZONE,TRAILING,EARLY,FIELD_GOAL,-2.821757280153627,-0.00008971989154815674
25.0,68.0,-23.0,1524.0,VERY_LONG,OWN_TERRITORY,TRAILING,MID,PUNT,0.8438765704631805,-0.009230404160916805
10.0,35.0,-37.0,793.0,LONG,OPPONENT_21_35,TRAILING,MID,GO,3.3071787792723626,-7.630354957655072e-6
12.0,58.0,31.0,306.0,VERY_LONG,OWN_TERRITORY,LEADING,MID,PUNT,0.11697044083848596,0.0001300851727137342
3.0,74.0,-31.0,206.0,MEDIUM,OWN_TERRITORY,TRAILING,LATE,PUNT,0.10288584313821048,0.000039191545511130244
7.0,70.0,31.0,117.0,LONG,OWN_TERRITORY,LEADING,LATE,PUNT,0.023289032047614455,0.00007033611473161727
14.0,14.0,0.0,3115.0,VERY_LONG,RED_ZONE,TIED,EARLY,FIELD_GOAL,0.2064966346877144,0.011606097221374512
2.0,64.0,-3.0,2984.0,SHORT,OWN_TERRITORY,TRAILING,EARLY,PUNT,-0.06205497356131673,-0.030870527029037476
7.0,22.0,3.0,2707.0,LONG,OPPONENT_21_35,LEADING,EARLY,FIELD_GOAL,0.6306342051830205,0.046976953744888306
28.0,65.0,-1.0,2200.0,VERY_LONG,OWN_TERRITORY,TRAILING,EARLY,PUNT,-0.1657404461875558,-0.0443875789642334
2.0,36.0,1.0,2008.0,SHORT,MIDFIELD,LEADING,EARLY,GO,2.2055865458678454,0.06034505367279053
15.0,24.0,1.0,1871.0,VERY_LONG,OPPONENT_21_35,LEADING,EARLY,FIELD_GOAL,0.7293678096304408,0.003688901662826538
6.0,40.0,-4.0,1803.0,LONG,MIDFIELD,TRAILING,EARLY,FIELD_GOAL,-1.3722486860139054,0.024457484483718872
3.0,10.0,4.0,1508.0,MEDIUM,RED_ZONE,LEADING,MID,FIELD_GOAL,0.1318411730890312,-0.04193060100078583
3.0,65.0,-7.0,1387.0,MEDIUM,OWN_TERRITORY,TRAILING,MID,PUNT,0.6233364949002862,0.017748549580574036
8.0,14.0,7.0,1118.0,LONG,RED_ZONE,LEADING,MID,FIELD_GOAL,0.23369817926152292,-0.0010376125574111938
10.0,44.0,3.0,595.0,LONG,MIDFIELD,LEADING,MID,PUNT,0.19688357040286064,-0.027447223663330078
5.0,30.0,-10.0,310.0,MEDIUM,OPPONENT_21_35,TRAILING,MID,FIELD_GOAL,1.4481634717125398,0.03835655003786087
1.0,1.0,-14.0,29.0,SHORT,RED_ZONE,TRAILING,LATE,GO,-3.932945861015469,-0.00035372423008084297
18.0,18.0,0.0,3229.0,VERY_LONG,RED_ZONE,TIED,EARLY,FIELD_GOAL,0.43244328596955217,0.019418984651565552
2.0,60.0,-4.0,2902.0,SHORT,OWN_TERRITORY,TRAILING,EARLY,PUNT,-1.2770791612565517,-0.03314027190208435
8.0,54.0,4.0,2759.0,LONG,OWN_TERRITORY,LEADING,EARLY,PUNT,0.0855783368460834,-0.0027375519275665283
5.0,29.0,4.0,2486.0,MEDIUM,OPPONENT_21_35,LEADING,EARLY,FIELD_GOAL,-3.6846887304373466,-0.08185380697250366
13.0,14.0,-4.0,2264.0,VERY_LONG,RED_ZONE,TRAILING,EARLY,FIELD_GOAL,0.23242753302638608,-0.005050629377365112
4.0,70.0,1.0,2176.0,MEDIUM,OWN_TERRITORY,LEADING,EARLY,PUNT,-0.7235758262686431,-0.06074845790863037
5.0,61.0,-1.0,2063.0,MEDIUM,OWN_TERRITORY,TRAILING,EARLY,PUNT,-0.02067831577733159,-0.05130523443222046
11.0,60.0,1.0,1935.0,VERY_LONG,OWN_TERRITORY,LEADING,EARLY,PUNT,-0.07710823742672801,-0.056593358516693115
2.0,24.0,-1.0,1802.0,SHORT,OPPONENT_21_35,TRAILING,EARLY,FIELD_GOAL,0.5482577185321791,0.007149070501327515
9.0,68.0,-2.0,1700.0,LONG,OWN_TERRITORY,TRAILING,MID,PUNT,0.23590190336108208,-0.026825040578842163
1.0,76.0,-16.0,1169.0,SHORT,OWN_TERRITORY,TRAILING,MID,GO,2.274343764875084,0.009598203003406525
11.0,12.0,-23.0,738.0,VERY_LONG,RED_ZONE,TRAILING,MID,GO,-3.109684376104269,-0.0026480224914848804
12.0,89.0,23.0,623.0,VERY_LONG,OWN_TERRITORY,LEADING,MID,PUNT,-2.009785767295398,-0.0019414089620113373
15.0,72.0,-19.0,205.0,VERY_LONG,OWN_TERRITORY,TRAILING,LATE,GO,-2.123028367292136,-0.00022292934590950608
6.0,6.0,0.0,3336.0,LONG,RED_ZONE,TIED,EARLY,FIELD_GOAL,0.058464753611150666,-0.003677874803543091
18.0,81.0,-4.0,3057.0,VERY_LONG,OWN_TERRITORY,TRAILING,EARLY,PUNT,0.13634649105370045,0.017438113689422607
20.0,52.0,-11.0,2696.0,VERY_LONG,OWN_TERRITORY,TRAILING,EARLY,PUNT,0.42672161757946014,0.040255606174468994
8.0,88.0,11.0,2634.0,LONG,OWN_TERRITORY,LEADING,EARLY,PUNT,0.19792909128591418,-0.004381299018859863
1.0,71.0,-10.0,1945.0,SHORT,OWN_TERRITORY,TRAILING,EARLY,PUNT,-0.5918627202045172,-0.005495518445968628
3.0,27.0,-17.0,1527.0,MEDIUM,OPPONENT_21_35,TRAILING,MID,GO,2.9984445745358244,0.03487319499254227
13.0,24.0,10.0,1266.0,VERY_LONG,OPPONENT_21_35,LEADING,MID,FIELD_GOAL,0.898871329461425,0.029318831861019135
6.0,56.0,-13.0,1105.0,LONG,OWN_TERRITORY,TRAILING,MID,PUNT,-0.07603720296174288,-0.017871074378490448
1.0,62.0,20.0,150.0,SHORT,OWN_TERRITORY,LEADING,LATE,PUNT,-1.0878129701595753,-0.000026322028134018183
6.0,67.0,-20.0,35.0,LONG,OWN_TERRITORY,TRAILING,LATE,PUNT,0.0774702123599127,-0.00006510448292829096
1.0,71.0,0.0,3517.0,SHORT,OWN_TERRITORY,TIED,EARLY,PUNT,-0.04261735361069441,0.01458728313446045
20.0,38.0,0.0,3226.0,VERY_LONG,MIDFIELD,TIED,EARLY,FIELD_GOAL,2.847633679808936,0.028172671794891357
8.0,63.0,-4.0,2910.0,LONG,OWN_TERRITORY,TRAILING,EARLY,PUNT,0.30484981602057815,0.007401615381240845
10.0,39.0,4.0,2695.0,LONG,MIDFIELD,LEADING,EARLY,FIELD_GOAL,-3.1643860001185375,-0.07183283567428589
3.0,32.0,-4.0,2543.0,MEDIUM,OPPONENT_21_35,TRAILING,EARLY,FIELD_GOAL,1.8133575500886612,0.007730931043624878
9.0,73.0,1.0,2477.0,LONG,OWN_TERRITORY,LEADING,EARLY,PUNT,-0.5475394453387707,-0.03663375973701477
9.0,29.0,-1.0,2156.0,LONG,OPPONENT_21_35,TRAILING,EARLY,FIELD_GOAL,1.3282892211386266,0.0043312013149261475
3.0,59.0,-2.0,2053.0,MEDIUM,OWN_TERRITORY,TRAILING,EARLY,PUNT,0.13770700711756945,-0.05489844083786011
8.0,71.0,9.0,1752.0,LONG,OWN_TERRITORY,LEADING,MID,PUNT,1.226310902275145,0.01314939558506012
1.0,17.0,-9.0,1518.0,SHORT,RED_ZONE,TRAILING,MID,GO,1.702438298962079,0.06790751218795776
10.0,38.0,2.0,1239.0,LONG,MIDFIELD,LEADING,MID,FIELD_GOAL,2.7428200217323417,0.0547160804271698
13.0,80.0,-3.0,789.0,VERY_LONG,OWN_TERRITORY,TRAILING,MID,PUNT,-0.9657771673519164,-0.022795438766479492
19.0,84.0,-10.0,548.0,VERY_LONG,OWN_TERRITORY,TRAILING,MID,PUNT,-0.30703646829351783,-0.008503586053848267
6.0,9.0,10.0,331.0,LONG,RED_ZONE,LEADING,MID,FIELD_GOAL,0.10296927235625652,0.005509920418262482
3.0,7.0,13.0,242.0,MEDIUM,RED_ZONE,LEADING,LATE,FIELD_GOAL,0.07360782682832223,-0.0005472628399729729
5.0,54.0,-16.0,207.0,MEDIUM,OWN_TERRITORY,TRAILING,LATE,GO,3.078661522537004,0.0005774692399427295
17.0,73.0,0.0,3516.0,VERY_LONG,OWN_TERRITORY,TIED,EARLY,PUNT,-0.2543522887863219,0.029717624187469482
5.0,63.0,0.0,3375.0,MEDIUM,OWN_TERRITORY,TIED,EARLY,PUNT,-0.17882222682237625,-0.013216257095336914
1.0,8.0,0.0,2947.0,SHORT,RED_ZONE,TIED,EARLY,GO,1.638709008519072,0.054850220680236816
3.0,38.0,-7.0,2727.0,MEDIUM,MIDFIELD,TRAILING,EARLY,GO,3.022418258828111,0.0776495635509491
2.0,26.0,-7.0,2583.0,SHORT,OPPONENT_21_35,TRAILING,EARLY,FIELD_GOAL,0.9022825016772731,0.0283564031124115
4.0,57.0,4.0,2440.0,MEDIUM,OWN_TERRITORY,LEADING,EARLY,PUNT,0.23761159204877913,0.042884111404418945
6.0,92.0,-4.0,2322.0,LONG,OWN_TERRITORY,TRAILING,EARLY,PUNT,-1.2157591804862022,0.014635294675827026
7.0,15.0,4.0,2178.0,LONG,RED_ZONE,LEADING,EARLY,FIELD_GOAL,0.2763014213958037,0.00654524564743042
8.0,70.0,-7.0,2090.0,LONG,OWN_TERRITORY,TRAILING,EARLY,PUNT,0.5606814750935882,0.020268917083740234
3.0,64.0,-14.0,1713.0,MEDIUM,OWN_TERRITORY,TRAILING,MID,PUNT,0.10187873803079128,0.001088075339794159
6.0,82.0,14.0,1591.0,LONG,OWN_TERRITORY,LEADING,MID,PUNT,0.5515512111596763,-0.006905555725097656
4.0,59.0,-21.0,1058.0,MEDIUM,OWN_TERRITORY,TRAILING,MID,GO,-3.0462008320027962,-0.004050776362419128
7.0,65.0,-28.0,664.0,LONG,OWN_TERRITORY,TRAILING,MID,GO,-2.832108680042438,0.00007353426917688921
8.0,17.0,28.0,521.0,LONG,RED_ZONE,LEADING,MID,FIELD_GOAL,0.3553166645448109,0.00011961651034653187
4.0,59.0,-31.0,483.0,MEDIUM,OWN_TERRITORY,TRAILING,MID,GO,2.9711202897597104,4.9454247346147895e-6
1.0,27.0,24.0,69.0,SHORT,OPPONENT_21_35,LEADING,LATE,GO,-3.3889502391102724,-0.00031261032563634217
1.0,59.0,0.0,3407.0,SHORT,OWN_TERRITORY,TIED,EARLY,PUNT,-1.0498335398733616,-0.007693380117416382
19.0,91.0,-7.0,2844.0,VERY_LONG,OWN_TERRITORY,TRAILING,EARLY,PUNT,0.2588533859234303,0.0018647462129592896
5.0,35.0,-14.0,2340.0,MEDIUM,OPPONENT_21_35,TRAILING,EARLY,FIELD_GOAL,1.647012425377954,0.020369060337543488
17.0,31.0,11.0,2170.0,VERY_LONG,OPPONENT_21_35,LEADING,EARLY,FIELD_GOAL,-3.724270325872827,-0.03443445265293121
2.0,53.0,-11.0,2052.0,SHORT,OWN_TERRITORY,TRAILING,EARLY,PUNT,-0.11053292430005968,-0.006134688854217529
1.0,35.0,-18.0,1803.0,SHORT,OPPONENT_21_35,TRAILING,EARLY,FIELD_GOAL,-2.0680755046598884,-0.01455274224281311
2.0,25.0,18.0,1505.0,SHORT,OPPONENT_21_35,LEADING,MID,FIELD_GOAL,1.028650100584799,-0.0008620284497737885
9.0,66.0,-21.0,1330.0,LONG,OWN_TERRITORY,TRAILING,MID,PUNT,0.1309402114711702,-0.009602895006537437
5.0,16.0,21.0,424.0,MEDIUM,RED_ZONE,LEADING,MID,FIELD_GOAL,0.24776379671381354,0.0002945084706880152
8.0,63.0,-24.0,383.0,LONG,OWN_TERRITORY,TRAILING,MID,GO,-3.079886246006936,-0.00015430650091730058
13.0,27.0,24.0,120.0,VERY_LONG,OPPONENT_21_35,LEADING,LATE,FIELD_GOAL,1.0567524964900963,0.00007130762242013589
11.0,70.0,-7.0,3441.0,VERY_LONG,OWN_TERRITORY,TRAILING,EARLY,PUNT,0.06141375657171011,0.038100868463516235
8.0,40.0,7.0,3075.0,LONG,MIDFIELD,LEADING,EARLY,FIELD_GOAL,-2.2240088399625497,-0.07617020606994629
3.0,46.0,0.0,2736.0,MEDIUM,MIDFIELD,TIED,EARLY,GO,2.8793984819203615,0.09827029705047607
1.0,11.0,0.0,2577.0,SHORT,RED_ZONE,TIED,EARLY,GO,1.3937915745191276,0.06862503290176392
11.0,53.0,-7.0,2281.0,VERY_LONG,OWN_TERRITORY,TRAILING,EARLY,PUNT,0.09791395138017833,0.011642783880233765
14.0,91.0,7.0,2179.0,VERY_LONG,OWN_TERRITORY,LEADING,EARLY,PUNT,0.6684745074016973,0.024626225233078003
6.0,29.0,-7.0,1977.0,LONG,OPPONENT_21_35,TRAILING,EARLY,FIELD_GOAL,1.272114609498307,0.04223442077636719
10.0,65.0,-11.0,1702.0,LONG,OWN_TERRITORY,TRAILING,MID,PUNT,0.10255929036065936,-0.0020904764533042908
6.0,22.0,11.0,1328.0,LONG,OPPONENT_21_35,LEADING,MID,FIELD_GOAL,0.7128173370313098,0.006105989217758179
13.0,16.0,-14.0,923.0,VERY_LONG,RED_ZONE,TRAILING,MID,FIELD_GOAL,0.2824029343694958,-0.008358851075172424
21.0,78.0,-18.0,576.0,VERY_LONG,OWN_TERRITORY,TRAILING,MID,PUNT,0.3924207938835025,-0.004079731181263924
2.0,2.0,-25.0,169.0,SHORT,RED_ZONE,TRAILING,LATE,GO,3.8866579516325146,0.00008676295598331052
6.0,8.0,0.0,3317.0,LONG,RED_ZONE,TIED,EARLY,FIELD_GOAL,0.09768616257900975,-0.01290285587310791
1.0,63.0,-3.0,3200.0,SHORT,OWN_TERRITORY,TRAILING,EARLY,GO,-3.5567625830881298,-0.09126132726669312
9.0,63.0,-10.0,2882.0,LONG,OWN_TERRITORY,TRAILING,EARLY,PUNT,-0.26709123118780553,0.004887476563453674
9.0,74.0,10.0,2787.0,LONG,OWN_TERRITORY,LEADING,EARLY,PUNT,0.4038981613703072,0.0446736216545105
1.0,28.0,-10.0,2537.0,SHORT,OPPONENT_21_35,TRAILING,EARLY,FIELD_GOAL,1.2049816793069064,0.032684922218322754
2.0,15.0,-14.0,2123.0,SHORT,RED_ZONE,TRAILING,EARLY,GO,4.073680783738382,0.07500085062528583
5.0,7.0,-14.0,1804.0,MEDIUM,RED_ZONE,TRAILING,EARLY,FIELD_GOAL,0.06739614486280754,0.03231683373451233
6.0,43.0,-11.0,1652.0,LONG,MIDFIELD,TRAILING,MID,PUNT,-0.8222931171767414,-0.013550996780395508
6.0,76.0,11.0,1558.0,LONG,OWN_TERRITORY,LEADING,MID,PUNT,1.4783872431144118,0.028945893049240112
6.0,6.0,-11.0,1275.0,LONG,RED_ZONE,TRAILING,MID,FIELD_GOAL,0.05888556864327521,-0.018411651253700256
1.0,51.0,-14.0,521.0,SHORT,OWN_TERRITORY,TRAILING,MID,GO,3.6452374266227707,0.02119075134396553
16.0,78.0,6.0,424.0,VERY_LONG,OWN_TERRITORY,LEADING,MID,PUNT,-0.478548675077036,-0.015308186411857605
9.0,55.0,-1.0,32.0,LONG,OWN_TERRITORY,TRAILING,LATE,GO,-1.962456270644907,-0.2520933151245117
1.0,24.0,0.0,3195.0,SHORT,OPPONENT_21_35,TIED,EARLY,GO,1.3715318304602988,0.07011467218399048
2.0,15.0,0.0,3024.0,SHORT,RED_ZONE,TIED,EARLY,FIELD_GOAL,0.28480420440540755,-0.0033771097660064697
7.0,62.0,-3.0,2927.0,LONG,OWN_TERRITORY,TRAILING,EARLY,PUNT,0.31863804208114743,-0.01001882553100586
5.0,16.0,3.0,2700.0,MEDIUM,RED_ZONE,LEADING,EARLY,FIELD_GOAL,0.3136506945596875,0.042990416288375854
3.0,68.0,-6.0,2612.0,MEDIUM,OWN_TERRITORY,TRAILING,EARLY,PUNT,0.02321171131916344,0.01882043480873108
5.0,60.0,-13.0,2164.0,MEDIUM,OWN_TERRITORY,TRAILING,EARLY,PUNT,-0.4273643512278795,-0.025127679109573364
6.0,18.0,13.0,1862.0,LONG,RED_ZONE,LEADING,EARLY,FIELD_GOAL,0.3647029746611854,-0.009890079498291016
3.0,53.0,-9.0,1725.0,MEDIUM,OWN_TERRITORY,TRAILING,MID,PUNT,0.30687857582233846,-0.004831656813621521
8.0,11.0,8.0,584.0,LONG,RED_ZONE,LEADING,MID,FIELD_GOAL,0.17019698534476912,0.008458063006401062
11.0,69.0,-11.0,485.0,VERY_LONG,OWN_TERRITORY,TRAILING,MID,PUNT,-0.42230849293991923,-0.010246120393276215
3.0,54.0,11.0,263.0,MEDIUM,OWN_TERRITORY,LEADING,LATE,PUNT,0.6746210865676403,-0.009081240743398666
4.0,93.0,11.0,62.0,MEDIUM,OWN_TERRITORY,LEADING,LATE,PUNT,-1.1579688805504702,-0.010663175955414772
13.0,53.0,-11.0,15.0,VERY_LONG,OWN_TERRITORY,TRAILING,LATE,GO,-0.1537797716446221,-0.0029667934868484735
26.0,70.0,0.0,3247.0,VERY_LONG,OWN_TERRITORY,TIED,EARLY,PUNT,-0.37931674160063267,0.02099195122718811
10.0,41.0,0.0,2869.0,LONG,MIDFIELD,TIED,EARLY,PUNT,-0.2302481171209365,0.022449016571044922
1.0,1.0,0.0,2248.0,SHORT,RED_ZONE,TIED,EARLY,GO,-4.052795798634179,-0.11170798540115356
7.0,46.0,-7.0,2045.0,LONG,MIDFIELD,TRAILING,EARLY,PUNT,-0.284703383105807,-0.004094064235687256
7.0,84.0,7.0,1918.0,LONG,OWN_TERRITORY,LEADING,EARLY,PUNT,-0.025037988321855664,0.0041456520557403564
1.0,1.0,4.0,1512.0,SHORT,RED_ZONE,LEADING,MID,GO,2.4256911490811035,0.03308663804053913
17.0,92.0,-11.0,1411.0,VERY_LONG,OWN_TERRITORY,TRAILING,MID,PUNT,0.24456693977117538,0.005135133862495422
9.0,37.0,11.0,1147.0,LONG,MIDFIELD,LEADING,MID,FIELD_GOAL,1.860023779631736,0.04798103868961334
10.0,34.0,14.0,848.0,LONG,OPPONENT_21_35,LEADING,MID,FIELD_GOAL,1.5808620104060687,0.020796850323677063
2.0,56.0,-17.0,708.0,SHORT,OWN_TERRITORY,TRAILING,MID,GO,-3.1039116999600083,-0.01230478286743164
2.0,36.0,17.0,572.0,SHORT,MIDFIELD,LEADING,MID,FIELD_GOAL,1.835781570043308,0.0007381625473499298
11.0,24.0,-20.0,297.0,VERY_LONG,OPPONENT_21_35,TRAILING,LATE,GO,-3.4544025763170794,-0.0003311231266707182
4.0,70.0,20.0,156.0,MEDIUM,OWN_TERRITORY,LEADING,LATE,PUNT,-0.5062320093857124,0.000018984894268214703
3.0,74.0,-20.0,96.0,MEDIUM,OWN_TERRITORY,TRAILING,LATE,GO,1.4536715961294249,0.00026994937798008323
4.0,42.0,-20.0,38.0,MEDIUM,MIDFIELD,TRAILING,LATE,GO,2.2630523125408217,0.0002221766917500645
17.0,25.0,0.0,3288.0,VERY_LONG,OPPONENT_21_35,TIED,EARLY,FIELD_GOAL,0.849549902812913,0.03634554147720337
12.0,55.0,-3.0,3017.0,VERY_LONG,OWN_TERRITORY,TRAILING,EARLY,PUNT,-0.8385500886943191,-0.004396706819534302
14.0,73.0,-10.0,2185.0,VERY_LONG,OWN_TERRITORY,TRAILING,EARLY,PUNT,-0.707069250755012,-0.00020432472229003906
19.0,72.0,10.0,2125.0,VERY_LONG,OWN_TERRITORY,LEADING,EARLY,PUNT,0.38423822936601937,0.028042808175086975
4.0,48.0,-10.0,1913.0,MEDIUM,MIDFIELD,TRAILING,EARLY,PUNT,-0.9307887176983058,-0.006750807166099548
8.0,68.0,10.0,1834.0,LONG,OWN_TERRITORY,LEADING,EARLY,PUNT,-0.10993650747695938,0.004998847842216492
3.0,42.0,-10.0,1590.0,MEDIUM,MIDFIELD,TRAILING,MID,PUNT,-1.2244665599428117,-0.014380142092704773
9.0,69.0,-17.0,1485.0,LONG,OWN_TERRITORY,TRAILING,MID,PUNT,-0.17468045558780432,-0.004953976720571518
3.0,44.0,-24.0,1001.0,MEDIUM,MIDFIELD,TRAILING,MID,GO,-3.380830666515976,-0.0028132686857134104
1.0,37.0,24.0,912.0,SHORT,MIDFIELD,LEADING,MID,GO,2.139568386366591,0.00032138824462890625
16.0,16.0,-31.0,421.0,VERY_LONG,RED_ZONE,TRAILING,MID,GO,-3.568757730710786,-0.00008509229519404471
7.0,77.0,31.0,337.0,LONG,OWN_TERRITORY,LEADING,MID,PUNT,-0.12578055122867227,0.00007840379112167284
2.0,3.0,-31.0,160.0,SHORT,RED_ZONE,TRAILING,LATE,GO,3.84620546590304,-0.00012896987355359713
8.0,63.0,24.0,79.0,LONG,OWN_TERRITORY,LEADING,LATE,PUNT,-0.19934910791926086,-0.00018854523659683764
1.0,59.0,0.0,3161.0,SHORT,OWN_TERRITORY,TIED,EARLY,GO,2.394977171206847,0.051958441734313965
6.0,40.0,0.0,2764.0,LONG,MIDFIELD,TIED,EARLY,GO,-1.8866537988651544,-0.04958915710449219
1.0,28.0,0.0,2430.0,SHORT,OPPONENT_21_35,TIED,EARLY,GO,-3.7196856719674543,-0.0838574767112732
2.0,2.0,0.0,1519.0,SHORT,RED_ZONE,TIED,MID,GO,3.747144025983289,0.10825956166305817
5.0,73.0,-7.0,1399.0,MEDIUM,OWN_TERRITORY,TRAILING,MID,PUNT,0.023595870938152075,0.016061931848526
21.0,48.0,-14.0,900.0,VERY_LONG,MIDFIELD,TRAILING,MID,PUNT,0.30204847385175526,-0.012773573398590088
9.0,64.0,-21.0,419.0,LONG,OWN_TERRITORY,TRAILING,MID,PUNT,0.41657806606963277,-0.0005182166351005435
6.0,62.0,21.0,149.0,LONG,OWN_TERRITORY,LEADING,LATE,PUNT,-0.36563479132018983,-0.00023222510935738683
4.0,4.0,0.0,3337.0,MEDIUM,RED_ZONE,TIED,EARLY,GO,-3.1229667778825387,-0.07753986120223999
5.0,29.0,0.0,2922.0,MEDIUM,OPPONENT_21_35,TIED,EARLY,FIELD_GOAL,1.0798110141870951,0.023401498794555664
22.0,89.0,-3.0,2831.0,VERY_LONG,OWN_TERRITORY,TRAILING,EARLY,PUNT,-0.40480833989568055,-0.026606053113937378
9.0,64.0,10.0,2044.0,LONG,OWN_TERRITORY,LEADING,EARLY,PUNT,-6.1174513658043,-0.15995592930096936
8.0,8.0,-17.0,1338.0,LONG,RED_ZONE,TRAILING,MID,FIELD_GOAL,0.11001572976549889,-0.012419268488883972
5.0,16.0,14.0,1055.0,MEDIUM,RED_ZONE,LEADING,MID,FIELD_GOAL,0.2897183217105086,-0.005104295909404755
3.0,21.0,-17.0,900.0,MEDIUM,OPPONENT_21_35,TRAILING,MID,GO,-3.266159320657607,-0.021975237876176834
11.0,79.0,17.0,779.0,VERY_LONG,OWN_TERRITORY,LEADING,MID,PUNT,0.7410650197416544,0.016176359727978706
24.0,71.0,10.0,440.0,VERY_LONG,OWN_TERRITORY,LEADING,MID,PUNT,-0.9797311834990978,-0.019148096442222595
8.0,36.0,10.0,155.0,LONG,MIDFIELD,LEADING,LATE,GO,-2.557752282184083,-0.0064511895179748535
28.0,81.0,-10.0,89.0,VERY_LONG,OWN_TERRITORY,TRAILING,LATE,GO,0.18708359287120402,-0.004520251415669918
12.0,70.0,0.0,3507.0,VERY_LONG,OWN_TERRITORY,TIED,EARLY,PUNT,0.1218942110426724,0.04097488522529602
9.0,52.0,-7.0,2996.0,LONG,OWN_TERRITORY,TRAILING,EARLY,PUNT,0.34325508563779294,0.005751490592956543
5.0,89.0,7.0,2910.0,MEDIUM,OWN_TERRITORY,LEADING,EARLY,PUNT,-0.28287463868036866,-0.008513450622558594
7.0,67.0,-7.0,2272.0,LONG,OWN_TERRITORY,TRAILING,EARLY,PUNT,-0.49986908258870244,-0.0028010159730911255
2.0,29.0,-14.0,1881.0,SHORT,OPPONENT_21_35,TRAILING,EARLY,GO,-1.7938576506567188,-0.03818017989397049
13.0,13.0,7.0,1290.0,VERY_LONG,RED_ZONE,LEADING,MID,FIELD_GOAL,0.20506135445988427,-0.022825315594673157
6.0,80.0,-10.0,1234.0,LONG,OWN_TERRITORY,TRAILING,MID,PUNT,-0.8732484495267272,-0.0014875829219818115
6.0,20.0,-10.0,852.0,LONG,RED_ZONE,TRAILING,MID,FIELD_GOAL,0.49021702907347064,-0.0190238356590271
12.0,47.0,7.0,587.0,VERY_LONG,MIDFIELD,LEADING,MID,PUNT,-0.23630440793931484,-0.015259355306625366
4.0,20.0,-7.0,363.0,MEDIUM,RED_ZONE,TRAILING,MID,GO,2.436781250173226,0.13186943531036377
8.0,8.0,-7.0,284.0,LONG,RED_ZONE,TRAILING,LATE,GO,4.256560768058989,0.17923587343944325
6.0,67.0,1.0,223.0,LONG,OWN_TERRITORY,LEADING,LATE,PUNT,0.2495424672961235,-0.06819051504135132
20.0,58.0,-1.0,123.0,VERY_LONG,OWN_TERRITORY,TRAILING,LATE,PUNT,-0.14410579844843596,-0.12371456623077393
4.0,31.0,0.0,3431.0,MEDIUM,OPPONENT_21_35,TIED,EARLY,FIELD_GOAL,1.6291601173404655,0.0488055944442749
3.0,60.0,-3.0,3337.0,MEDIUM,OWN_TERRITORY,TRAILING,EARLY,PUNT,0.5294143534265459,-0.0135173499584198
2.0,2.0,-3.0,3210.0,SHORT,RED_ZONE,TRAILING,EARLY,GO,3.805163493787404,0.09250119376130117
6.0,17.0,-4.0,2860.0,LONG,RED_ZONE,TRAILING,EARLY,FIELD_GOAL,-3.8475065054268915,-0.10242536664009094
11.0,53.0,-11.0,2448.0,VERY_LONG,OWN_TERRITORY,TRAILING,EARLY,PUNT,-0.48657451407052577,-0.0015367120504379272
19.0,86.0,11.0,2345.0,VERY_LONG,OWN_TERRITORY,LEADING,EARLY,PUNT,-1.7996948930667713,-0.044897377490997314
6.0,25.0,-11.0,2282.0,LONG,OPPONENT_21_35,TRAILING,EARLY,FIELD_GOAL,0.8791378426034946,0.025640353560447693
2.0,64.0,8.0,2147.0,SHORT,OWN_TERRITORY,LEADING,EARLY,PUNT,-0.26915255514904857,-0.03623299300670624
2.0,13.0,-8.0,1868.0,SHORT,RED_ZONE,TRAILING,EARLY,GO,-2.660845304315444,-0.05389261245727539
2.0,79.0,8.0,1841.0,SHORT,OWN_TERRITORY,LEADING,EARLY,PUNT,0.08179984573507681,0.0017327666282653809
17.0,94.0,-15.0,1294.0,VERY_LONG,OWN_TERRITORY,TRAILING,MID,PUNT,0.8713651355355978,0.005005180835723877
9.0,52.0,-22.0,1058.0,LONG,OWN_TERRITORY,TRAILING,MID,PUNT,-0.3658098722808063,-0.003401870373636484
7.0,47.0,22.0,926.0,LONG,MIDFIELD,LEADING,MID,PUNT,-0.018002517987042665,-0.0033068093471229076
1.0,44.0,-22.0,802.0,SHORT,MIDFIELD,TRAILING,MID,GO,2.434352617012337,0.003547214437276125
11.0,38.0,-22.0,699.0,VERY_LONG,MIDFIELD,TRAILING,MID,GO,4.073853716021404,0.0025560713838785887
11.0,72.0,22.0,489.0,VERY_LONG,OWN_TERRITORY,LEADING,MID,PUNT,0.4635491482913494,-0.0004839032771997154
10.0,73.0,0.0,3451.0,LONG,OWN_TERRITORY,TIED,EARLY,PUNT,0.0834640203975141,0.02732601761817932
1.0,59.0,0.0,2927.0,SHORT,OWN_TERRITORY,TIED,EARLY,GO,2.311536812223494,0.06348845362663269
23.0,31.0,0.0,2277.0,VERY_LONG,OPPONENT_21_35,TIED,EARLY,FIELD_GOAL,1.6056728972048666,0.04593527317047119
1.0,6.0,-3.0,1995.0,SHORT,RED_ZONE,TRAILING,EARLY,GO,2.0666116980137303,0.052449047565460205
6.0,8.0,-4.0,1805.0,LONG,RED_ZONE,TRAILING,EARLY,FIELD_GOAL,0.07790733875245115,0.03562349081039429
4.0,25.0,-1.0,1538.0,MEDIUM,OPPONENT_21_35,TRAILING,MID,FIELD_GOAL,-3.3768982423231337,-0.13305950164794922
4.0,49.0,1.0,1368.0,MEDIUM,MIDFIELD,LEADING,MID,PUNT,-0.20842394838109612,-0.04543733596801758
4.0,36.0,-7.0,895.0,MEDIUM,MIDFIELD,TRAILING,MID,GO,2.737087784684263,0.08603894710540771
8.0,13.0,-7.0,660.0,LONG,RED_ZONE,TRAILING,MID,GO,-2.894977046031272,-0.07454721629619598
10.0,74.0,7.0,455.0,LONG,OWN_TERRITORY,LEADING,MID,PUNT,-0.2040090379305184,-0.007777050137519836
3.0,43.0,-7.0,350.0,MEDIUM,MIDFIELD,TRAILING,MID,GO,3.0097449408494867,0.10407310724258423
2.0,2.0,-7.0,3230.0,SHORT,RED_ZONE,TRAILING,EARLY,GO,3.8681936897919513,0.10982636240162835
6.0,23.0,0.0,3046.0,LONG,OPPONENT_21_35,TIED,EARLY,FIELD_GOAL,0.79298954140511,0.00602993369102478
1.0,25.0,-3.0,2749.0,SHORT,OPPONENT_21_35,TRAILING,EARLY,GO,2.0085156216518953,0.05824083089828491
12.0,71.0,-4.0,2540.0,VERY_LONG,OWN_TERRITORY,TRAILING,EARLY,PUNT,0.6997793451882899,0.05833658576011658
2.0,74.0,4.0,2421.0,SHORT,OWN_TERRITORY,LEADING,EARLY,PUNT,0.49900797801092267,0.017508357763290405
15.0,15.0,-4.0,2151.0,VERY_LONG,RED_ZONE,TRAILING,EARLY,FIELD_GOAL,0.24859106666534148,-0.013538986444473267
2.0,6.0,1.0,1893.0,SHORT,RED_ZONE,LEADING,EARLY,FIELD_GOAL,0.06490026051451325,-0.034365713596343994
10.0,29.0,-3.0,1808.0,LONG,OPPONENT_21_35,TRAILING,EARLY,FIELD_GOAL,-2.1527866675996568,-0.09102964401245117
10.0,18.0,4.0,728.0,LONG,RED_ZONE,LEADING,MID,FIELD_GOAL,0.3912439362923754,0.041376903653144836
13.0,36.0,-7.0,358.0,VERY_LONG,MIDFIELD,TRAILING,MID,FIELD_GOAL,-2.8964108259586605,-0.07021209597587585
10.0,33.0,-14.0,222.0,LONG,OPPONENT_21_35,TRAILING,LATE,GO,3.813907997246133,0.026143163442611694
5.0,91.0,14.0,144.0,MEDIUM,OWN_TERRITORY,LEADING,LATE,PUNT,-0.6426559026585892,-0.001175070647150278
2.0,30.0,0.0,3271.0,SHORT,OPPONENT_21_35,TIED,EARLY,GO,2.3675358541077003,0.09364956617355347
14.0,32.0,0.0,3149.0,VERY_LONG,OPPONENT_21_35,TIED,EARLY,FIELD_GOAL,-3.4845977032719637,-0.058995604515075684
8.0,33.0,0.0,2974.0,LONG,OPPONENT_21_35,TIED,EARLY,FIELD_GOAL,-3.9960713384423308,-0.10080224275588989
5.0,5.0,0.0,2707.0,MEDIUM,RED_ZONE,TIED,EARLY,FIELD_GOAL,0.0660586043151481,-0.015893161296844482
10.0,65.0,-3.0,2691.0,LONG,OWN_TERRITORY,TRAILING,EARLY,PUNT,0.1471524820663035,-0.00695645809173584
2.0,71.0,3.0,2623.0,SHORT,OWN_TERRITORY,LEADING,EARLY,PUNT,0.47178297536447644,0.03230729699134827
23.0,23.0,3.0,2235.0,VERY_LONG,OPPONENT_21_35,LEADING,EARLY,FIELD_GOAL,0.6900097079022407,0.04436793923377991
1.0,20.0,-1.0,1915.0,SHORT,RED_ZONE,TRAILING,EARLY,FIELD_GOAL,0.4553350111754022,-0.03683009743690491
16.0,74.0,-2.0,1871.0,VERY_LONG,OWN_TERRITORY,TRAILING,EARLY,PUNT,-0.685829127789475,-0.012358903884887695
11.0,67.0,2.0,1846.0,VERY_LONG,OWN_TERRITORY,LEADING,EARLY,PUNT,2.7289128110569436,0.12663400173187256
8.0,63.0,-5.0,1645.0,LONG,OWN_TERRITORY,TRAILING,MID,PUNT,-2.175864869263023,-0.027704238891601562
9.0,23.0,5.0,1462.0,LONG,OPPONENT_21_35,LEADING,MID,FIELD_GOAL,0.7214189371752662,0.03274707496166229
11.0,69.0,-8.0,1327.0,VERY_LONG,OWN_TERRITORY,TRAILING,MID,PUNT,-1.2959457044489682,-0.024718046188354492
2.0,48.0,8.0,1234.0,SHORT,MIDFIELD,LEADING,MID,PUNT,-0.6986107067205012,-0.0015665441751480103
1.0,79.0,-8.0,1082.0,SHORT,OWN_TERRITORY,TRAILING,MID,PUNT,0.8988878934178501,0.01654331386089325
3.0,81.0,8.0,986.0,MEDIUM,OWN_TERRITORY,LEADING,MID,PUNT,-0.24838766478933394,0.009849101305007935
15.0,57.0,0.0,653.0,VERY_LONG,OWN_TERRITORY,TIED,MID,PUNT,-0.30174747365526855,0.0691954493522644
8.0,78.0,0.0,597.0,LONG,OWN_TERRITORY,TIED,MID,PUNT,-0.4700154149904847,0.047118157148361206
2.0,56.0,0.0,444.0,SHORT,OWN_TERRITORY,TIED,MID,PUNT,-0.9390213759616017,0.025995463132858276
6.0,76.0,0.0,373.0,LONG,OWN_TERRITORY,TIED,MID,PUNT,0.4927950408309698,0.08274796605110168
3.0,73.0,0.0,289.0,MEDIUM,OWN_TERRITORY,TIED,LATE,PUNT,0.30098637053743005,0.07758074998855591
8.0,50.0,0.0,81.0,LONG,MIDFIELD,TIED,LATE,PUNT,-0.9199499934911728,-0.11108195781707764
6.0,83.0,0.0,60.0,LONG,OWN_TERRITORY,TIED,LATE,PUNT,-0.6679431817028672,-0.10860240459442139
4.0,55.0,0.0,3512.0,MEDIUM,OWN_TERRITORY,TIED,EARLY,PUNT,-0.5246206014417112,0.014049619436264038
1.0,7.0,0.0,3278.0,SHORT,RED_ZONE,TIED,EARLY,GO,2.0291249367874116,0.05948895215988159
1.0,1.0,0.0,3187.0,SHORT,RED_ZONE,TIED,EARLY,GO,2.530610814341344,0.07987349158602863
14.0,78.0,-7.0,3063.0,VERY_LONG,OWN_TERRITORY,TRAILING,EARLY,PUNT,7.190190447785426,0.18043488264083862
3.0,4.0,-7.0,2960.0,MEDIUM,RED_ZONE,TRAILING,EARLY,GO,-2.7280167355784215,-0.05753999948501587
1.0,75.0,7.0,2730.0,SHORT,OWN_TERRITORY,LEADING,EARLY,GO,2.1160498950630426,0.04540354013442993
1.0,20.0,-7.0,2354.0,SHORT,RED_ZONE,TRAILING,EARLY,GO,1.6062658689916134,0.06644415855407715
3.0,63.0,-7.0,2013.0,MEDIUM,OWN_TERRITORY,TRAILING,EARLY,PUNT,-0.04710232431534678,-0.024810761213302612
1.0,65.0,-10.0,1696.0,SHORT,OWN_TERRITORY,TRAILING,MID,GO,2.344595514703542,0.03960041701793671
9.0,62.0,-10.0,1529.0,LONG,OWN_TERRITORY,TRAILING,MID,PUNT,0.11976467026397586,0.004681900143623352
2.0,57.0,10.0,1332.0,SHORT,OWN_TERRITORY,LEADING,MID,PUNT,-0.48937367694452405,-0.015844479203224182
3.0,60.0,-10.0,1168.0,MEDIUM,OWN_TERRITORY,TRAILING,MID,GO,3.5024754558689892,0.058703675866127014
9.0,33.0,-17.0,650.0,LONG,OPPONENT_21_35,TRAILING,MID,FIELD_GOAL,1.8929242723771988,0.004152042791247368
3.0,64.0,14.0,519.0,MEDIUM,OWN_TERRITORY,LEADING,MID,PUNT,-0.9041156265884638,-0.021881364285945892
15.0,28.0,14.0,415.0,VERY_LONG,OPPONENT_21_35,LEADING,MID,FIELD_GOAL,1.1786982123789786,-0.003981173969805241
20.0,71.0,10.0,73.0,VERY_LONG,OWN_TERRITORY,LEADING,LATE,PUNT,0.30214449239429086,-0.0033610686659812927
6.0,56.0,0.0,3515.0,LONG,OWN_TERRITORY,TIED,EARLY,PUNT,-0.21021073125302792,0.01873287558555603
10.0,69.0,0.0,3404.0,LONG,OWN_TERRITORY,TIED,EARLY,PUNT,0.2545444071292877,0.02091321349143982
1.0,15.0,0.0,2973.0,SHORT,RED_ZONE,TIED,EARLY,GO,1.6048390042269602,0.07279717922210693
1.0,37.0,0.0,2495.0,SHORT,MIDFIELD,TIED,EARLY,GO,-3.7681204359978437,-0.08229973912239075
20.0,46.0,0.0,2146.0,VERY_LONG,MIDFIELD,TIED,EARLY,PUNT,0.05560875148512423,0.05045229196548462
5.0,15.0,-3.0,1497.0,MEDIUM,RED_ZONE,TRAILING,MID,FIELD_GOAL,0.19192714594589733,0.015733331441879272
6.0,6.0,0.0,1289.0,LONG,RED_ZONE,TIED,MID,FIELD_GOAL,0.03510426785220533,0.012782007455825806
2.0,13.0,-3.0,920.0,SHORT,RED_ZONE,TRAILING,MID,GO,2.5200952410814352,0.09770935773849487
5.0,30.0,-3.0,20.0,MEDIUM,OPPONENT_21_35,TRAILING,LATE,FIELD_GOAL,0.837104164081119,0.13373495638370514
1.0,1.0,0.0,206.0,SHORT,RED_ZONE,TIED,LATE,GO,2.339531312813051,-0.006215606437880439
7.0,64.0,-7.0,3128.0,LONG,OWN_TERRITORY,TRAILING,EARLY,PUNT,-0.696088882163167,-0.03347662091255188
2.0,47.0,7.0,2963.0,SHORT,MIDFIELD,LEADING,EARLY,GO,-3.024903809884563,-0.06673562526702881
5.0,65.0,0.0,2577.0,MEDIUM,OWN_TERRITORY,TIED,EARLY,PUNT,-0.9556056135334074,-0.010853320360183716
5.0,28.0,0.0,2371.0,MEDIUM,OPPONENT_21_35,TIED,EARLY,FIELD_GOAL,1.240708428676926,0.04610505700111389
3.0,39.0,-4.0,2055.0,MEDIUM,MIDFIELD,TRAILING,EARLY,GO,-2.4448165078647435,-0.08142995834350586
1.0,1.0,-11.0,1806.0,SHORT,RED_ZONE,TRAILING,EARLY,FIELD_GOAL,0.026874336438924118,-0.007374763488769531
7.0,66.0,-8.0,1711.0,LONG,OWN_TERRITORY,TRAILING,MID,PUNT,0.3838478568941355,-0.012730106711387634
9.0,48.0,8.0,1429.0,LONG,MIDFIELD,LEADING,MID,PUNT,0.09996089455671608,-0.010700777173042297
25.0,75.0,-8.0,1242.0,VERY_LONG,OWN_TERRITORY,TRAILING,MID,PUNT,0.44363205367699265,0.02118109166622162
17.0,40.0,-15.0,860.0,VERY_LONG,MIDFIELD,TRAILING,MID,GO,5.140888273599558,0.05931144580245018
1.0,2.0,-15.0,694.0,SHORT,RED_ZONE,TRAILING,MID,GO,2.892408796469681,0.06945377361774452
18.0,53.0,7.0,412.0,VERY_LONG,OWN_TERRITORY,LEADING,MID,PUNT,0.1481735734269023,-0.011053338646888733
6.0,34.0,7.0,27.0,LONG,OPPONENT_21_35,LEADING,LATE,FIELD_GOAL,-2.0833206264799125,-0.04083056002855301
8.0,48.0,0.0,3429.0,LONG,MIDFIELD,TIED,EARLY,PUNT,-0.1838190935086459,0.028151333332061768
8.0,49.0,0.0,2986.0,LONG,MIDFIELD,TIED,EARLY,PUNT,-0.02152554807253182,0.02745315432548523
15.0,93.0,0.0,2893.0,VERY_LONG,OWN_TERRITORY,TIED,EARLY,PUNT,-4.02898088330403,-0.09381246395666687
8.0,9.0,-7.0,2649.0,LONG,RED_ZONE,TRAILING,EARLY,FIELD_GOAL,0.1003013589763242,0.03493732213973999
16.0,71.0,4.0,2531.0,VERY_LONG,OWN_TERRITORY,LEADING,EARLY,PUNT,-0.03327980590984225,0.04914841055870056
7.0,31.0,-3.0,2107.0,LONG,OPPONENT_21_35,TRAILING,EARLY,FIELD_GOAL,1.5251184247787077,0.06915029883384705
19.0,89.0,0.0,2040.0,VERY_LONG,OWN_TERRITORY,TIED,EARLY,PUNT,-0.003738254541531205,0.029911071062088013
11.0,58.0,0.0,1951.0,VERY_LONG,OWN_TERRITORY,TIED,EARLY,PUNT,-0.7268949151039124,0.02347409725189209
5.0,34.0,0.0,1825.0,MEDIUM,OPPONENT_21_35,TIED,EARLY,FIELD_GOAL,1.4501737762166125,0.07632917165756226
2.0,64.0,3.0,1708.0,SHORT,OWN_TERRITORY,LEADING,MID,PUNT,-0.7704546148888767,-0.00573885440826416
1.0,1.0,-3.0,1329.0,SHORT,RED_ZONE,TRAILING,MID,GO,-3.9834037657128647,-0.151014506816864
15.0,75.0,-10.0,662.0,VERY_LONG,OWN_TERRITORY,TRAILING,MID,PUNT,-0.350017880089581,-0.004768632352352142
27.0,77.0,10.0,522.0,VERY_LONG,OWN_TERRITORY,LEADING,MID,PUNT,-0.6641992090735584,-0.014694437384605408
2.0,19.0,-10.0,263.0,SHORT,RED_ZONE,TRAILING,LATE,FIELD_GOAL,0.43747374647193116,-0.017385393381118774
4.0,40.0,0.0,3471.0,MEDIUM,MIDFIELD,TIED,EARLY,GO,6.016863969620317,0.16374282359550574
17.0,79.0,0.0,3178.0,VERY_LONG,OWN_TERRITORY,TIED,EARLY,PUNT,0.08202830096706748,0.0238492488861084
16.0,56.0,-7.0,2738.0,VERY_LONG,OWN_TERRITORY,TRAILING,EARLY,PUNT,0.6353769383858889,0.030489444732666016
13.0,96.0,7.0,2648.0,VERY_LONG,OWN_TERRITORY,LEADING,EARLY,PUNT,-0.7229295034194365,0.006208568811416626
1.0,2.0,-7.0,2383.0,SHORT,RED_ZONE,TRAILING,EARLY,GO,2.6727561997249722,0.13832574886392324
23.0,32.0,0.0,2086.0,VERY_LONG,OPPONENT_21_35,TIED,EARLY,FIELD_GOAL,1.3191383036893995,0.06226584315299988
4.0,65.0,-3.0,2001.0,MEDIUM,OWN_TERRITORY,TRAILING,EARLY,PUNT,-0.4994680567178875,-0.018149346113204956
11.0,62.0,-3.0,1835.0,VERY_LONG,OWN_TERRITORY,TRAILING,EARLY,PUNT,0.030436848988756537,0.03951144218444824
3.0,50.0,3.0,1657.0,MEDIUM,MIDFIELD,LEADING,MID,PUNT,-0.23156643728725612,-0.018970340490341187
2.0,84.0,-3.0,1591.0,SHORT,OWN_TERRITORY,TRAILING,MID,PUNT,0.11135517247021198,0.0385286808013916
7.0,46.0,3.0,1466.0,LONG,MIDFIELD,LEADING,MID,PUNT,-0.3820133046247065,-0.01349303126335144
17.0,23.0,-10.0,915.0,VERY_LONG,OPPONENT_21_35,TRAILING,MID,FIELD_GOAL,0.8369227988407482,0.006519779562950134
12.0,76.0,7.0,796.0,VERY_LONG,OWN_TERRITORY,LEADING,MID,PUNT,-0.3654555738903582,0.04187414050102234
2.0,41.0,-7.0,637.0,SHORT,MIDFIELD,TRAILING,MID,GO,3.6904345141956583,0.16205990314483643
23.0,27.0,-7.0,389.0,VERY_LONG,OPPONENT_21_35,TRAILING,MID,FIELD_GOAL,-6.147731856530327,-0.11776544153690338
2.0,2.0,7.0,213.0,SHORT,RED_ZONE,LEADING,LATE,FIELD_GOAL,0.011767087265588394,0.0016461797058582306
1.0,61.0,0.0,3490.0,SHORT,OWN_TERRITORY,TIED,EARLY,PUNT,-0.5561619917862117,-0.0014313161373138428
16.0,71.0,-7.0,3004.0,VERY_LONG,OWN_TERRITORY,TRAILING,EARLY,PUNT,-1.08601607196033,-0.014971941709518433
6.0,54.0,7.0,2945.0,LONG,OWN_TERRITORY,LEADING,EARLY,PUNT,0.2997671503107995,0.0007028728723526001
1.0,87.0,-7.0,2849.0,SHORT,OWN_TERRITORY,TRAILING,EARLY,PUNT,-0.3512334767729044,0.0074742138385772705
6.0,21.0,-13.0,2274.0,LONG,OPPONENT_21_35,TRAILING,EARLY,FIELD_GOAL,0.6263155030311474,0.009917676448822021
7.0,62.0,-17.0,2135.0,LONG,OWN_TERRITORY,TRAILING,EARLY,PUNT,0.23494706396013498,-0.01270228624343872
15.0,21.0,17.0,1858.0,VERY_LONG,OPPONENT_21_35,LEADING,EARLY,FIELD_GOAL,-3.4976597875261985,-0.02369862049818039
1.0,7.0,10.0,1260.0,SHORT,RED_ZONE,LEADING,MID,GO,2.010775488393847,0.007997691631317139
1.0,1.0,17.0,763.0,SHORT,RED_ZONE,LEADING,MID,GO,2.1684689541580155,0.014588354494447286
2.0,7.0,-24.0,587.0,SHORT,RED_ZONE,TRAILING,MID,GO,-3.434821048984304,-0.0006594443693757057
8.0,90.0,24.0,442.0,LONG,OWN_TERRITORY,LEADING,MID,PUNT,-0.8859470784664154,0.0001389023964293301
4.0,24.0,-24.0,340.0,MEDIUM,OPPONENT_21_35,TRAILING,MID,GO,-3.2125963867874816,-0.0001624839787837118
13.0,62.0,0.0,3378.0,VERY_LONG,OWN_TERRITORY,TIED,EARLY,PUNT,0.9236593884415925,0.040472716093063354
1.0,58.0,-7.0,2700.0,SHORT,OWN_TERRITORY,TRAILING,EARLY,GO,2.5220968732610345,0.06476441025733948
6.0,76.0,-21.0,2217.0,LONG,OWN_TERRITORY,TRAILING,EARLY,PUNT,1.1803569556213915,0.0006732121109962463
1.0,72.0,24.0,1710.0,SHORT,OWN_TERRITORY,LEADING,MID,PUNT,0.07229422219097614,-0.03184463828802109
13.0,52.0,-24.0,1556.0,VERY_LONG,OWN_TERRITORY,TRAILING,MID,PUNT,0.2863037697970867,-0.01656845211982727
15.0,46.0,-24.0,1249.0,VERY_LONG,MIDFIELD,TRAILING,MID,GO,-1.8935963793192059,-0.003319807816296816
14.0,50.0,-31.0,900.0,VERY_LONG,MIDFIELD,TRAILING,MID,PUNT,-0.2909806501120329,-0.0003932612016797066
2.0,78.0,31.0,758.0,SHORT,OWN_TERRITORY,LEADING,MID,PUNT,-0.4130134512670338,4.052344593219459e-6
1.0,63.0,24.0,290.0,SHORT,OWN_TERRITORY,LEADING,LATE,PUNT,-0.1715050449129194,-0.00036101677687838674
1.0,59.0,-7.0,3241.0,SHORT,OWN_TERRITORY,TRAILING,EARLY,GO,2.1895160572603345,0.04064851999282837
2.0,60.0,0.0,2841.0,SHORT,OWN_TERRITORY,TIED,EARLY,PUNT,-0.41755278827622533,0.013246685266494751
6.0,50.0,-7.0,2376.0,LONG,MIDFIELD,TRAILING,EARLY,PUNT,-0.41426681634038687,0.01064327359199524
5.0,44.0,7.0,2150.0,MEDIUM,MIDFIELD,LEADING,EARLY,PUNT,-0.2240196825005114,0.0018548071384429932
7.0,90.0,-7.0,2022.0,LONG,OWN_TERRITORY,TRAILING,EARLY,PUNT,-0.9615476301405579,-0.029021084308624268
5.0,36.0,7.0,1920.0,MEDIUM,MIDFIELD,LEADING,EARLY,FIELD_GOAL,2.105149800613336,0.01859341561794281
7.0,69.0,-10.0,1849.0,LONG,OWN_TERRITORY,TRAILING,EARLY,PUNT,0.01739316072780639,-0.017747879028320312
10.0,27.0,-10.0,1820.0,LONG,OPPONENT_21_35,TRAILING,EARLY,FIELD_GOAL,-2.2523354857246254,-0.059890300035476685
13.0,14.0,10.0,1499.0,VERY_LONG,RED_ZONE,LEADING,MID,FIELD_GOAL,0.20510082060611312,0.0022449344396591187
3.0,3.0,-13.0,1305.0,MEDIUM,RED_ZONE,TRAILING,MID,FIELD_GOAL,0.0421721015314418,-0.0038989633321762085
5.0,71.0,10.0,1205.0,MEDIUM,OWN_TERRITORY,LEADING,MID,PUNT,0.339992580935359,0.0457739382982254
8.0,59.0,-10.0,1003.0,LONG,OWN_TERRITORY,TRAILING,MID,PUNT,-0.22904394194483757,0.006108008325099945
3.0,58.0,-14.0,3081.0,MEDIUM,OWN_TERRITORY,TRAILING,EARLY,PUNT,-0.21798532037064433,-0.010042712092399597
3.0,64.0,-28.0,2544.0,MEDIUM,OWN_TERRITORY,TRAILING,EARLY,PUNT,-0.35336855542846024,0.0002789897844195366
1.0,1.0,-35.0,2061.0,SHORT,RED_ZONE,TRAILING,EARLY,GO,-4.212771556223743,-0.00012880517169833183
9.0,28.0,28.0,1902.0,LONG,OPPONENT_21_35,LEADING,EARLY,FIELD_GOAL,1.0900222635323467,0.004311168100684881
25.0,45.0,-31.0,1851.0,VERY_LONG,MIDFIELD,TRAILING,EARLY,PUNT,-0.0775069675873965,0.002147539984434843
11.0,50.0,-31.0,1683.0,VERY_LONG,MIDFIELD,TRAILING,MID,GO,4.090127027127892,0.001302066259086132
2.0,2.0,-31.0,1494.0,SHORT,RED_ZONE,TRAILING,MID,GO,-2.8562297224998474,-0.0020248813088983297
6.0,15.0,-31.0,1427.0,LONG,RED_ZONE,TRAILING,MID,GO,4.2485195670160465,0.00013884708657863065
5.0,8.0,-23.0,1177.0,MEDIUM,RED_ZONE,TRAILING,MID,GO,-2.859214957046788,-0.005316365044564009
6.0,13.0,23.0,717.0,LONG,RED_ZONE,LEADING,MID,FIELD_GOAL,0.18846989442436124,0.00030272468575276434
4.0,15.0,19.0,334.0,MEDIUM,RED_ZONE,LEADING,MID,FIELD_GOAL,0.23776285289278398,0.00039135594852268696
5.0,75.0,-22.0,249.0,MEDIUM,OWN_TERRITORY,TRAILING,LATE,PUNT,-0.05588186776731163,-0.0002081778657156974
2.0,27.0,0.0,3361.0,SHORT,OPPONENT_21_35,TIED,EARLY,GO,-3.402100888080895,-0.0630497932434082
9.0,45.0,-6.0,2872.0,LONG,MIDFIELD,TRAILING,EARLY,PUNT,0.7514382577501237,0.009457588195800781
6.0,35.0,6.0,2446.0,LONG,OPPONENT_21_35,LEADING,EARLY,FIELD_GOAL,-3.5485676154733223,-0.06038093566894531
9.0,56.0,-6.0,2343.0,LONG,OWN_TERRITORY,TRAILING,EARLY,PUNT,0.5795563400024548,0.050652265548706055
6.0,89.0,6.0,2222.0,LONG,OWN_TERRITORY,LEADING,EARLY,PUNT,-0.47059093171264976,0.00660213828086853
5.0,25.0,1.0,1650.0,MEDIUM,OPPONENT_21_35,LEADING,MID,FIELD_GOAL,0.7810410376159584,0.06934547424316406
8.0,54.0,4.0,1487.0,LONG,OWN_TERRITORY,LEADING,MID,PUNT,0.5249716914258897,0.0127297043800354
1.0,19.0,-4.0,1109.0,SHORT,RED_ZONE,TRAILING,MID,GO,1.950996724597644,0.06814941763877869
1.0,5.0,-4.0,952.0,SHORT,RED_ZONE,TRAILING,MID,GO,-3.791686504962854,-0.171176016330719
10.0,72.0,4.0,882.0,LONG,OWN_TERRITORY,LEADING,MID,PUNT,-1.2821136869024485,-0.021173149347305298
12.0,16.0,-4.0,544.0,VERY_LONG,RED_ZONE,TRAILING,MID,FIELD_GOAL,0.3082845354216701,0.03496244549751282
7.0,59.0,1.0,422.0,LONG,OWN_TERRITORY,LEADING,MID,PUNT,0.3017106142360717,-0.07153844833374023
2.0,40.0,-3.0,77.0,SHORT,MIDFIELD,TRAILING,LATE,GO,2.2119569038040936,0.16853219270706177
6.0,26.0,-3.0,29.0,LONG,OPPONENT_21_35,TRAILING,LATE,FIELD_GOAL,0.6263825162699765,0.12708503007888794
24.0,78.0,0.0,457.0,VERY_LONG,OWN_TERRITORY,TIED,MID,PUNT,-0.8179709138348699,0.10452730802353472
2.0,61.0,0.0,3505.0,SHORT,OWN_TERRITORY,TIED,EARLY,PUNT,-0.28394509572535753,-0.004173487424850464
7.0,26.0,-7.0,2969.0,LONG,OPPONENT_21_35,TRAILING,EARLY,FIELD_GOAL,1.0785432621369395,0.02566961944103241
2.0,63.0,4.0,2834.0,SHORT,OWN_TERRITORY,LEADING,EARLY,PUNT,-0.47518072719685733,-0.008087247610092163
7.0,82.0,-4.0,2700.0,LONG,OWN_TERRITORY,TRAILING,EARLY,PUNT,-0.542919707717374,0.006954565644264221
8.0,31.0,4.0,2460.0,LONG,OPPONENT_21_35,LEADING,EARLY,FIELD_GOAL,1.3708954079917985,0.03320696949958801
5.0,65.0,-7.0,2358.0,MEDIUM,OWN_TERRITORY,TRAILING,EARLY,PUNT,-0.2386517769191414,0.006701454520225525
2.0,10.0,-7.0,1874.0,SHORT,RED_ZONE,TRAILING,EARLY,FIELD_GOAL,0.07765350087163192,-0.03334534168243408
5.0,60.0,4.0,1840.0,MEDIUM,OWN_TERRITORY,LEADING,EARLY,PUNT,-0.4889279651688412,-0.024121850728988647
4.0,4.0,-1.0,1522.0,MEDIUM,RED_ZONE,TRAILING,MID,FIELD_GOAL,0.018762220854377176,-0.029646307229995728
2.0,46.0,-9.0,1250.0,SHORT,MIDFIELD,TRAILING,MID,GO,-4.257221932522953,-0.06727594137191772
10.0,38.0,9.0,1200.0,LONG,MIDFIELD,LEADING,MID,FIELD_GOAL,-3.9098170274241824,-0.08685725927352905
15.0,25.0,-9.0,1040.0,VERY_LONG,OPPONENT_21_35,TRAILING,MID,FIELD_GOAL,1.051181362932073,0.039850518107414246
3.0,13.0,-14.0,439.0,MEDIUM,RED_ZONE,TRAILING,MID,GO,-3.2988706727628596,-0.03660149499773979
17.0,93.0,14.0,341.0,VERY_LONG,OWN_TERRITORY,LEADING,MID,PUNT,0.7072551921010017,-0.021624024957418442
10.0,35.0,-14.0,289.0,LONG,OPPONENT_21_35,TRAILING,LATE,GO,4.088835368049331,0.04729313589632511
10.0,10.0,-14.0,208.0,LONG,RED_ZONE,TRAILING,LATE,GO,4.235337919089943,0.046705070823431116
4.0,65.0,8.0,115.0,MEDIUM,OWN_TERRITORY,LEADING,LATE,PUNT,0.12809581845067441,0.0035413894802331924
4.0,60.0,-8.0,21.0,MEDIUM,OWN_TERRITORY,TRAILING,LATE,GO,-1.5424227996263653,-0.015117835253477097
1.0,66.0,0.0,3443.0,SHORT,OWN_TERRITORY,TIED,EARLY,PUNT,0.34701956110075116,-0.014974981546401978
1.0,49.0,-7.0,2782.0,SHORT,MIDFIELD,TRAILING,EARLY,GO,-3.801859898958355,-0.05135086178779602
10.0,69.0,-13.0,2632.0,LONG,OWN_TERRITORY,TRAILING,EARLY,PUNT,0.1707123073283583,-0.010792411863803864
2.0,69.0,13.0,2504.0,SHORT,OWN_TERRITORY,LEADING,EARLY,PUNT,0.18961010267958045,-0.004627913236618042
13.0,28.0,13.0,1988.0,VERY_LONG,OPPONENT_21_35,LEADING,EARLY,FIELD_GOAL,1.249535317494256,0.02721983939409256
13.0,72.0,-16.0,1879.0,VERY_LONG,OWN_TERRITORY,TRAILING,EARLY,PUNT,-0.43361830327194184,0.004014395177364349
7.0,53.0,16.0,1851.0,LONG,OWN_TERRITORY,LEADING,EARLY,PUNT,-0.42647608125116676,0.023690149188041687
10.0,41.0,16.0,1030.0,LONG,MIDFIELD,LEADING,MID,PUNT,0.280895710689947,-0.00021443143486976624
15.0,54.0,-17.0,293.0,VERY_LONG,OWN_TERRITORY,TRAILING,LATE,GO,4.203297191706952,-6.248941645026207e-6
8.0,63.0,-17.0,75.0,LONG,OWN_TERRITORY,TRAILING,LATE,PUNT,0.10410474054515362,0.0014862794778309762
18.0,78.0,0.0,3523.0,VERY_LONG,OWN_TERRITORY,TIED,EARLY,PUNT,-0.13268302101641893,0.01586925983428955
8.0,57.0,0.0,3406.0,LONG,OWN_TERRITORY,TIED,EARLY,PUNT,0.7173934059683233,0.009308099746704102
10.0,71.0,0.0,3061.0,LONG,OWN_TERRITORY,TIED,EARLY,PUNT,-5.55035520484671,-0.11580917494926701
7.0,61.0,-7.0,2815.0,LONG,OWN_TERRITORY,TRAILING,EARLY,PUNT,-0.08627203851938248,-0.008642345666885376
4.0,72.0,7.0,2719.0,MEDIUM,OWN_TERRITORY,LEADING,EARLY,PUNT,0.10129644582048059,0.01210591197013855
26.0,60.0,-7.0,2459.0,VERY_LONG,OWN_TERRITORY,TRAILING,EARLY,PUNT,-0.22410504706203938,0.010365799069404602
8.0,8.0,0.0,2034.0,LONG,RED_ZONE,TIED,EARLY,FIELD_GOAL,0.09056367006119759,0.0048431456089019775
26.0,76.0,-3.0,1910.0,VERY_LONG,OWN_TERRITORY,TRAILING,EARLY,PUNT,-0.36984096479136497,0.007078245282173157
22.0,79.0,3.0,1855.0,VERY_LONG,OWN_TERRITORY,LEADING,EARLY,PUNT,-0.504909054201562,-0.02000865340232849
15.0,27.0,-3.0,1801.0,VERY_LONG,OPPONENT_21_35,TRAILING,EARLY,FIELD_GOAL,0.7114146923580149,0.09968385100364685
13.0,58.0,0.0,1712.0,VERY_LONG,OWN_TERRITORY,TIED,MID,PUNT,0.6869976976886392,0.06321918964385986
18.0,62.0,0.0,1385.0,VERY_LONG,OWN_TERRITORY,TIED,MID,PUNT,-0.2527842684648931,0.04777833819389343
3.0,67.0,0.0,1291.0,MEDIUM,OWN_TERRITORY,TIED,MID,PUNT,0.25091949570924044,0.03324025869369507
10.0,81.0,0.0,1129.0,LONG,OWN_TERRITORY,TIED,MID,PUNT,-0.19246947509236634,0.03721976280212402
1.0,33.0,-7.0,621.0,SHORT,OPPONENT_21_35,TRAILING,MID,GO,-4.187405366683379,-0.06378166377544403
10.0,19.0,7.0,377.0,LONG,RED_ZONE,LEADING,MID,FIELD_GOAL,0.4462852136583777,0.015895619988441467
4.0,11.0,-10.0,180.0,MEDIUM,RED_ZONE,TRAILING,LATE,FIELD_GOAL,0.14368661069243105,0.017708241939544678
3.0,67.0,0.0,3517.0,MEDIUM,OWN_TERRITORY,TIED,EARLY,PUNT,0.08625738229602575,-0.003528684377670288
7.0,26.0,-7.0,3046.0,LONG,OPPONENT_21_35,TRAILING,EARLY,FIELD_GOAL,1.0248370117246304,0.022978991270065308
22.0,62.0,-11.0,2700.0,VERY_LONG,OWN_TERRITORY,TRAILING,EARLY,PUNT,0.6208692411892116,0.046896159648895264
1.0,14.0,-19.0,2105.0,SHORT,RED_ZONE,TRAILING,EARLY,GO,1.8867950392595958,0.025177791714668274
1.0,41.0,12.0,1920.0,SHORT,MIDFIELD,LEADING,EARLY,GO,2.466304122353904,0.03428274393081665
1.0,18.0,12.0,1859.0,SHORT,RED_ZONE,LEADING,EARLY,GO,1.858433102897834,0.01254260540008545
4.0,4.0,12.0,1814.0,MEDIUM,RED_ZONE,LEADING,EARLY,FIELD_GOAL,0.04330655799791838,-0.01299990713596344
3.0,4.0,-22.0,1329.0,MEDIUM,RED_ZONE,TRAILING,MID,GO,3.978932749480009,0.055314860992133674
8.0,10.0,16.0,1053.0,LONG,RED_ZONE,LEADING,MID,FIELD_GOAL,0.12793343206543062,0.00465749204158783
3.0,72.0,-19.0,963.0,MEDIUM,OWN_TERRITORY,TRAILING,MID,PUNT,0.6473465461749583,-0.00008294917643070221
5.0,43.0,-25.0,604.0,MEDIUM,MIDFIELD,TRAILING,MID,GO,3.8884911922505125,0.0002034321369137615
9.0,30.0,19.0,278.0,LONG,OPPONENT_21_35,LEADING,LATE,FIELD_GOAL,1.354802988845285,0.000707660336047411
7.0,69.0,-22.0,135.0,LONG,OWN_TERRITORY,TRAILING,LATE,PUNT,-0.09213241492398083,-0.00004214190994389355
2.0,14.0,0.0,3368.0,SHORT,RED_ZONE,TIED,EARLY,FIELD_GOAL,0.22309199084671638,-0.014487594366073608
20.0,51.0,-10.0,2838.0,VERY_LONG,OWN_TERRITORY,TRAILING,EARLY,PUNT,-0.9862148431129754,0.016947776079177856
13.0,62.0,10.0,2624.0,VERY_LONG,OWN_TERRITORY,LEADING,EARLY,PUNT,0.2636455660685897,0.01313425600528717
22.0,95.0,-10.0,2521.0,VERY_LONG,OWN_TERRITORY,TRAILING,EARLY,PUNT,-4.136584750609472,-0.04980896356333531
4.0,4.0,-17.0,2288.0,MEDIUM,RED_ZONE,TRAILING,EARLY,FIELD_GOAL,0.05606448785721918,-0.011033788323402405
5.0,34.0,14.0,2047.0,MEDIUM,OPPONENT_21_35,LEADING,EARLY,FIELD_GOAL,1.5683713500975587,0.01572205126285553
4.0,15.0,10.0,1520.0,MEDIUM,RED_ZONE,LEADING,MID,FIELD_GOAL,0.2530924590614796,-0.01458960771560669
5.0,42.0,-13.0,1349.0,MEDIUM,MIDFIELD,TRAILING,MID,GO,-2.5424627873580903,-0.04126913845539093
2.0,17.0,-19.0,782.0,SHORT,RED_ZONE,TRAILING,MID,GO,2.187313691014424,0.009908130392432213
14.0,91.0,11.0,614.0,VERY_LONG,OWN_TERRITORY,LEADING,MID,PUNT,-0.3089359166333452,-0.02228718250989914
4.0,49.0,5.0,376.0,MEDIUM,MIDFIELD,LEADING,MID,PUNT,-0.43745466344989836,-0.015288308262825012
2.0,57.0,-7.0,3243.0,SHORT,OWN_TERRITORY,TRAILING,EARLY,PUNT,-0.23767250147648156,0.011986583471298218
1.0,11.0,-21.0,2325.0,SHORT,RED_ZONE,TRAILING,EARLY,GO,-3.6318618071381934,-0.03622598946094513
6.0,85.0,21.0,2217.0,LONG,OWN_TERRITORY,LEADING,EARLY,PUNT,-1.6746704790275544,-0.0004684627056121826
2.0,17.0,-21.0,2026.0,SHORT,RED_ZONE,TRAILING,EARLY,GO,2.5197248600888997,0.039898842573165894
10.0,41.0,14.0,1875.0,LONG,MIDFIELD,LEADING,EARLY,PUNT,-0.890536067308858,-0.023258864879608154
7.0,47.0,-14.0,1819.0,LONG,MIDFIELD,TRAILING,EARLY,PUNT,-0.22519314393866807,-0.0017279088497161865
3.0,28.0,7.0,1280.0,MEDIUM,OPPONENT_21_35,LEADING,MID,GO,2.453530284925364,0.03794974088668823
4.0,59.0,-15.0,516.0,MEDIUM,OWN_TERRITORY,TRAILING,MID,GO,-3.0655432128114626,-0.015670018270611763
8.0,42.0,0.0,3260.0,LONG,MIDFIELD,TIED,EARLY,PUNT,0.27227518521249294,0.020999521017074585
1.0,89.0,0.0,3132.0,SHORT,OWN_TERRITORY,TIED,EARLY,PUNT,-1.4670747146010399,-0.0517154335975647
13.0,83.0,-7.0,2800.0,VERY_LONG,OWN_TERRITORY,TRAILING,EARLY,PUNT,1.5849507339298725,0.029857486486434937
18.0,76.0,7.0,2679.0,VERY_LONG,OWN_TERRITORY,LEADING,EARLY,PUNT,0.2950249295681715,0.010214120149612427
8.0,65.0,-7.0,2525.0,LONG,OWN_TERRITORY,TRAILING,EARLY,PUNT,-0.44042522879317403,-0.014506667852401733
12.0,41.0,7.0,2346.0,VERY_LONG,MIDFIELD,LEADING,EARLY,PUNT,0.5784383415011689,0.0052144527435302734
1.0,90.0,-7.0,2266.0,SHORT,OWN_TERRITORY,TRAILING,EARLY,PUNT,-1.3036282677203417,0.014983922243118286
5.0,38.0,7.0,2163.0,MEDIUM,MIDFIELD,LEADING,EARLY,GO,-3.04515606793575,-0.09983870387077332
12.0,67.0,0.0,1920.0,VERY_LONG,OWN_TERRITORY,TIED,EARLY,PUNT,-0.35132863430771977,0.03009161353111267
12.0,93.0,0.0,1743.0,VERY_LONG,OWN_TERRITORY,TIED,MID,PUNT,1.421245550736785,0.09232679009437561
2.0,63.0,0.0,1647.0,SHORT,OWN_TERRITORY,TIED,MID,PUNT,-0.022384137846529484,0.01991671323776245
6.0,41.0,0.0,1239.0,LONG,MIDFIELD,TIED,MID,FIELD_GOAL,-1.5814310373205747,-0.044914066791534424
16.0,39.0,0.0,1085.0,VERY_LONG,MIDFIELD,TIED,MID,PUNT,-0.46369716594927013,0.017666161060333252
16.0,86.0,0.0,997.0,VERY_LONG,OWN_TERRITORY,TIED,MID,PUNT,-2.5007023733924143,-0.04865792393684387
12.0,14.0,0.0,907.0,VERY_LONG,RED_ZONE,TIED,MID,FIELD_GOAL,0.24339885799820538,0.060895323753356934
11.0,70.0,-3.0,836.0,VERY_LONG,OWN_TERRITORY,TRAILING,MID,PUNT,-0.29493296006694436,-0.003851965069770813
6.0,63.0,3.0,781.0,LONG,OWN_TERRITORY,LEADING,MID,PUNT,0.7337313164025545,-0.010897159576416016
16.0,48.0,-3.0,522.0,VERY_LONG,MIDFIELD,TRAILING,MID,PUNT,-0.43611777457408607,-0.029465436935424805
6.0,30.0,-3.0,270.0,LONG,OPPONENT_21_35,TRAILING,LATE,FIELD_GOAL,-3.4382114611127923,-0.14991194009780884
1.0,57.0,-7.0,3259.0,SHORT,OWN_TERRITORY,TRAILING,EARLY,GO,2.2780076034832746,0.047187209129333496
10.0,55.0,-7.0,3210.0,LONG,OWN_TERRITORY,TRAILING,EARLY,PUNT,-0.23165633948519826,-0.012521177530288696
6.0,53.0,7.0,3070.0,LONG,OWN_TERRITORY,LEADING,EARLY,PUNT,0.17796516697853804,0.017376840114593506
6.0,61.0,-7.0,2815.0,LONG,OWN_TERRITORY,TRAILING,EARLY,PUNT,-0.33935568993911147,-0.0014548897743225098
13.0,80.0,7.0,2722.0,VERY_LONG,OWN_TERRITORY,LEADING,EARLY,PUNT,0.842271733796224,0.04800775647163391
2.0,62.0,0.0,2602.0,SHORT,OWN_TERRITORY,TIED,EARLY,PUNT,0.605863670585677,0.04570627212524414
3.0,69.0,0.0,2508.0,MEDIUM,OWN_TERRITORY,TIED,EARLY,PUNT,-0.21737782144919038,0.026292741298675537
8.0,18.0,0.0,2239.0,LONG,RED_ZONE,TIED,EARLY,FIELD_GOAL,0.38123713660557446,0.023290425539016724
1.0,1.0,-3.0,1802.0,SHORT,RED_ZONE,TRAILING,EARLY,GO,3.0989094370161183,0.16335290570758854
15.0,66.0,-11.0,1607.0,VERY_LONG,OWN_TERRITORY,TRAILING,MID,PUNT,-0.3463686276227236,-0.023813381791114807
7.0,67.0,11.0,1512.0,LONG,OWN_TERRITORY,LEADING,MID,PUNT,1.0350271873176098,0.021964192390441895
5.0,42.0,5.0,979.0,MEDIUM,MIDFIELD,LEADING,MID,GO,-2.492951801046729,-0.08261764049530029
13.0,50.0,-5.0,763.0,VERY_LONG,MIDFIELD,TRAILING,MID,PUNT,-0.2631591400131583,0.010100692510604858
1.0,71.0,5.0,621.0,SHORT,OWN_TERRITORY,LEADING,MID,PUNT,-0.4607975007966161,-0.002189546823501587
8.0,74.0,-5.0,490.0,LONG,OWN_TERRITORY,TRAILING,MID,PUNT,-0.8919290299527347,0.03650541603565216
3.0,27.0,-5.0,115.0,MEDIUM,OPPONENT_21_35,TRAILING,LATE,GO,-2.9993032616912387,-0.21444669365882874
2.0,2.0,-7.0,2875.0,SHORT,RED_ZONE,TRAILING,EARLY,FIELD_GOAL,0.030156069713680456,0.005508929491043091
5.0,53.0,4.0,2756.0,MEDIUM,OWN_TERRITORY,LEADING,EARLY,PUNT,0.5492026370484382,0.04778608679771423
3.0,91.0,-4.0,2700.0,MEDIUM,OWN_TERRITORY,TRAILING,EARLY,PUNT,-0.27184093254618347,0.03682389855384827
22.0,65.0,4.0,2607.0,VERY_LONG,OWN_TERRITORY,LEADING,EARLY,PUNT,-0.11591730266809464,0.02889162302017212
1.0,66.0,-4.0,2489.0,SHORT,OWN_TERRITORY,TRAILING,EARLY,GO,2.071601721458137,0.04465198516845703
3.0,55.0,-3.0,2271.0,MEDIUM,OWN_TERRITORY,TRAILING,EARLY,PUNT,0.15318132587708533,0.009236514568328857
4.0,60.0,3.0,2181.0,MEDIUM,OWN_TERRITORY,LEADING,EARLY,PUNT,0.17831443203613162,-0.02342832088470459
7.0,84.0,-3.0,2049.0,LONG,OWN_TERRITORY,TRAILING,EARLY,PUNT,1.3008581665344536,0.03724396228790283
9.0,45.0,3.0,1827.0,LONG,MIDFIELD,LEADING,EARLY,PUNT,-0.527923307439778,-0.03141644597053528
2.0,55.0,3.0,1677.0,SHORT,OWN_TERRITORY,LEADING,MID,PUNT,0.1601506150327623,0.007422953844070435
7.0,30.0,-3.0,1296.0,LONG,OPPONENT_21_35,TRAILING,MID,FIELD_GOAL,2.7012069160646606,0.09906783699989319
1.0,50.0,3.0,980.0,SHORT,MIDFIELD,LEADING,MID,GO,2.1629055361263454,0.0550578236579895
4.0,32.0,3.0,822.0,MEDIUM,OPPONENT_21_35,LEADING,MID,GO,-3.4269805162912235,-0.09937426447868347
2.0,42.0,-10.0,460.0,SHORT,MIDFIELD,TRAILING,MID,GO,-2.840023821918294,-0.04753490537405014
4.0,30.0,0.0,3441.0,MEDIUM,OPPONENT_21_35,TIED,EARLY,GO,-2.9149331575026736,-0.05431932210922241
2.0,49.0,0.0,3268.0,SHORT,MIDFIELD,TIED,EARLY,GO,-3.100330968387425,-0.06896379590034485
14.0,69.0,-7.0,2924.0,VERY_LONG,OWN_TERRITORY,TRAILING,EARLY,PUNT,-0.03111452260054648,0.0015426278114318848
4.0,51.0,7.0,2748.0,MEDIUM,OWN_TERRITORY,LEADING,EARLY,PUNT,-0.6855989194009453,0.0013074278831481934
8.0,36.0,0.0,2489.0,LONG,MIDFIELD,TIED,EARLY,PUNT,-0.8773786167148501,-0.0014478564262390137
1.0,19.0,0.0,2132.0,SHORT,RED_ZONE,TIED,EARLY,GO,-3.6329982456518337,-0.1191529631614685
2.0,48.0,0.0,1933.0,SHORT,MIDFIELD,TIED,EARLY,GO,2.687685420853086,0.10489761829376221
4.0,33.0,0.0,1873.0,MEDIUM,OPPONENT_21_35,TIED,EARLY,GO,-2.328574357496109,-0.04823416471481323
10.0,14.0,0.0,1807.0,LONG,RED_ZONE,TIED,EARLY,FIELD_GOAL,0.17793172235084365,0.046469688415527344
5.0,59.0,-10.0,1461.0,MEDIUM,OWN_TERRITORY,TRAILING,MID,PUNT,-0.17685074172914028,-0.010659918189048767
1.0,53.0,10.0,1356.0,SHORT,OWN_TERRITORY,LEADING,MID,GO,2.7227201696950942,0.03257787227630615
4.0,4.0,-10.0,938.0,MEDIUM,RED_ZONE,TRAILING,MID,FIELD_GOAL,0.04888541542624214,-0.031042709946632385
1.0,1.0,7.0,621.0,SHORT,RED_ZONE,LEADING,MID,FIELD_GOAL,0.028114260696107785,-0.037022292613983154
3.0,57.0,-10.0,531.0,MEDIUM,OWN_TERRITORY,TRAILING,MID,GO,-2.7295801704749465,-0.03879442811012268
6.0,39.0,10.0,380.0,LONG,MIDFIELD,LEADING,MID,PUNT,-0.4947621328756213,-0.008544012904167175
18.0,73.0,3.0,181.0,VERY_LONG,OWN_TERRITORY,LEADING,LATE,PUNT,-1.2392295838799328,-0.020128965377807617
10.0,54.0,-4.0,43.0,LONG,OWN_TERRITORY,TRAILING,LATE,GO,-2.121762945957016,-0.11670802533626556
1.0,41.0,0.0,3412.0,SHORT,MIDFIELD,TIED,EARLY,GO,2.071505334228277,0.08770936727523804
20.0,49.0,0.0,3282.0,VERY_LONG,MIDFIELD,TIED,EARLY,PUNT,0.29117000033147633,0.04419621825218201
5.0,59.0,0.0,2700.0,MEDIUM,OWN_TERRITORY,TIED,EARLY,PUNT,-0.1638783193193376,0.020076215267181396
7.0,76.0,0.0,2560.0,LONG,OWN_TERRITORY,TIED,EARLY,PUNT,0.8242781865410507,0.04348534345626831
7.0,59.0,0.0,2316.0,LONG,OWN_TERRITORY,TIED,EARLY,PUNT,-0.3004690455272794,0.03319460153579712
2.0,72.0,0.0,2255.0,SHORT,OWN_TERRITORY,TIED,EARLY,PUNT,-1.3354620796162635,-0.007822185754776001
8.0,57.0,0.0,2208.0,LONG,OWN_TERRITORY,TIED,EARLY,PUNT,-0.6165572213940322,0.021318703889846802
17.0,67.0,0.0,1927.0,VERY_LONG,OWN_TERRITORY,TIED,EARLY,PUNT,-0.6100246448768303,0.005329102277755737
4.0,59.0,0.0,1805.0,MEDIUM,OWN_TERRITORY,TIED,EARLY,GO,-0.03385780216194689,-0.0036774873733520508
8.0,21.0,0.0,1442.0,LONG,OPPONENT_21_35,TIED,MID,FIELD_GOAL,0.564673677754512,0.048603177070617676
9.0,41.0,-3.0,1187.0,LONG,MIDFIELD,TRAILING,MID,GO,-2.197404088685289,-0.09654748439788818
9.0,58.0,3.0,1060.0,LONG,OWN_TERRITORY,LEADING,MID,PUNT,-0.03076557954773307,0.0033061206340789795
11.0,40.0,-3.0,773.0,VERY_LONG,MIDFIELD,TRAILING,MID,PUNT,-0.627839605556801,-0.03164619207382202
13.0,48.0,3.0,145.0,VERY_LONG,MIDFIELD,LEADING,LATE,PUNT,-0.32299218280240893,0.007859647274017334
1.0,56.0,-3.0,90.0,SHORT,OWN_TERRITORY,TRAILING,LATE,GO,-3.2414661163347773,-0.2280547320842743
6.0,35.0,3.0,33.0,LONG,OPPONENT_21_35,LEADING,LATE,GO,-1.246710927633103,-0.11705131828784943
4.0,54.0,0.0,3517.0,MEDIUM,OWN_TERRITORY,TIED,EARLY,PUNT,-0.28575865365564823,0.02027556300163269
9.0,88.0,0.0,3431.0,LONG,OWN_TERRITORY,TIED,EARLY,PUNT,-0.9961748630739748,-0.020122438669204712
5.0,41.0,0.0,3330.0,MEDIUM,MIDFIELD,TIED,EARLY,FIELD_GOAL,2.688235371996312,0.0711309015750885
1.0,60.0,-3.0,3239.0,SHORT,OWN_TERRITORY,TRAILING,EARLY,GO,2.3214846663177013,0.04847884178161621
3.0,51.0,-3.0,3114.0,MEDIUM,OWN_TERRITORY,TRAILING,EARLY,PUNT,-0.13695239881053567,-0.0027083158493041992
9.0,65.0,-1.0,2902.0,LONG,OWN_TERRITORY,TRAILING,EARLY,PUNT,-0.044356090016663074,-0.061995357275009155
8.0,27.0,1.0,2594.0,LONG,OPPONENT_21_35,LEADING,EARLY,FIELD_GOAL,-4.101665976214337,-0.10980510711669922
10.0,14.0,-1.0,2255.0,LONG,RED_ZONE,TRAILING,EARLY,FIELD_GOAL,0.18402616830729324,-0.013540774583816528
8.0,70.0,-2.0,2155.0,LONG,OWN_TERRITORY,TRAILING,EARLY,PUNT,0.32800654834136367,-0.013459891080856323
11.0,71.0,2.0,1987.0,VERY_LONG,OWN_TERRITORY,LEADING,EARLY,PUNT,-0.045080758864060044,-0.03199288249015808
15.0,58.0,9.0,1612.0,VERY_LONG,OWN_TERRITORY,LEADING,MID,PUNT,0.6458419333212078,-0.009443730115890503
5.0,73.0,-9.0,1428.0,MEDIUM,OWN_TERRITORY,TRAILING,MID,PUNT,-0.01118213776499033,-0.006156444549560547
4.0,41.0,9.0,1272.0,MEDIUM,MIDFIELD,LEADING,MID,FIELD_GOAL,3.025691094073056,0.033460021018981934
8.0,80.0,-12.0,1216.0,LONG,OWN_TERRITORY,TRAILING,MID,PUNT,-0.446842307690531,0.035795908421278
2.0,37.0,12.0,949.0,SHORT,MIDFIELD,LEADING,MID,FIELD_GOAL,-3.463734688798243,-0.03529705852270126
6.0,10.0,-12.0,764.0,LONG,RED_ZONE,TRAILING,MID,GO,-3.372221356839873,-0.050320349633693695
19.0,48.0,19.0,395.0,VERY_LONG,MIDFIELD,LEADING,MID,PUNT,4.551816102350131,0.0016433000564575195
13.0,24.0,19.0,298.0,VERY_LONG,OPPONENT_21_35,LEADING,LATE,FIELD_GOAL,0.7518041837176352,0.0003926392528228462
5.0,65.0,0.0,3467.0,MEDIUM,OWN_TERRITORY,TIED,EARLY,PUNT,0.004843415692448616,0.012091308832168579
7.0,7.0,0.0,2999.0,LONG,RED_ZONE,TIED,EARLY,FIELD_GOAL,0.07013018550976247,0.00010901689529418945
6.0,12.0,-3.0,2704.0,LONG,RED_ZONE,TRAILING,EARLY,FIELD_GOAL,0.17253616227330282,0.013264387845993042
6.0,50.0,0.0,2571.0,LONG,MIDFIELD,TIED,EARLY,PUNT,-0.5500721461139619,0.0021611154079437256
11.0,60.0,0.0,2426.0,VERY_LONG,OWN_TERRITORY,TIED,EARLY,PUNT,6.240940407617018,0.20759454369544983
6.0,6.0,0.0,2327.0,LONG,RED_ZONE,TIED,EARLY,FIELD_GOAL,0.06490841576964579,-0.011074274778366089
5.0,28.0,3.0,1862.0,MEDIUM,OPPONENT_21_35,LEADING,EARLY,FIELD_GOAL,1.0386823459319923,0.04372763633728027
2.0,58.0,-6.0,1835.0,SHORT,OWN_TERRITORY,TRAILING,EARLY,PUNT,-0.1337052577873692,-0.0329970121383667
5.0,60.0,-6.0,1674.0,MEDIUM,OWN_TERRITORY,TRAILING,MID,PUNT,-0.6127254450693727,0.019910141825675964
21.0,86.0,6.0,1509.0,VERY_LONG,OWN_TERRITORY,LEADING,MID,PUNT,0.8882383201271296,0.03717321157455444
14.0,43.0,-6.0,1213.0,VERY_LONG,MIDFIELD,TRAILING,MID,PUNT,-0.31732576061040163,0.006979838013648987
20.0,75.0,6.0,971.0,VERY_LONG,OWN_TERRITORY,LEADING,MID,PUNT,0.09827909339219332,0.0545758455991745
5.0,5.0,-6.0,849.0,MEDIUM,RED_ZONE,TRAILING,MID,FIELD_GOAL,0.05137811151122884,-0.030850380659103394
6.0,40.0,3.0,661.0,LONG,MIDFIELD,LEADING,MID,PUNT,-1.0121533314231783,-0.07318919897079468
6.0,26.0,-3.0,303.0,LONG,OPPONENT_21_35,TRAILING,MID,FIELD_GOAL,0.9908016079424846,0.04688209295272827
25.0,95.0,0.0,280.0,VERY_LONG,OWN_TERRITORY,TIED,LATE,PUNT,-0.7776607796549797,0.06251135468482971
1.0,35.0,0.0,159.0,SHORT,OPPONENT_21_35,TIED,LATE,GO,5.459684261993971,0.3675806993093198
5.0,25.0,-7.0,62.0,MEDIUM,OPPONENT_21_35,TRAILING,LATE,GO,-2.1454784319503233,-0.10924188792705536
14.0,73.0,0.0,3487.0,VERY_LONG,OWN_TERRITORY,TIED,EARLY,PUNT,0.1569495340809226,0.05268922448158264
2.0,42.0,0.0,3263.0,SHORT,MIDFIELD,TIED,EARLY,GO,4.3912774247583,0.13459330797195435
14.0,54.0,0.0,2767.0,VERY_LONG,OWN_TERRITORY,TIED,EARLY,PUNT,0.6106698696967214,0.037076979875564575
21.0,91.0,-7.0,2133.0,VERY_LONG,OWN_TERRITORY,TRAILING,EARLY,PUNT,0.16235671169124544,0.005984947085380554
4.0,11.0,-14.0,1828.0,MEDIUM,RED_ZONE,TRAILING,EARLY,FIELD_GOAL,0.13472770169481674,-0.006177738308906555
1.0,8.0,-5.0,1395.0,SHORT,RED_ZONE,TRAILING,MID,GO,-4.463139425148256,-0.12505853176116943
5.0,73.0,5.0,1220.0,MEDIUM,OWN_TERRITORY,LEADING,MID,PUNT,0.46430376870557666,0.047706395387649536
6.0,16.0,-5.0,961.0,LONG,RED_ZONE,TRAILING,MID,FIELD_GOAL,0.2948494113966196,-0.04381480813026428
2.0,59.0,2.0,739.0,SHORT,OWN_TERRITORY,LEADING,MID,PUNT,-0.4540995634160936,-0.07468122243881226
14.0,59.0,-2.0,622.0,VERY_LONG,OWN_TERRITORY,TRAILING,MID,PUNT,-0.1710430970415473,-0.01762428879737854
10.0,61.0,2.0,481.0,LONG,OWN_TERRITORY,LEADING,MID,PUNT,0.5947492537088692,-0.04993376135826111
1.0,67.0,-2.0,313.0,SHORT,OWN_TERRITORY,TRAILING,MID,GO,2.0014540494885296,0.06399157643318176
1.0,56.0,-2.0,185.0,SHORT,OWN_TERRITORY,TRAILING,LATE,GO,-3.2825431158416905,-0.15849661827087402
5.0,34.0,2.0,168.0,MEDIUM,OPPONENT_21_35,LEADING,LATE,FIELD_GOAL,1.4555377604157353,-0.007261425256729126
4.0,59.0,-5.0,114.0,MEDIUM,OWN_TERRITORY,TRAILING,LATE,GO,2.5699588033603504,0.09809888899326324
4.0,27.0,-3.0,21.0,MEDIUM,OPPONENT_21_35,TRAILING,LATE,FIELD_GOAL,0.6552056097181249,0.2055703103542328
11.0,81.0,0.0,537.0,VERY_LONG,OWN_TERRITORY,TIED,MID,PUNT,0.0997082618996501,0.14027015841566026
5.0,10.0,0.0,313.0,MEDIUM,RED_ZONE,TIED,MID,FIELD_GOAL,0.13055734113615225,0.025494064508215897
3.0,52.0,0.0,3326.0,MEDIUM,OWN_TERRITORY,TIED,EARLY,PUNT,-0.27616353519260883,0.024852752685546875
9.0,89.0,0.0,3270.0,LONG,OWN_TERRITORY,TIED,EARLY,PUNT,0.12211749772541225,0.013781368732452393
7.0,61.0,0.0,3180.0,LONG,OWN_TERRITORY,TIED,EARLY,PUNT,-0.2976826885715127,0.021008044481277466
9.0,79.0,0.0,3094.0,LONG,OWN_TERRITORY,TIED,EARLY,PUNT,-0.3868432901799679,-0.003078967332839966
6.0,13.0,0.0,2833.0,LONG,RED_ZONE,TIED,EARLY,FIELD_GOAL,0.15250161614233093,0.0021961331367492676
4.0,57.0,-3.0,2696.0,MEDIUM,OWN_TERRITORY,TRAILING,EARLY,PUNT,-1.0439309407956898,-0.007364839315414429
4.0,67.0,3.0,2607.0,MEDIUM,OWN_TERRITORY,LEADING,EARLY,PUNT,-0.5230187736451626,-0.006569981575012207
5.0,20.0,4.0,1924.0,MEDIUM,RED_ZONE,LEADING,EARLY,FIELD_GOAL,0.48020550921486427,-0.0030022263526916504
1.0,71.0,7.0,1821.0,SHORT,OWN_TERRITORY,LEADING,EARLY,PUNT,-0.45169124816311523,0.012358635663986206
7.0,36.0,7.0,1536.0,LONG,MIDFIELD,LEADING,MID,FIELD_GOAL,1.722652400737632,0.03538885712623596
7.0,67.0,-10.0,1348.0,LONG,OWN_TERRITORY,TRAILING,MID,PUNT,-0.03005437832325697,-0.0036912262439727783
3.0,15.0,10.0,1035.0,MEDIUM,RED_ZONE,LEADING,MID,FIELD_GOAL,0.1972489641452837,0.01634146273136139
2.0,71.0,-13.0,974.0,SHORT,OWN_TERRITORY,TRAILING,MID,PUNT,-0.24687919253483415,-0.013701241463422775
23.0,81.0,13.0,808.0,VERY_LONG,OWN_TERRITORY,LEADING,MID,PUNT,-2.4337764733936638,-0.08853048086166382
3.0,27.0,6.0,493.0,MEDIUM,OPPONENT_21_35,LEADING,MID,FIELD_GOAL,-3.780013208902944,-0.11178264021873474
8.0,63.0,-6.0,445.0,LONG,OWN_TERRITORY,TRAILING,MID,PUNT,-0.16579015599563718,-0.01785123348236084
10.0,48.0,6.0,201.0,LONG,MIDFIELD,LEADING,LATE,PUNT,-0.44540569465607405,-0.016066133975982666
4.0,55.0,-6.0,119.0,MEDIUM,OWN_TERRITORY,TRAILING,LATE,GO,2.4932654942385852,0.06754883378744125
1.0,31.0,-1.0,4.0,SHORT,OPPONENT_21_35,TRAILING,LATE,FIELD_GOAL,0.7932173628060326,0.43924450874328613
1.0,62.0,1.0,2836.0,SHORT,OWN_TERRITORY,LEADING,EARLY,GO,2.021654786542058,0.08407479524612427
3.0,54.0,1.0,2718.0,MEDIUM,OWN_TERRITORY,LEADING,EARLY,PUNT,0.23863780684769154,-0.011897832155227661
6.0,55.0,-1.0,2458.0,LONG,OWN_TERRITORY,TRAILING,EARLY,PUNT,-0.38959239004179835,-0.023825407028198242
3.0,73.0,1.0,2359.0,MEDIUM,OWN_TERRITORY,LEADING,EARLY,PUNT,-0.03051779279485345,-0.00584074854850769
8.0,72.0,-1.0,2307.0,LONG,OWN_TERRITORY,TRAILING,EARLY,PUNT,0.22565385745838284,0.0013224780559539795
6.0,55.0,1.0,2111.0,LONG,OWN_TERRITORY,LEADING,EARLY,PUNT,0.10683776019141078,-0.014158844947814941
7.0,59.0,-1.0,1923.0,LONG,OWN_TERRITORY,TRAILING,EARLY,PUNT,0.04577457066625357,-0.015109241008758545
7.0,7.0,1.0,1813.0,LONG,RED_ZONE,LEADING,EARLY,FIELD_GOAL,0.06686687581910578,-0.01898863911628723
5.0,25.0,-4.0,1618.0,MEDIUM,OPPONENT_21_35,TRAILING,MID,FIELD_GOAL,0.8786883692176426,-0.010650932788848877
3.0,12.0,1.0,1160.0,MEDIUM,RED_ZONE,LEADING,MID,FIELD_GOAL,0.1678310992745331,-0.019883424043655396
22.0,30.0,-11.0,585.0,VERY_LONG,OPPONENT_21_35,TRAILING,MID,FIELD_GOAL,1.464384991703338,0.024166710674762726
1.0,15.0,-22.0,10.0,SHORT,RED_ZONE,TRAILING,LATE,GO,-2.5467725568450987,-0.0005367586272768676
4.0,68.0,0.0,3513.0,MEDIUM,OWN_TERRITORY,TIED,EARLY,PUNT,-1.0325215118937194,0.00012442469596862793
6.0,47.0,0.0,3336.0,LONG,MIDFIELD,TIED,EARLY,PUNT,0.021109368884935975,0.005247831344604492
12.0,17.0,0.0,3179.0,VERY_LONG,RED_ZONE,TIED,EARLY,FIELD_GOAL,0.3399540076446623,-0.0034846067428588867
3.0,32.0,-3.0,3041.0,MEDIUM,OPPONENT_21_35,TRAILING,EARLY,FIELD_GOAL,1.3421609152794454,0.02129843831062317
20.0,27.0,0.0,2826.0,VERY_LONG,OPPONENT_21_35,TIED,EARLY,FIELD_GOAL,1.1882987283554922,0.02112424373626709
23.0,60.0,-4.0,2520.0,VERY_LONG,OWN_TERRITORY,TRAILING,EARLY,PUNT,-0.2278989478945732,0.016289174556732178
1.0,5.0,4.0,2119.0,SHORT,RED_ZONE,LEADING,EARLY,GO,3.181544511229731,0.07590778735237169
5.0,20.0,-18.0,1804.0,MEDIUM,RED_ZONE,TRAILING,EARLY,FIELD_GOAL,0.35327964682205604,-0.006860390305519104
6.0,64.0,-15.0,1715.0,LONG,OWN_TERRITORY,TRAILING,MID,PUNT,-0.43486423324793577,-0.0074129849672317505
1.0,53.0,-22.0,1144.0,SHORT,OWN_TERRITORY,TRAILING,MID,GO,2.350161868846044,0.0015457961708307266
4.0,13.0,-22.0,854.0,MEDIUM,RED_ZONE,TRAILING,MID,GO,2.8780481262365356,0.003491937881335616
7.0,54.0,15.0,716.0,LONG,OWN_TERRITORY,LEADING,MID,PUNT,0.457032211124897,0.00852988287806511
1.0,4.0,17.0,239.0,SHORT,RED_ZONE,LEADING,LATE,GO,-3.852051310124807,-0.0013528631534427404
1.0,86.0,-17.0,156.0,SHORT,OWN_TERRITORY,TRAILING,LATE,GO,-4.539360965514788,-0.00020426820265129209
14.0,57.0,0.0,3448.0,VERY_LONG,OWN_TERRITORY,TIED,EARLY,PUNT,0.48723775427788496,0.040900468826293945
8.0,9.0,0.0,3287.0,LONG,RED_ZONE,TIED,EARLY,FIELD_GOAL,0.1132823808600496,-0.01501089334487915
16.0,85.0,-3.0,3211.0,VERY_LONG,OWN_TERRITORY,TRAILING,EARLY,PUNT,1.5523754502646625,0.03966808319091797
2.0,58.0,3.0,3046.0,SHORT,OWN_TERRITORY,LEADING,EARLY,PUNT,0.029809461906552315,0.0020704567432403564
11.0,45.0,-3.0,2785.0,VERY_LONG,MIDFIELD,TRAILING,EARLY,PUNT,-0.2771170758642256,-0.023587703704833984
8.0,83.0,3.0,2694.0,LONG,OWN_TERRITORY,LEADING,EARLY,PUNT,0.22286847699433565,0.005539059638977051
1.0,52.0,-3.0,2587.0,SHORT,OWN_TERRITORY,TRAILING,EARLY,GO,-3.029014382744208,-0.09376615285873413
10.0,48.0,3.0,2566.0,LONG,MIDFIELD,LEADING,EARLY,PUNT,-1.3385543457698077,-0.03850877285003662
2.0,57.0,-3.0,2482.0,SHORT,OWN_TERRITORY,TRAILING,EARLY,GO,-2.786329652182758,-0.07448956370353699
5.0,16.0,3.0,2166.0,MEDIUM,RED_ZONE,LEADING,EARLY,FIELD_GOAL,0.27322112003887744,0.019228488206863403
5.0,32.0,-7.0,1639.0,MEDIUM,OPPONENT_21_35,TRAILING,MID,GO,-3.299511386663653,-0.04955579340457916
10.0,68.0,7.0,1537.0,LONG,OWN_TERRITORY,LEADING,MID,PUNT,-0.18003667192533612,-0.008779138326644897
3.0,3.0,-7.0,1214.0,MEDIUM,RED_ZONE,TRAILING,MID,GO,-3.125915269309189,-0.07740074396133423
15.0,52.0,7.0,1089.0,VERY_LONG,OWN_TERRITORY,LEADING,MID,PUNT,0.19126301864162087,0.020940512418746948
3.0,45.0,-7.0,978.0,MEDIUM,MIDFIELD,TRAILING,MID,GO,-2.823078826069832,-0.04302917420864105
4.0,30.0,7.0,620.0,MEDIUM,OPPONENT_21_35,LEADING,MID,FIELD_GOAL,1.478556723023956,0.024801261723041534
10.0,61.0,-10.0,556.0,LONG,OWN_TERRITORY,TRAILING,MID,PUNT,0.20474804751574993,-0.005334712564945221
5.0,63.0,10.0,385.0,MEDIUM,OWN_TERRITORY,LEADING,MID,PUNT,0.2832586755976081,-0.001414228230714798
10.0,58.0,-10.0,312.0,LONG,OWN_TERRITORY,TRAILING,MID,PUNT,-0.05140248453244567,0.0008078739047050476
1.0,71.0,10.0,180.0,SHORT,OWN_TERRITORY,LEADING,LATE,GO,-2.9524324586382136,-0.0454406812787056
17.0,36.0,-10.0,123.0,VERY_LONG,MIDFIELD,TRAILING,LATE,FIELD_GOAL,2.005883512031036,-0.005686398595571518
11.0,49.0,-7.0,3200.0,VERY_LONG,MIDFIELD,TRAILING,EARLY,PUNT,-0.11514796316623688,0.010498344898223877
9.0,84.0,7.0,3086.0,LONG,OWN_TERRITORY,LEADING,EARLY,PUNT,0.1178421990480274,0.009203195571899414
3.0,70.0,1.0,2557.0,MEDIUM,OWN_TERRITORY,LEADING,EARLY,PUNT,0.41121978173032403,0.011991918087005615
16.0,68.0,0.0,1825.0,VERY_LONG,OWN_TERRITORY,TIED,EARLY,PUNT,0.025434233306441456,0.006994277238845825
1.0,64.0,-6.0,1474.0,SHORT,OWN_TERRITORY,TRAILING,MID,GO,2.0831348442006856,0.043089359998703
3.0,55.0,-6.0,1344.0,MEDIUM,OWN_TERRITORY,TRAILING,MID,GO,3.294645390473306,0.09228971600532532
3.0,10.0,-6.0,1022.0,MEDIUM,RED_ZONE,TRAILING,MID,GO,-3.3212540622917004,-0.15936177968978882
2.0,75.0,6.0,929.0,SHORT,OWN_TERRITORY,LEADING,MID,PUNT,0.8787945816293359,0.03030303120613098
2.0,22.0,-6.0,542.0,SHORT,OPPONENT_21_35,TRAILING,MID,GO,2.3955528523074463,0.12606281042099
9.0,79.0,7.0,21.0,LONG,OWN_TERRITORY,LEADING,LATE,PUNT,-0.019158287381287664,-0.007215501740574837
1.0,1.0,0.0,3204.0,SHORT,RED_ZONE,TIED,EARLY,GO,-5.241183694102801,-0.12707173824310303
15.0,38.0,0.0,2755.0,VERY_LONG,MIDFIELD,TIED,EARLY,FIELD_GOAL,2.7946566921717397,0.04801839590072632
6.0,50.0,-3.0,2622.0,LONG,MIDFIELD,TRAILING,EARLY,PUNT,-0.14226894290186465,-0.007649153470993042
11.0,76.0,3.0,2400.0,VERY_LONG,OWN_TERRITORY,LEADING,EARLY,PUNT,1.1344114914536476,0.035975635051727295
15.0,38.0,-3.0,1979.0,VERY_LONG,MIDFIELD,TRAILING,EARLY,PUNT,-0.9494766519637778,-0.058889955282211304
9.0,79.0,3.0,1916.0,LONG,OWN_TERRITORY,LEADING,EARLY,PUNT,-0.42136039352044463,-0.018373459577560425
3.0,55.0,-3.0,1860.0,MEDIUM,OWN_TERRITORY,TRAILING,EARLY,PUNT,-0.5697280688909814,-0.031560927629470825
9.0,78.0,3.0,1820.0,LONG,OWN_TERRITORY,LEADING,EARLY,PUNT,-0.0601948021503631,0.002486318349838257
2.0,28.0,3.0,1549.0,SHORT,OPPONENT_21_35,LEADING,MID,FIELD_GOAL,1.3376745113995692,0.032246410846710205
3.0,63.0,-1.0,1261.0,MEDIUM,OWN_TERRITORY,TRAILING,MID,PUNT,0.33868583058938384,-0.026893824338912964
5.0,23.0,1.0,996.0,MEDIUM,OPPONENT_21_35,LEADING,MID,FIELD_GOAL,0.7021273536164006,0.04969531297683716
1.0,25.0,4.0,723.0,SHORT,OPPONENT_21_35,LEADING,MID,FIELD_GOAL,0.8974520446994751,0.03244723379611969
11.0,81.0,-7.0,638.0,VERY_LONG,OWN_TERRITORY,TRAILING,MID,PUNT,0.07249671290628612,0.006841205060482025
4.0,56.0,7.0,580.0,MEDIUM,OWN_TERRITORY,LEADING,MID,PUNT,0.02606264501810074,-0.024772152304649353
7.0,85.0,-7.0,443.0,LONG,OWN_TERRITORY,TRAILING,MID,PUNT,-0.6100490097887814,-0.011277690529823303
12.0,56.0,7.0,305.0,VERY_LONG,OWN_TERRITORY,LEADING,MID,PUNT,0.5929295988753438,0.00895826518535614
9.0,11.0,0.0,3159.0,LONG,RED_ZONE,TIED,EARLY,FIELD_GOAL,0.15327094608252567,-0.005905240774154663
10.0,61.0,-3.0,3098.0,LONG,OWN_TERRITORY,TRAILING,EARLY,PUNT,-4.273225798795465,-0.10574239492416382
5.0,6.0,3.0,2996.0,MEDIUM,RED_ZONE,LEADING,EARLY,FIELD_GOAL,0.06843172356588356,-0.0076153576374053955
9.0,12.0,-6.0,2752.0,LONG,RED_ZONE,TRAILING,EARLY,FIELD_GOAL,0.16059286439575615,0.010375678539276123
12.0,62.0,3.0,2661.0,VERY_LONG,OWN_TERRITORY,LEADING,EARLY,PUNT,0.8904815944842994,0.03306466341018677
3.0,12.0,-3.0,2081.0,MEDIUM,RED_ZONE,TRAILING,EARLY,FIELD_GOAL,0.15474531404128022,-0.030471056699752808
8.0,54.0,0.0,1991.0,LONG,OWN_TERRITORY,TIED,EARLY,PUNT,0.24089088244363666,0.05333933234214783
8.0,88.0,0.0,1914.0,LONG,OWN_TERRITORY,TIED,EARLY,PUNT,0.5504963675048202,0.06162700057029724
1.0,64.0,0.0,1837.0,SHORT,OWN_TERRITORY,TIED,EARLY,PUNT,-0.1801981818571221,-0.0021608173847198486
6.0,59.0,0.0,1802.0,LONG,OWN_TERRITORY,TIED,EARLY,GO,-0.06701304903253913,0.005216687917709351
11.0,20.0,0.0,774.0,VERY_LONG,RED_ZONE,TIED,MID,FIELD_GOAL,0.5320997174172275,0.07975104451179504
7.0,69.0,-3.0,498.0,LONG,OWN_TERRITORY,TRAILING,MID,PUNT,0.7226916253566742,-0.004040420055389404
2.0,80.0,3.0,401.0,SHORT,OWN_TERRITORY,LEADING,MID,PUNT,-1.0677872977685183,-0.10499954223632812
6.0,36.0,-3.0,255.0,LONG,MIDFIELD,TRAILING,LATE,FIELD_GOAL,2.1772794204558044,0.1289924681186676
21.0,85.0,0.0,190.0,VERY_LONG,OWN_TERRITORY,TIED,LATE,PUNT,0.7153219192987308,0.117693692445755
2.0,69.0,0.0,3517.0,SHORT,OWN_TERRITORY,TIED,EARLY,PUNT,0.6935172080993652,0.028934895992279053
3.0,41.0,0.0,3197.0,MEDIUM,MIDFIELD,TIED,EARLY,GO,-2.766249066684395,-0.06428930163383484
3.0,23.0,0.0,2915.0,MEDIUM,OPPONENT_21_35,TIED,EARLY,FIELD_GOAL,0.6981540710093905,-0.008851736783981323
15.0,84.0,-4.0,2584.0,VERY_LONG,OWN_TERRITORY,TRAILING,EARLY,PUNT,0.5905047506093979,0.03384806215763092
24.0,28.0,-4.0,2302.0,VERY_LONG,OPPONENT_21_35,TRAILING,EARLY,FIELD_GOAL,1.2110774131179531,0.01506778597831726
1.0,36.0,1.0,2192.0,SHORT,MIDFIELD,LEADING,EARLY,GO,1.9642428629449569,0.06790214776992798
7.0,42.0,-8.0,1829.0,LONG,MIDFIELD,TRAILING,EARLY,PUNT,-0.39857316043344326,-0.003236234188079834
8.0,70.0,-15.0,1268.0,LONG,OWN_TERRITORY,TRAILING,MID,PUNT,0.2267417658586055,-0.010587498545646667
8.0,63.0,-29.0,631.0,LONG,OWN_TERRITORY,TRAILING,MID,GO,-2.754948128014803,0.00013660735567100346
3.0,30.0,29.0,487.0,MEDIUM,OPPONENT_21_35,LEADING,MID,GO,-3.0843432017136365,0.0001733363897074014
1.0,32.0,-29.0,368.0,SHORT,OPPONENT_21_35,TRAILING,MID,GO,1.4440248399041593,-0.000037969650293234736
10.0,31.0,-29.0,312.0,LONG,OPPONENT_21_35,TRAILING,MID,GO,-3.1798948153154925,0.00008316156890941784
1.0,53.0,29.0,171.0,SHORT,OWN_TERRITORY,LEADING,LATE,GO,3.175626533688046,0.00012069940567016602
2.0,18.0,29.0,31.0,SHORT,RED_ZONE,LEADING,LATE,GO,-2.663863869034685,0.00012409687042236328
2.0,38.0,-7.0,2936.0,SHORT,MIDFIELD,TRAILING,EARLY,GO,2.874857088085264,0.08234554529190063
3.0,62.0,0.0,2572.0,MEDIUM,OWN_TERRITORY,TIED,EARLY,PUNT,0.0095512461848557,0.009600400924682617
4.0,56.0,-7.0,2174.0,MEDIUM,OWN_TERRITORY,TRAILING,EARLY,PUNT,-0.0451022032648325,0.0043392181396484375
8.0,70.0,7.0,2011.0,LONG,OWN_TERRITORY,LEADING,EARLY,PUNT,0.9842693407554179,0.03661982715129852
2.0,85.0,-7.0,1915.0,SHORT,OWN_TERRITORY,TRAILING,EARLY,PUNT,-0.35139132500626147,0.0062477439641952515
7.0,63.0,7.0,1757.0,LONG,OWN_TERRITORY,LEADING,MID,PUNT,-0.8275777357630432,-0.018129199743270874
28.0,64.0,-7.0,1583.0,VERY_LONG,OWN_TERRITORY,TRAILING,MID,PUNT,-0.9626534741837531,-0.025781288743019104
13.0,26.0,7.0,731.0,VERY_LONG,OPPONENT_21_35,LEADING,MID,FIELD_GOAL,1.040981788537626,-0.0016725361347198486
12.0,64.0,-10.0,557.0,VERY_LONG,OWN_TERRITORY,TRAILING,MID,PUNT,0.045650222804397345,-0.005436889827251434
15.0,63.0,10.0,463.0,VERY_LONG,OWN_TERRITORY,LEADING,MID,PUNT,0.2937482828274369,-0.01305989921092987
7.0,8.0,10.0,398.0,LONG,RED_ZONE,LEADING,MID,FIELD_GOAL,0.08661366013503313,0.009885221719741821
4.0,15.0,-13.0,122.0,MEDIUM,RED_ZONE,TRAILING,LATE,GO,-3.032661947829183,-0.012714285403490067
1.0,8.0,0.0,3432.0,SHORT,RED_ZONE,TIED,EARLY,GO,-4.380880118114874,-0.10073688626289368
1.0,1.0,0.0,3221.0,SHORT,RED_ZONE,TIED,EARLY,GO,1.8798139666905627,0.07737812563987179
8.0,39.0,-7.0,3096.0,LONG,MIDFIELD,TRAILING,EARLY,FIELD_GOAL,2.4986685665392283,0.06857672333717346
1.0,35.0,4.0,2801.0,SHORT,OPPONENT_21_35,LEADING,EARLY,GO,4.179662414768245,0.13390612602233887
8.0,12.0,-11.0,2347.0,LONG,RED_ZONE,TRAILING,EARLY,FIELD_GOAL,0.12371888891120308,0.007033228874206543
9.0,59.0,8.0,2276.0,LONG,OWN_TERRITORY,LEADING,EARLY,PUNT,-0.1421198433963582,0.011603891849517822
1.0,8.0,-8.0,1882.0,SHORT,RED_ZONE,TRAILING,EARLY,GO,1.873967629740946,0.05790412425994873
3.0,3.0,-8.0,1804.0,MEDIUM,RED_ZONE,TRAILING,EARLY,FIELD_GOAL,0.013806418733063097,0.05731932818889618
6.0,11.0,-5.0,1385.0,LONG,RED_ZONE,TRAILING,MID,FIELD_GOAL,0.08947973199216808,-0.044826120138168335
13.0,55.0,2.0,1261.0,VERY_LONG,OWN_TERRITORY,LEADING,MID,PUNT,-0.9688133746385574,-0.04238969087600708
1.0,60.0,-2.0,1119.0,SHORT,OWN_TERRITORY,TRAILING,MID,PUNT,-0.5610306386370212,-0.06455099582672119
1.0,68.0,2.0,988.0,SHORT,OWN_TERRITORY,LEADING,MID,PUNT,-2.0518055274151266,-0.09910646080970764
6.0,45.0,9.0,578.0,LONG,MIDFIELD,LEADING,MID,PUNT,-0.7723277707118541,-0.010407797992229462
3.0,80.0,-9.0,491.0,MEDIUM,OWN_TERRITORY,TRAILING,MID,PUNT,-0.20528537314385176,-0.018669307231903076
3.0,68.0,9.0,367.0,MEDIUM,OWN_TERRITORY,LEADING,MID,PUNT,0.18244874221272767,-0.022634804248809814
10.0,51.0,2.0,110.0,LONG,OWN_TERRITORY,LEADING,LATE,PUNT,0.17339786037337035,-0.1107393205165863
10.0,61.0,-7.0,3429.0,LONG,OWN_TERRITORY,TRAILING,EARLY,PUNT,-0.747566266451031,0.018204957246780396
10.0,65.0,6.0,2883.0,LONG,OWN_TERRITORY,LEADING,EARLY,PUNT,-2.178149221930653,-0.12174943089485168
6.0,40.0,-6.0,2760.0,LONG,MIDFIELD,TRAILING,EARLY,FIELD_GOAL,-3.0593453311441565,-0.09082689881324768
8.0,8.0,-12.0,2194.0,LONG,RED_ZONE,TRAILING,EARLY,FIELD_GOAL,0.09820202744555173,-0.014121413230895996
5.0,43.0,9.0,2123.0,MEDIUM,MIDFIELD,LEADING,EARLY,PUNT,-0.5955399246886373,-0.04025152325630188
2.0,84.0,-9.0,1979.0,SHORT,OWN_TERRITORY,TRAILING,EARLY,PUNT,-0.4525355863152072,-0.026061400771141052
3.0,30.0,9.0,1866.0,MEDIUM,OPPONENT_21_35,LEADING,EARLY,FIELD_GOAL,1.092368612718727,-0.007944971323013306
10.0,69.0,-15.0,1665.0,LONG,OWN_TERRITORY,TRAILING,MID,PUNT,-0.6426025070250034,-0.006746701896190643
18.0,29.0,15.0,1352.0,VERY_LONG,OPPONENT_21_35,LEADING,MID,FIELD_GOAL,1.0829152058048825,0.021223682910203934
2.0,89.0,25.0,719.0,SHORT,OWN_TERRITORY,LEADING,MID,PUNT,0.0770480444189161,-0.002049505477771163
8.0,39.0,0.0,3346.0,LONG,MIDFIELD,TIED,EARLY,PUNT,-0.04001844604499638,-0.005199134349822998
5.0,5.0,0.0,3237.0,MEDIUM,RED_ZONE,TIED,EARLY,FIELD_GOAL,0.043373824976168596,-0.008550643920898438
4.0,30.0,-3.0,3133.0,MEDIUM,OPPONENT_21_35,TRAILING,EARLY,GO,2.975947995320894,0.0925208330154419
1.0,4.0,-4.0,2524.0,SHORT,RED_ZONE,TRAILING,EARLY,GO,3.343630781164393,0.07735425604645385
2.0,43.0,-3.0,2070.0,SHORT,MIDFIELD,TRAILING,EARLY,GO,-2.0748698381939903,-0.07617706060409546
5.0,43.0,3.0,1877.0,MEDIUM,MIDFIELD,LEADING,EARLY,PUNT,-0.8741024287883192,0.0051780641078948975
9.0,55.0,1.0,1678.0,LONG,OWN_TERRITORY,LEADING,MID,PUNT,0.8042479914147407,0.00950777530670166
1.0,87.0,-1.0,1582.0,SHORT,OWN_TERRITORY,TRAILING,MID,PUNT,5.02525677671656,0.14538556337356567
6.0,21.0,-5.0,1205.0,LONG,OPPONENT_21_35,TRAILING,MID,FIELD_GOAL,0.6426518486479846,0.0035077929496765137
2.0,61.0,-5.0,448.0,SHORT,OWN_TERRITORY,TRAILING,MID,PUNT,-0.19111764570698142,-0.0004977136850357056
1.0,52.0,12.0,50.0,SHORT,OWN_TERRITORY,LEADING,LATE,PUNT,-0.022151563898660243,-0.002794873435050249
6.0,28.0,0.0,3339.0,LONG,OPPONENT_21_35,TIED,EARLY,FIELD_GOAL,1.0818643311829041,0.04289591312408447
1.0,54.0,-3.0,3146.0,SHORT,OWN_TERRITORY,TRAILING,EARLY,GO,2.4106729472987354,0.07382896542549133
7.0,8.0,-3.0,2860.0,LONG,RED_ZONE,TRAILING,EARLY,FIELD_GOAL,0.0848319816010048,-0.011672049760818481
13.0,21.0,0.0,2490.0,VERY_LONG,OPPONENT_21_35,TIED,EARLY,FIELD_GOAL,0.5695892863831116,0.042936474084854126
16.0,33.0,-3.0,2255.0,VERY_LONG,OPPONENT_21_35,TRAILING,EARLY,FIELD_GOAL,-3.152678588326907,-0.08457714319229126
17.0,66.0,3.0,2145.0,VERY_LONG,OWN_TERRITORY,LEADING,EARLY,PUNT,1.0244496712693945,0.0353148877620697
5.0,12.0,-3.0,1803.0,MEDIUM,RED_ZONE,TRAILING,EARLY,FIELD_GOAL,0.13658287208813125,-0.001110762357711792
2.0,2.0,-7.0,1269.0,SHORT,RED_ZONE,TRAILING,MID,GO,-2.5593292580451816,-0.11582347750663757
8.0,85.0,7.0,1077.0,LONG,OWN_TERRITORY,LEADING,MID,PUNT,0.03866640059277415,0.011992394924163818
1.0,1.0,0.0,366.0,SHORT,RED_ZONE,TIED,MID,GO,-3.9334772906731814,-0.1579638123512268
19.0,87.0,0.0,261.0,VERY_LONG,OWN_TERRITORY,TIED,LATE,PUNT,4.632312128378544,0.21305245161056519
1.0,1.0,0.0,104.0,SHORT,RED_ZONE,TIED,LATE,GO,-3.85092842427548,-0.2112579345703125
8.0,38.0,0.0,15.0,LONG,MIDFIELD,TIED,LATE,FIELD_GOAL,-1.6554860718093034,-0.2912181615829468
8.0,72.0,0.0,3510.0,LONG,OWN_TERRITORY,TIED,EARLY,PUNT,-1.1247522844932973,0.004179924726486206
9.0,38.0,0.0,3347.0,LONG,MIDFIELD,TIED,EARLY,FIELD_GOAL,2.058444802172846,0.04484492540359497
15.0,21.0,-3.0,3215.0,VERY_LONG,OPPONENT_21_35,TRAILING,EARLY,FIELD_GOAL,-3.6768794514160232,-0.10923254489898682
18.0,63.0,3.0,3013.0,VERY_LONG,OWN_TERRITORY,LEADING,EARLY,PUNT,0.734355247579515,0.026402294635772705
1.0,62.0,-3.0,2728.0,SHORT,OWN_TERRITORY,TRAILING,EARLY,PUNT,-1.153436133172363,-0.03762736916542053
13.0,49.0,-10.0,2345.0,VERY_LONG,MIDFIELD,TRAILING,EARLY,PUNT,-0.8211507871747017,-0.008787915110588074
10.0,23.0,3.0,1920.0,LONG,OPPONENT_21_35,LEADING,EARLY,FIELD_GOAL,0.7497112392176257,0.04609218239784241
4.0,29.0,-6.0,1856.0,MEDIUM,OPPONENT_21_35,TRAILING,EARLY,FIELD_GOAL,-3.3608391500154635,-0.1422109603881836
1.0,53.0,6.0,1834.0,SHORT,OWN_TERRITORY,LEADING,EARLY,GO,0.8264405289664865,0.030182182788848877
6.0,36.0,6.0,1804.0,LONG,MIDFIELD,LEADING,EARLY,FIELD_GOAL,0.9881337244948463,0.02529430389404297
1.0,1.0,-9.0,1358.0,SHORT,RED_ZONE,TRAILING,MID,GO,-4.491610898869112,-0.09743508696556091
1.0,89.0,9.0,1246.0,SHORT,OWN_TERRITORY,LEADING,MID,PUNT,-0.47935830941423774,-0.029677078127861023
1.0,50.0,-9.0,1120.0,SHORT,MIDFIELD,TRAILING,MID,GO,2.2105213368777186,0.04512336850166321
1.0,7.0,-9.0,859.0,SHORT,RED_ZONE,TRAILING,MID,GO,1.9292894303798676,0.09110499918460846
15.0,15.0,-9.0,737.0,VERY_LONG,RED_ZONE,TRAILING,MID,FIELD_GOAL,0.21471128964026143,0.0036894679069519043
14.0,69.0,-14.0,572.0,VERY_LONG,OWN_TERRITORY,TRAILING,MID,PUNT,-0.24364157021045685,-0.009718596935272217
2.0,55.0,14.0,303.0,SHORT,OWN_TERRITORY,LEADING,MID,PUNT,-0.22096208180300891,-0.018933916464447975
15.0,71.0,-14.0,214.0,VERY_LONG,OWN_TERRITORY,TRAILING,LATE,GO,-1.826296362967696,-0.01036788523197174
11.0,43.0,14.0,189.0,VERY_LONG,MIDFIELD,LEADING,LATE,PUNT,-0.9133347476599738,-0.009405259974300861
7.0,29.0,-14.0,16.0,LONG,OPPONENT_21_35,TRAILING,LATE,GO,-2.2120652519515716,-0.0006988508393988013
4.0,72.0,0.0,3544.0,MEDIUM,OWN_TERRITORY,TIED,EARLY,PUNT,0.4538400168530643,0.04292741417884827
1.0,72.0,0.0,3466.0,SHORT,OWN_TERRITORY,TIED,EARLY,GO,2.4275117395445704,0.05011701583862305
5.0,5.0,-6.0,2976.0,MEDIUM,RED_ZONE,TRAILING,EARLY,FIELD_GOAL,0.06800054471359473,-0.014866560697555542
4.0,82.0,3.0,2868.0,MEDIUM,OWN_TERRITORY,LEADING,EARLY,PUNT,-0.053290452575311065,-0.01208600401878357
6.0,62.0,-3.0,2812.0,LONG,OWN_TERRITORY,TRAILING,EARLY,PUNT,0.7312488520983607,0.007577985525131226
2.0,37.0,3.0,2509.0,SHORT,MIDFIELD,LEADING,EARLY,GO,4.096760388696566,0.06612503528594971
22.0,26.0,3.0,2379.0,VERY_LONG,OPPONENT_21_35,LEADING,EARLY,FIELD_GOAL,0.8346946305814602,0.027787625789642334
1.0,24.0,-6.0,2216.0,SHORT,OPPONENT_21_35,TRAILING,EARLY,GO,1.6158720152452588,0.06844815611839294
5.0,25.0,1.0,1920.0,MEDIUM,OPPONENT_21_35,LEADING,EARLY,FIELD_GOAL,0.7769305498553907,0.03215554356575012
24.0,75.0,-4.0,1579.0,VERY_LONG,OWN_TERRITORY,TRAILING,MID,PUNT,-0.0006891675293445587,0.0463605672121048
16.0,75.0,4.0,1455.0,VERY_LONG,OWN_TERRITORY,LEADING,MID,PUNT,1.5654154517687857,0.05779808759689331
11.0,91.0,-4.0,1356.0,VERY_LONG,OWN_TERRITORY,TRAILING,MID,PUNT,-0.2278119525872171,0.02532091736793518
7.0,50.0,4.0,1255.0,LONG,MIDFIELD,LEADING,MID,PUNT,0.12399135692976415,0.005593478679656982
7.0,8.0,4.0,921.0,LONG,RED_ZONE,LEADING,MID,FIELD_GOAL,0.10750070410431656,0.020556271076202393
1.0,23.0,-7.0,614.0,SHORT,OPPONENT_21_35,TRAILING,MID,GO,-4.483177385292947,-0.09435752034187317
9.0,74.0,7.0,561.0,LONG,OWN_TERRITORY,LEADING,MID,PUNT,-0.6492793674115092,-0.010640233755111694
10.0,20.0,-7.0,348.0,LONG,RED_ZONE,TRAILING,MID,FIELD_GOAL,0.4690405340216679,-0.01351502537727356
2.0,55.0,4.0,177.0,SHORT,OWN_TERRITORY,LEADING,LATE,PUNT,-0.6434486788930371,-0.009181857109069824
27.0,70.0,-4.0,51.0,VERY_LONG,OWN_TERRITORY,TRAILING,LATE,GO,4.336247105500661,0.3291095867753029
6.0,22.0,-4.0,24.0,LONG,OPPONENT_21_35,TRAILING,LATE,GO,-2.660517895652447,-0.2481878399848938
3.0,58.0,-7.0,2930.0,MEDIUM,OWN_TERRITORY,TRAILING,EARLY,PUNT,0.4224506018217653,-0.0049054622650146484
1.0,47.0,7.0,2544.0,SHORT,MIDFIELD,LEADING,EARLY,GO,2.059271134668961,0.05450916290283203
2.0,72.0,-7.0,2293.0,SHORT,OWN_TERRITORY,TRAILING,EARLY,PUNT,0.21066057006828487,0.016731858253479004
7.0,7.0,-7.0,1952.0,LONG,RED_ZONE,TRAILING,EARLY,FIELD_GOAL,0.07967892097094698,0.014444798231124878
10.0,29.0,4.0,1864.0,LONG,OPPONENT_21_35,LEADING,EARLY,FIELD_GOAL,1.1378244938787712,0.05607199668884277
14.0,79.0,-7.0,1825.0,VERY_LONG,OWN_TERRITORY,TRAILING,EARLY,PUNT,-0.3143010038184002,-0.011129498481750488
6.0,52.0,-7.0,1653.0,LONG,OWN_TERRITORY,TRAILING,MID,PUNT,-0.4883672457654029,-0.002826705574989319
6.0,11.0,8.0,565.0,LONG,RED_ZONE,LEADING,MID,FIELD_GOAL,0.14797292829516895,0.004980124533176422
4.0,68.0,11.0,294.0,MEDIUM,OWN_TERRITORY,LEADING,LATE,PUNT,-0.5490033942041919,-0.035067785531282425
8.0,39.0,-11.0,167.0,LONG,MIDFIELD,TRAILING,LATE,FIELD_GOAL,-2.4070716467518367,-0.022674506530165672
1.0,44.0,11.0,120.0,SHORT,MIDFIELD,LEADING,LATE,GO,1.3105049531441182,0.0033074021339416504
2.0,60.0,0.0,3479.0,SHORT,OWN_TERRITORY,TIED,EARLY,PUNT,-0.31684760097414255,-0.009761452674865723
18.0,83.0,0.0,3267.0,VERY_LONG,OWN_TERRITORY,TIED,EARLY,PUNT,-3.1166768295224756,-0.11366605758666992
19.0,74.0,-7.0,3126.0,VERY_LONG,OWN_TERRITORY,TRAILING,EARLY,PUNT,-0.5125557817518711,-0.014184892177581787
16.0,66.0,7.0,3028.0,VERY_LONG,OWN_TERRITORY,LEADING,EARLY,PUNT,-0.4386410366278142,-0.02160423994064331
4.0,68.0,-7.0,2897.0,MEDIUM,OWN_TERRITORY,TRAILING,EARLY,PUNT,-0.6069074184633791,-0.017422735691070557
13.0,30.0,-14.0,2493.0,VERY_LONG,OPPONENT_21_35,TRAILING,EARLY,FIELD_GOAL,-3.4416001878112805,-0.04372668266296387
7.0,23.0,-14.0,2356.0,LONG,OPPONENT_21_35,TRAILING,EARLY,FIELD_GOAL,0.8317540036320472,-0.0009668916463851929
11.0,60.0,11.0,2260.0,VERY_LONG,OWN_TERRITORY,LEADING,EARLY,PUNT,-0.5166528327390552,-0.0161655992269516
22.0,64.0,-11.0,2056.0,VERY_LONG,OWN_TERRITORY,TRAILING,EARLY,PUNT,-0.38618328841403127,0.0015009641647338867
10.0,76.0,-11.0,1950.0,LONG,OWN_TERRITORY,TRAILING,EARLY,PUNT,-0.28789095662068576,0.00204448401927948
3.0,65.0,11.0,1907.0,MEDIUM,OWN_TERRITORY,LEADING,EARLY,PUNT,-0.801668320549652,-0.024195507168769836
25.0,59.0,-11.0,1825.0,VERY_LONG,OWN_TERRITORY,TRAILING,EARLY,PUNT,-0.05392150848638266,0.030712485313415527
4.0,43.0,-11.0,1563.0,MEDIUM,MIDFIELD,TRAILING,MID,GO,-3.4833208427298814,-0.04428468644618988
8.0,46.0,11.0,1454.0,LONG,MIDFIELD,LEADING,MID,PUNT,-0.9190752157010138,-0.015546247363090515
6.0,76.0,-11.0,1398.0,LONG,OWN_TERRITORY,TRAILING,MID,PUNT,1.1460763700306416,0.007820412516593933
6.0,70.0,11.0,1126.0,LONG,OWN_TERRITORY,LEADING,MID,PUNT,-0.9225376655813307,-0.019812151789665222
3.0,22.0,-11.0,958.0,MEDIUM,OPPONENT_21_35,TRAILING,MID,GO,-3.488138294313103,-0.08196605741977692
26.0,34.0,11.0,733.0,VERY_LONG,OPPONENT_21_35,LEADING,MID,FIELD_GOAL,1.5228976570200574,0.041840385645627975
11.0,69.0,-14.0,567.0,VERY_LONG,OWN_TERRITORY,TRAILING,MID,PUNT,-0.6411697878502309,-0.010010242462158203
2.0,5.0,-21.0,316.0,SHORT,RED_ZONE,TRAILING,MID,GO,3.818178726534825,0.002294261114221152
10.0,72.0,14.0,253.0,LONG,OWN_TERRITORY,LEADING,LATE,PUNT,-0.6963553950190544,-0.01904706098139286
2.0,29.0,14.0,59.0,SHORT,OPPONENT_21_35,LEADING,LATE,PUNT,-1.6282739179441705,-0.0008277161978185177
8.0,56.0,0.0,3281.0,LONG,OWN_TERRITORY,TIED,EARLY,PUNT,0.7267445842735469,0.03779616951942444
10.0,10.0,-7.0,2695.0,LONG,RED_ZONE,TRAILING,EARLY,FIELD_GOAL,0.12531589916993413,0.004742741584777832
1.0,57.0,-11.0,2192.0,SHORT,OWN_TERRITORY,TRAILING,EARLY,GO,1.9063699678517878,0.048539891839027405
10.0,30.0,-11.0,1944.0,LONG,OPPONENT_21_35,TRAILING,EARLY,FIELD_GOAL,1.3460982921273024,0.017270252108573914
6.0,65.0,8.0,1910.0,LONG,OWN_TERRITORY,LEADING,EARLY,PUNT,-0.0934563287300989,-0.01647542417049408
4.0,4.0,-8.0,1810.0,MEDIUM,RED_ZONE,TRAILING,EARLY,FIELD_GOAL,0.04252872846649369,0.037216126918792725
3.0,64.0,-5.0,1709.0,MEDIUM,OWN_TERRITORY,TRAILING,MID,PUNT,-1.4049371674191207,-0.05319884419441223
4.0,14.0,5.0,1456.0,MEDIUM,RED_ZONE,LEADING,MID,FIELD_GOAL,0.20554640360222542,0.0007227808237075806
3.0,57.0,-8.0,1287.0,MEDIUM,OWN_TERRITORY,TRAILING,MID,PUNT,-0.8224972845055163,-0.0338214635848999
5.0,5.0,8.0,989.0,MEDIUM,RED_ZONE,LEADING,MID,FIELD_GOAL,0.05113249339092185,-0.030918210744857788
12.0,96.0,11.0,842.0,VERY_LONG,OWN_TERRITORY,LEADING,MID,PUNT,0.5523819141089916,-0.014917522668838501
3.0,60.0,3.0,454.0,MEDIUM,OWN_TERRITORY,LEADING,MID,PUNT,-0.015486632939428091,-0.07098299264907837
11.0,89.0,-3.0,355.0,VERY_LONG,OWN_TERRITORY,TRAILING,MID,PUNT,-0.5256042082328349,-0.048938289284706116
9.0,50.0,3.0,292.0,LONG,MIDFIELD,LEADING,LATE,PUNT,0.22259418875910342,-0.03657117486000061
3.0,43.0,-3.0,198.0,MEDIUM,MIDFIELD,TRAILING,LATE,GO,3.5571498641511425,0.21619272232055664
7.0,7.0,-3.0,3.0,LONG,RED_ZONE,TRAILING,LATE,FIELD_GOAL,0.06739614486280754,0.04718377161771059
3.0,60.0,0.0,482.0,MEDIUM,OWN_TERRITORY,TIED,MID,PUNT,0.18721055891364813,0.27324555767700076
14.0,53.0,0.0,3288.0,VERY_LONG,OWN_TERRITORY,TIED,EARLY,PUNT,0.7140348658431321,0.05823582410812378
22.0,46.0,-7.0,2909.0,VERY_LONG,MIDFIELD,TRAILING,EARLY,PUNT,0.05789202800951898,0.024146825075149536
14.0,34.0,0.0,2581.0,VERY_LONG,OPPONENT_21_35,TIED,EARLY,FIELD_GOAL,1.5714085043703538,0.06272938847541809
6.0,61.0,-4.0,2174.0,LONG,OWN_TERRITORY,TRAILING,EARLY,PUNT,0.17172584868967533,0.00731348991394043
7.0,15.0,4.0,1817.0,LONG,RED_ZONE,LEADING,EARLY,FIELD_GOAL,-2.8734641013596334,-0.0777755081653595
14.0,84.0,4.0,1572.0,VERY_LONG,OWN_TERRITORY,LEADING,MID,PUNT,-2.195293126977049,-0.0793561339378357
27.0,86.0,-3.0,1216.0,VERY_LONG,OWN_TERRITORY,TRAILING,MID,PUNT,1.5593675808049738,0.04708784818649292
18.0,47.0,-3.0,1003.0,VERY_LONG,MIDFIELD,TRAILING,MID,PUNT,-0.2216388515662402,0.019175827503204346
1.0,70.0,3.0,825.0,SHORT,OWN_TERRITORY,LEADING,MID,PUNT,-0.6891186968423426,0.000542372465133667
10.0,66.0,-3.0,760.0,LONG,OWN_TERRITORY,TRAILING,MID,PUNT,1.292059647385031,0.018284380435943604
12.0,72.0,-3.0,127.0,VERY_LONG,OWN_TERRITORY,TRAILING,LATE,GO,-3.115628517640289,-0.1435048133134842
1.0,19.0,3.0,104.0,SHORT,RED_ZONE,LEADING,LATE,GO,-3.3193757354165427,-0.17497074604034424
1.0,71.0,-3.0,67.0,SHORT,OWN_TERRITORY,TRAILING,LATE,GO,0.7287915067281574,0.06085154414176941
4.0,34.0,0.0,471.0,MEDIUM,OPPONENT_21_35,TIED,MID,FIELD_GOAL,1.6501300783241528,-0.299848541876953
4.0,42.0,-3.0,247.0,MEDIUM,MIDFIELD,TRAILING,LATE,GO,-0.44389034854248166,-0.3522052187472582
10.0,34.0,0.0,3478.0,LONG,OPPONENT_21_35,TIED,EARLY,FIELD_GOAL,1.926297715499615,0.04484492540359497
4.0,55.0,-4.0,3012.0,MEDIUM,OWN_TERRITORY,TRAILING,EARLY,PUNT,0.45278424373827875,0.026004105806350708
19.0,76.0,4.0,2776.0,VERY_LONG,OWN_TERRITORY,LEADING,EARLY,PUNT,1.0687008197419345,0.022501319646835327
1.0,17.0,-4.0,2431.0,SHORT,RED_ZONE,TRAILING,EARLY,GO,-3.980721725150943,-0.11662310361862183
5.0,14.0,4.0,1948.0,MEDIUM,RED_ZONE,LEADING,EARLY,FIELD_GOAL,0.22397842605690643,-0.005890756845474243
11.0,41.0,-7.0,1815.0,VERY_LONG,MIDFIELD,TRAILING,EARLY,FIELD_GOAL,2.028295459558487,0.08362960815429688
15.0,50.0,4.0,1609.0,VERY_LONG,MIDFIELD,LEADING,MID,PUNT,6.081691198167391,0.14983373880386353
8.0,64.0,-11.0,1435.0,LONG,OWN_TERRITORY,TRAILING,MID,PUNT,0.8552259271964431,0.0186847522854805
3.0,63.0,11.0,1169.0,MEDIUM,OWN_TERRITORY,LEADING,MID,PUNT,0.2120668962597847,0.021294936537742615
22.0,99.0,-11.0,1037.0,VERY_LONG,OWN_TERRITORY,TRAILING,MID,PUNT,0.9678393614012748,0.02069658413529396
4.0,12.0,11.0,737.0,MEDIUM,RED_ZONE,LEADING,MID,FIELD_GOAL,0.1646535296171585,0.01532011479139328
27.0,98.0,-14.0,629.0,VERY_LONG,OWN_TERRITORY,TRAILING,MID,PUNT,-0.20281860337127,0.007196282036602497
2.0,21.0,14.0,460.0,SHORT,OPPONENT_21_35,LEADING,MID,FIELD_GOAL,0.5761464752419685,-0.0010587126016616821
9.0,39.0,17.0,353.0,LONG,MIDFIELD,LEADING,MID,PUNT,-0.38899966899771243,-0.004315804224461317
4.0,59.0,0.0,3421.0,MEDIUM,OWN_TERRITORY,TIED,EARLY,PUNT,-0.19885415397584438,0.008512765169143677
3.0,35.0,0.0,3101.0,MEDIUM,OPPONENT_21_35,TIED,EARLY,FIELD_GOAL,2.3017056283704473,0.022550582885742188
6.0,68.0,-3.0,3038.0,LONG,OWN_TERRITORY,TRAILING,EARLY,PUNT,0.035987052135169506,-0.013896673917770386
15.0,45.0,3.0,2704.0,VERY_LONG,MIDFIELD,LEADING,EARLY,PUNT,0.20150706660933793,-0.01886114478111267
6.0,50.0,-4.0,2066.0,LONG,MIDFIELD,TRAILING,EARLY,PUNT,0.016339959111064672,0.03693714737892151
2.0,23.0,4.0,1833.0,SHORT,OPPONENT_21_35,LEADING,EARLY,FIELD_GOAL,0.5690176720596258,0.0136355459690094
4.0,63.0,-4.0,1715.0,MEDIUM,OWN_TERRITORY,TRAILING,MID,PUNT,0.5110569098033011,0.03702676296234131
1.0,1.0,4.0,1374.0,SHORT,RED_ZONE,LEADING,MID,GO,-4.899920595460571,-0.133989155292511
4.0,63.0,-4.0,1205.0,MEDIUM,OWN_TERRITORY,TRAILING,MID,PUNT,-0.38045206968672574,0.032985180616378784
2.0,27.0,4.0,969.0,SHORT,OPPONENT_21_35,LEADING,MID,FIELD_GOAL,0.9905239852224539,0.0710090845823288
6.0,60.0,-7.0,790.0,LONG,OWN_TERRITORY,TRAILING,MID,PUNT,-0.2881617252714932,0.0423993319272995
1.0,1.0,7.0,358.0,SHORT,RED_ZONE,LEADING,MID,FIELD_GOAL,0.025805323271715253,-0.009911008179187775
7.0,33.0,3.0,116.0,LONG,OPPONENT_21_35,LEADING,LATE,FIELD_GOAL,1.685417592387546,-0.04959438741207123
1.0,63.0,-6.0,74.0,SHORT,OWN_TERRITORY,TRAILING,LATE,GO,1.1292845527641475,0.01986314356327057
8.0,57.0,-6.0,51.0,LONG,OWN_TERRITORY,TRAILING,LATE,GO,1.4533356179017574,0.16676496714353561
10.0,26.0,-6.0,23.0,LONG,OPPONENT_21_35,TRAILING,LATE,GO,-1.6029548884835094,-0.16397196054458618
19.0,48.0,-7.0,3182.0,VERY_LONG,MIDFIELD,TRAILING,EARLY,PUNT,0.300596509128809,0.015036910772323608
9.0,91.0,7.0,3091.0,LONG,OWN_TERRITORY,LEADING,EARLY,PUNT,-0.41801699716597795,-0.012112528085708618
9.0,52.0,-7.0,3010.0,LONG,OWN_TERRITORY,TRAILING,EARLY,PUNT,0.05401481012813747,-0.005502492189407349
3.0,3.0,7.0,2703.0,MEDIUM,RED_ZONE,LEADING,EARLY,FIELD_GOAL,0.014862915630812434,-0.043380022048950195
17.0,68.0,-10.0,2181.0,VERY_LONG,OWN_TERRITORY,TRAILING,EARLY,PUNT,0.5823975179810077,0.026495307683944702
1.0,79.0,10.0,2050.0,SHORT,OWN_TERRITORY,LEADING,EARLY,PUNT,-1.039405134622939,-0.013488829135894775
7.0,26.0,3.0,1842.0,LONG,OPPONENT_21_35,LEADING,EARLY,FIELD_GOAL,0.8742747747857211,0.04861032962799072
8.0,43.0,-3.0,1556.0,LONG,MIDFIELD,TRAILING,MID,PUNT,-0.0673804406542331,0.003121674060821533
9.0,46.0,3.0,1343.0,LONG,MIDFIELD,LEADING,MID,PUNT,-0.29952900810167193,-0.01710161566734314
9.0,44.0,-3.0,594.0,LONG,MIDFIELD,TRAILING,MID,PUNT,-0.16723632905632257,-0.046661555767059326
6.0,6.0,3.0,179.0,LONG,RED_ZONE,LEADING,LATE,GO,-3.2992947386810556,-0.14528605341911316
10.0,41.0,-3.0,33.0,LONG,MIDFIELD,TRAILING,LATE,FIELD_GOAL,2.038567922746991,0.21414948999881744
10.0,70.0,-7.0,523.0,LONG,OWN_TERRITORY,TRAILING,MID,GO,3.2778392552863806,0.3152040394488722
5.0,27.0,-7.0,266.0,MEDIUM,OPPONENT_21_35,TRAILING,LATE,GO,-2.090894157823641,-0.73817738116486
6.0,53.0,0.0,3549.0,LONG,OWN_TERRITORY,TIED,EARLY,PUNT,-0.24267176073044538,0.013470381498336792
1.0,73.0,0.0,3420.0,SHORT,OWN_TERRITORY,TIED,EARLY,GO,2.1881832706276327,0.060387253761291504
3.0,64.0,0.0,3289.0,MEDIUM,OWN_TERRITORY,TIED,EARLY,PUNT,-0.2570904395543039,-0.01119646430015564
10.0,47.0,0.0,2949.0,LONG,MIDFIELD,TIED,EARLY,PUNT,0.06539691425859928,0.013851642608642578
3.0,87.0,0.0,2844.0,MEDIUM,OWN_TERRITORY,TIED,EARLY,PUNT,-0.05824050772935152,0.003501713275909424
8.0,44.0,0.0,2660.0,LONG,MIDFIELD,TIED,EARLY,PUNT,-0.241718718316406,0.01891934871673584
17.0,87.0,0.0,2445.0,VERY_LONG,OWN_TERRITORY,TIED,EARLY,PUNT,1.4614624835085124,0.05386847257614136
4.0,13.0,-7.0,1899.0,MEDIUM,RED_ZONE,TRAILING,EARLY,FIELD_GOAL,0.1894904163535589,0.03029993176460266
10.0,47.0,4.0,1833.0,LONG,MIDFIELD,LEADING,EARLY,PUNT,-0.4747864466626197,-0.008598923683166504
2.0,58.0,-3.0,1302.0,SHORT,OWN_TERRITORY,TRAILING,MID,GO,-2.9110238442663103,-0.08135604858398438
2.0,2.0,3.0,1115.0,SHORT,RED_ZONE,LEADING,MID,GO,3.730820377008058,0.05767310327270747
10.0,24.0,-10.0,886.0,LONG,OPPONENT_21_35,TRAILING,MID,FIELD_GOAL,0.7984924918647915,-0.00279274582862854
8.0,17.0,7.0,579.0,LONG,RED_ZONE,LEADING,MID,FIELD_GOAL,0.36336761118822825,-0.007901959121227264
2.0,72.0,10.0,199.0,SHORT,OWN_TERRITORY,LEADING,LATE,PUNT,0.8774081983137876,-0.01436619833111763
14.0,89.0,-10.0,107.0,VERY_LONG,OWN_TERRITORY,TRAILING,LATE,GO,-3.1209141418803483,-0.00581050431355834
8.0,9.0,10.0,45.0,LONG,RED_ZONE,LEADING,LATE,FIELD_GOAL,0.09262569230946127,-0.001092036021873355
3.0,50.0,0.0,3416.0,MEDIUM,MIDFIELD,TIED,EARLY,GO,-2.9595904636662453,-0.051308631896972656
6.0,72.0,-7.0,3133.0,LONG,OWN_TERRITORY,TRAILING,EARLY,PUNT,0.36333196982741356,0.012303382158279419
12.0,82.0,21.0,1980.0,VERY_LONG,OWN_TERRITORY,LEADING,EARLY,PUNT,0.2517574205994606,-0.0013875216245651245
7.0,65.0,14.0,1725.0,LONG,OWN_TERRITORY,LEADING,MID,PUNT,1.0332905179820955,0.029281824827194214
6.0,88.0,-14.0,1598.0,LONG,OWN_TERRITORY,TRAILING,MID,PUNT,0.7613023123703897,0.005579106509685516
5.0,52.0,14.0,1464.0,MEDIUM,OWN_TERRITORY,LEADING,MID,PUNT,0.16403183480724692,0.01905892789363861
9.0,33.0,-14.0,1299.0,LONG,OPPONENT_21_35,TRAILING,MID,FIELD_GOAL,-3.364170872254389,-0.037240028381347656
3.0,52.0,14.0,1165.0,MEDIUM,OWN_TERRITORY,LEADING,MID,PUNT,-0.2699094784911722,-0.002416461706161499
5.0,38.0,7.0,794.0,MEDIUM,MIDFIELD,LEADING,MID,FIELD_GOAL,-3.6034884659416644,-0.04358135163784027
13.0,60.0,0.0,325.0,VERY_LONG,OWN_TERRITORY,TIED,MID,PUNT,6.097726722015068,0.2965754270553589
1.0,1.0,0.0,226.0,SHORT,RED_ZONE,TIED,LATE,GO,-4.272707836120389,-0.11627888679504395
20.0,81.0,0.0,104.0,VERY_LONG,OWN_TERRITORY,TIED,LATE,PUNT,0.1785777343902737,-0.040128111839294434
12.0,24.0,0.0,3.0,VERY_LONG,OPPONENT_21_35,TIED,LATE,FIELD_GOAL,0.4818146004407211,0.22442543506622314
6.0,67.0,0.0,3510.0,LONG,OWN_TERRITORY,TIED,EARLY,PUNT,0.20302787190303206,0.012091308832168579
1.0,30.0,7.0,2335.0,SHORT,OPPONENT_21_35,LEADING,EARLY,GO,-3.5886773428646848,-0.06534045934677124
1.0,61.0,-7.0,2273.0,SHORT,OWN_TERRITORY,TRAILING,EARLY,GO,2.2945100476499647,0.0603921115398407
1.0,56.0,0.0,1892.0,SHORT,OWN_TERRITORY,TIED,EARLY,GO,5.8872885647870135,0.19180193543434143
20.0,74.0,4.0,1583.0,VERY_LONG,OWN_TERRITORY,LEADING,MID,PUNT,-0.6002045813947916,0.04208850860595703
3.0,66.0,-3.0,1290.0,MEDIUM,OWN_TERRITORY,TRAILING,MID,PUNT,-0.518066962249577,-0.02666500210762024
1.0,64.0,3.0,1217.0,SHORT,OWN_TERRITORY,LEADING,MID,PUNT,-1.5368297533132136,-0.07265603542327881
2.0,60.0,3.0,286.0,SHORT,OWN_TERRITORY,LEADING,LATE,PUNT,0.2847996682394296,-0.023126572370529175
9.0,77.0,-3.0,121.0,LONG,OWN_TERRITORY,TRAILING,LATE,PUNT,-0.7871226789429784,-0.09429262578487396
7.0,53.0,3.0,96.0,LONG,OWN_TERRITORY,LEADING,LATE,PUNT,-0.43212204036535695,-0.14612416923046112
6.0,47.0,-3.0,21.0,LONG,MIDFIELD,TRAILING,LATE,GO,-0.33801837952341884,-0.1196332722902298
2.0,42.0,0.0,3429.0,SHORT,MIDFIELD,TIED,EARLY,GO,3.152237676666118,0.11797231435775757
4.0,4.0,0.0,3053.0,MEDIUM,RED_ZONE,TIED,EARLY,FIELD_GOAL,0.050419306982291356,-0.018445760011672974
4.0,28.0,-3.0,2838.0,MEDIUM,OPPONENT_21_35,TRAILING,EARLY,FIELD_GOAL,1.1877880113052584,0.0012069344520568848
7.0,62.0,0.0,2575.0,LONG,OWN_TERRITORY,TIED,EARLY,PUNT,-0.8122953693382442,0.005905419588088989
19.0,94.0,-7.0,2336.0,VERY_LONG,OWN_TERRITORY,TRAILING,EARLY,PUNT,-1.6977646622108296,-0.024485930800437927
11.0,11.0,7.0,2088.0,VERY_LONG,RED_ZONE,LEADING,EARLY,FIELD_GOAL,0.13883281903295597,0.00027504563331604004
1.0,40.0,-10.0,1914.0,SHORT,MIDFIELD,TRAILING,EARLY,GO,-2.4925885619595647,-0.05699044466018677
15.0,78.0,-20.0,1607.0,VERY_LONG,OWN_TERRITORY,TRAILING,MID,PUNT,1.4294716157019138,0.0085713230073452
2.0,70.0,20.0,1544.0,SHORT,OWN_TERRITORY,LEADING,MID,PUNT,-5.860891523770988,-0.03739200257673492
3.0,41.0,13.0,802.0,MEDIUM,MIDFIELD,LEADING,MID,GO,-2.7265224016737193,-0.04344508796930313
1.0,45.0,-13.0,690.0,SHORT,MIDFIELD,TRAILING,MID,GO,1.792066267458722,0.0276787206530571
21.0,35.0,-13.0,381.0,VERY_LONG,OPPONENT_21_35,TRAILING,MID,GO,-1.9192075193859637,-0.025720253586769104
14.0,84.0,13.0,315.0,VERY_LONG,OWN_TERRITORY,LEADING,MID,PUNT,0.060737636871635914,-0.024153728038072586
4.0,56.0,-13.0,257.0,MEDIUM,OWN_TERRITORY,TRAILING,LATE,GO,2.6195666038547643,0.027348114177584648
6.0,41.0,-13.0,179.0,LONG,MIDFIELD,TRAILING,LATE,GO,2.465956577914767,0.0051229242235422134
5.0,27.0,-13.0,116.0,MEDIUM,OPPONENT_21_35,TRAILING,LATE,GO,2.299178963934537,0.004539594054222107
9.0,43.0,0.0,3317.0,LONG,MIDFIELD,TIED,EARLY,PUNT,-0.9409323590807617,-0.0010429322719573975
19.0,74.0,-14.0,2755.0,VERY_LONG,OWN_TERRITORY,TRAILING,EARLY,PUNT,0.05432585976086557,0.014575690031051636
2.0,72.0,-21.0,1903.0,SHORT,OWN_TERRITORY,TRAILING,EARLY,GO,-3.241647453221958,-0.014729902148246765
3.0,21.0,21.0,1866.0,MEDIUM,OPPONENT_21_35,LEADING,EARLY,FIELD_GOAL,0.545806981728516,0.015170251950621605
24.0,63.0,-24.0,1805.0,VERY_LONG,OWN_TERRITORY,TRAILING,EARLY,GO,0.04197597864549607,-0.011964332312345505
4.0,40.0,24.0,1682.0,MEDIUM,MIDFIELD,LEADING,MID,GO,-3.7852362997364253,-0.02982166036963463
6.0,32.0,-24.0,1471.0,LONG,OPPONENT_21_35,TRAILING,MID,GO,3.2927341281902045,0.005706201773136854
9.0,18.0,-24.0,1373.0,LONG,RED_ZONE,TRAILING,MID,GO,-4.4187616251874715,-0.006864804774522781
8.0,48.0,24.0,1175.0,LONG,MIDFIELD,LEADING,MID,PUNT,0.03833693847991526,-0.0019139964133501053
1.0,83.0,-24.0,1045.0,SHORT,OWN_TERRITORY,TRAILING,MID,PUNT,-0.6479197186417878,-0.0023243387695401907
7.0,34.0,24.0,820.0,LONG,OPPONENT_21_35,LEADING,MID,FIELD_GOAL,1.5935129039860458,0.000345132575603202
3.0,13.0,-27.0,577.0,MEDIUM,RED_ZONE,TRAILING,MID,GO,-4.32967786147492,-0.00007187004666775465
1.0,66.0,27.0,439.0,SHORT,OWN_TERRITORY,LEADING,MID,PUNT,-2.614184657111764,0.000051707058446481824
7.0,45.0,-27.0,333.0,LONG,MIDFIELD,TRAILING,MID,PUNT,-1.0851125321350992,1.440785126760602e-7
8.0,65.0,27.0,120.0,LONG,OWN_TERRITORY,LEADING,LATE,PUNT,-0.51129035721533,0.000046116154408082366
10.0,47.0,0.0,3336.0,LONG,MIDFIELD,TIED,EARLY,PUNT,0.16688860743306577,0.03344458341598511
15.0,78.0,0.0,2700.0,VERY_LONG,OWN_TERRITORY,TIED,EARLY,PUNT,1.3541406807489693,0.06522145867347717
3.0,70.0,0.0,2606.0,MEDIUM,OWN_TERRITORY,TIED,EARLY,PUNT,-0.42600500024855137,0.01537749171257019
7.0,7.0,0.0,2284.0,LONG,RED_ZONE,TIED,EARLY,FIELD_GOAL,0.07765294524589272,-0.014377564191818237
20.0,79.0,-3.0,2181.0,VERY_LONG,OWN_TERRITORY,TRAILING,EARLY,PUNT,-1.129858183907345,-0.029088765382766724
2.0,14.0,3.0,1920.0,SHORT,RED_ZONE,LEADING,EARLY,GO,2.0729180250200443,0.06685900688171387
12.0,62.0,7.0,1677.0,VERY_LONG,OWN_TERRITORY,LEADING,MID,PUNT,0.8302640663459897,0.012068867683410645
3.0,25.0,-7.0,1370.0,MEDIUM,OPPONENT_21_35,TRAILING,MID,FIELD_GOAL,-4.059437821103285,-0.08526110649108887
5.0,55.0,7.0,845.0,MEDIUM,OWN_TERRITORY,LEADING,MID,PUNT,0.22145003080368042,0.053403690457344055
1.0,61.0,-7.0,646.0,SHORT,OWN_TERRITORY,TRAILING,MID,GO,-3.3167605821508914,-0.054961591958999634
10.0,39.0,7.0,543.0,LONG,MIDFIELD,LEADING,MID,FIELD_GOAL,2.8445851151514723,0.021065719425678253
5.0,63.0,3.0,120.0,MEDIUM,OWN_TERRITORY,LEADING,LATE,PUNT,0.2648747330531478,-0.054551541805267334
2.0,83.0,-3.0,55.0,SHORT,OWN_TERRITORY,TRAILING,LATE,GO,-3.6604147367179394,-0.0957668200135231
2.0,51.0,0.0,3412.0,SHORT,OWN_TERRITORY,TIED,EARLY,PUNT,-0.4777590255253017,-0.011613398790359497
2.0,48.0,0.0,3139.0,SHORT,MIDFIELD,TIED,EARLY,PUNT,-0.3569768376182765,-0.0019810497760772705
10.0,45.0,0.0,2881.0,LONG,MIDFIELD,TIED,EARLY,PUNT,0.06857144623063505,0.01892179250717163
6.0,44.0,0.0,2651.0,LONG,MIDFIELD,TIED,EARLY,PUNT,6.316413983062375,0.1708187460899353
14.0,50.0,-7.0,2459.0,VERY_LONG,MIDFIELD,TRAILING,EARLY,PUNT,-0.25785792781971395,0.019031360745429993
4.0,76.0,7.0,2374.0,MEDIUM,OWN_TERRITORY,LEADING,EARLY,PUNT,0.34244993538595736,0.029945790767669678
3.0,49.0,-7.0,2147.0,MEDIUM,MIDFIELD,TRAILING,EARLY,PUNT,-0.7261472563259304,-0.010799184441566467
22.0,93.0,7.0,2000.0,VERY_LONG,OWN_TERRITORY,LEADING,EARLY,PUNT,0.338567778817378,0.0357990562915802
5.0,60.0,0.0,1735.0,MEDIUM,OWN_TERRITORY,TIED,MID,PUNT,0.730273797409609,0.04977878928184509
12.0,32.0,0.0,1191.0,VERY_LONG,OPPONENT_21_35,TIED,MID,FIELD_GOAL,-3.6891123362823413,-0.04896017909049988
6.0,36.0,0.0,1009.0,LONG,MIDFIELD,TIED,MID,FIELD_GOAL,-2.727718523201493,-0.06623375415802002
5.0,34.0,0.0,902.0,MEDIUM,OPPONENT_21_35,TIED,MID,FIELD_GOAL,1.9198209408797293,0.12060585618019104
9.0,14.0,-3.0,806.0,LONG,RED_ZONE,TRAILING,MID,FIELD_GOAL,0.22730198004433344,0.0431007444858551
1.0,11.0,-7.0,176.0,SHORT,RED_ZONE,TRAILING,LATE,GO,1.587021508574253,0.10179269313812256
9.0,69.0,0.0,96.0,LONG,OWN_TERRITORY,TIED,LATE,PUNT,-0.0379744004458189,-0.05151459574699402
11.0,87.0,0.0,66.0,VERY_LONG,OWN_TERRITORY,TIED,LATE,PUNT,-0.052199739729985595,-0.05469140410423279
10.0,67.0,0.0,44.0,LONG,OWN_TERRITORY,TIED,LATE,PUNT,-0.803794888255652,-0.13229712843894958
10.0,53.0,0.0,3159.0,LONG,OWN_TERRITORY,TIED,EARLY,PUNT,-0.1725195744074881,-0.0006103515625
15.0,47.0,0.0,2907.0,VERY_LONG,MIDFIELD,TIED,EARLY,PUNT,-0.38222868740558624,0.004134088754653931
4.0,74.0,0.0,2808.0,MEDIUM,OWN_TERRITORY,TIED,EARLY,PUNT,1.0845457217656076,0.045455217361450195
4.0,81.0,0.0,2715.0,MEDIUM,OWN_TERRITORY,TIED,EARLY,PUNT,-0.2694746705237776,0.011147558689117432
9.0,46.0,0.0,2641.0,LONG,MIDFIELD,TIED,EARLY,PUNT,-0.4840081878937781,0.006082475185394287
8.0,9.0,-7.0,1855.0,LONG,RED_ZONE,TRAILING,EARLY,FIELD_GOAL,0.09423317530681041,0.013598769903182983
1.0,1.0,3.0,1433.0,SHORT,RED_ZONE,LEADING,MID,GO,2.5389990848489106,0.0802434315894166
1.0,66.0,-9.0,1350.0,SHORT,OWN_TERRITORY,TRAILING,MID,PUNT,-0.2702389289624989,-0.018159225583076477
2.0,23.0,9.0,989.0,SHORT,OPPONENT_21_35,LEADING,MID,GO,1.9402399811078794,0.022840499877929688
2.0,7.0,-16.0,616.0,SHORT,RED_ZONE,TRAILING,MID,GO,-3.1641221571480855,-0.024771753698587418
2.0,19.0,16.0,72.0,SHORT,RED_ZONE,LEADING,LATE,FIELD_GOAL,0.41075933580314095,-0.0006577918538823724
1.0,25.0,0.0,3276.0,SHORT,OPPONENT_21_35,TIED,EARLY,GO,-3.9375140639021993,-0.09617286920547485
5.0,60.0,0.0,3125.0,MEDIUM,OWN_TERRITORY,TIED,EARLY,PUNT,-0.1264819367788732,-0.017673075199127197
8.0,26.0,-7.0,2588.0,LONG,OPPONENT_21_35,TRAILING,EARLY,FIELD_GOAL,1.0375451205960884,0.023976892232894897
10.0,12.0,4.0,2207.0,LONG,RED_ZONE,LEADING,EARLY,FIELD_GOAL,0.16628593454016727,-0.013562560081481934
3.0,63.0,-7.0,2107.0,MEDIUM,OWN_TERRITORY,TRAILING,EARLY,PUNT,0.015000522136688232,-0.01726430654525757
20.0,77.0,7.0,1979.0,VERY_LONG,OWN_TERRITORY,LEADING,EARLY,PUNT,-0.18088631087448448,-0.008242875337600708
8.0,63.0,-7.0,1903.0,LONG,OWN_TERRITORY,TRAILING,EARLY,PUNT,-0.2064914284273982,-0.020403683185577393
9.0,72.0,-7.0,1741.0,LONG,OWN_TERRITORY,TRAILING,MID,PUNT,0.6025625392794609,0.03431251645088196
10.0,66.0,7.0,1647.0,LONG,OWN_TERRITORY,LEADING,MID,PUNT,-0.2532655303366482,0.006205558776855469
3.0,44.0,7.0,1506.0,MEDIUM,MIDFIELD,LEADING,MID,PUNT,-0.28080102824606,-0.006633281707763672
5.0,37.0,1.0,956.0,MEDIUM,MIDFIELD,LEADING,MID,GO,3.312420754577033,0.10342735052108765
8.0,77.0,-8.0,682.0,LONG,OWN_TERRITORY,TRAILING,MID,PUNT,-0.09699141839519143,-0.01659885048866272
4.0,30.0,9.0,75.0,MEDIUM,OPPONENT_21_35,LEADING,LATE,GO,-1.81170173647115,-0.012584291398525238
4.0,34.0,-9.0,13.0,MEDIUM,OPPONENT_21_35,TRAILING,LATE,FIELD_GOAL,-1.7523630648825395,-0.015664778649806976
7.0,13.0,0.0,3282.0,LONG,RED_ZONE,TIED,EARLY,FIELD_GOAL,0.17947285821608316,0.00251162052154541
8.0,65.0,-4.0,3008.0,LONG,OWN_TERRITORY,TRAILING,EARLY,PUNT,0.6071080870460719,0.013747245073318481
2.0,2.0,-4.0,2855.0,SHORT,RED_ZONE,TRAILING,EARLY,GO,-2.9123726750258356,-0.1334834098815918
11.0,99.0,4.0,2805.0,VERY_LONG,OWN_TERRITORY,LEADING,EARLY,PUNT,0.34207268455065787,0.02561059594154358
1.0,32.0,-4.0,2586.0,SHORT,OPPONENT_21_35,TRAILING,EARLY,GO,1.7162523677106947,0.07997319102287292
4.0,24.0,-4.0,2488.0,MEDIUM,OPPONENT_21_35,TRAILING,EARLY,FIELD_GOAL,0.8571182641427688,-0.011007994413375854
6.0,6.0,-1.0,1959.0,LONG,RED_ZONE,TRAILING,EARLY,FIELD_GOAL,0.0678955601209581,-0.03685104846954346
19.0,45.0,-2.0,1902.0,VERY_LONG,MIDFIELD,TRAILING,EARLY,PUNT,-0.7343772399472073,-0.04608917236328125
10.0,54.0,2.0,1844.0,LONG,OWN_TERRITORY,LEADING,EARLY,PUNT,-0.4463730624993332,-0.02359694242477417
6.0,15.0,2.0,1814.0,LONG,RED_ZONE,LEADING,EARLY,FIELD_GOAL,0.2051477257083687,0.0340743362903595
4.0,72.0,-5.0,1677.0,MEDIUM,OWN_TERRITORY,TRAILING,MID,PUNT,-0.8839104191865772,-0.0273493230342865
3.0,34.0,12.0,570.0,MEDIUM,OPPONENT_21_35,LEADING,MID,FIELD_GOAL,1.876236242991087,0.018591631203889847
8.0,51.0,-15.0,481.0,LONG,OWN_TERRITORY,TRAILING,MID,GO,-2.2968380372039974,-0.016912192106246948
2.0,76.0,-15.0,283.0,SHORT,OWN_TERRITORY,TRAILING,LATE,GO,2.4615615566726774,0.008693085983395576
9.0,23.0,15.0,71.0,LONG,OPPONENT_21_35,LEADING,LATE,FIELD_GOAL,0.580778075675298,-0.0002657471923157573
5.0,15.0,0.0,3331.0,MEDIUM,RED_ZONE,TIED,EARLY,FIELD_GOAL,0.24149801029483786,0.006341814994812012
8.0,39.0,-3.0,2983.0,LONG,MIDFIELD,TRAILING,EARLY,PUNT,-0.2884332723915577,-0.051619768142700195
4.0,83.0,3.0,2884.0,MEDIUM,OWN_TERRITORY,LEADING,EARLY,PUNT,-0.27076843846589327,-0.012222260236740112
1.0,45.0,3.0,2465.0,SHORT,MIDFIELD,LEADING,EARLY,GO,3.5931264464743435,0.08208727836608887
8.0,10.0,3.0,2274.0,LONG,RED_ZONE,LEADING,EARLY,FIELD_GOAL,0.12985634062411044,0.009725183248519897
9.0,54.0,-6.0,955.0,LONG,OWN_TERRITORY,TRAILING,MID,PUNT,0.2184434114024043,0.021661236882209778
8.0,20.0,-6.0,760.0,LONG,RED_ZONE,TRAILING,MID,FIELD_GOAL,0.5313782966137905,0.024230778217315674
9.0,70.0,3.0,619.0,LONG,OWN_TERRITORY,LEADING,MID,PUNT,-0.18011303199455142,0.0018638968467712402
2.0,65.0,-3.0,528.0,SHORT,OWN_TERRITORY,TRAILING,MID,PUNT,-0.28301988122984767,-0.05361068248748779
4.0,47.0,3.0,292.0,MEDIUM,MIDFIELD,LEADING,LATE,PUNT,-0.8967130485689268,-0.10266926884651184
21.0,75.0,-3.0,222.0,VERY_LONG,OWN_TERRITORY,TRAILING,LATE,PUNT,0.15006542031187564,0.023157581686973572
4.0,65.0,3.0,189.0,MEDIUM,OWN_TERRITORY,LEADING,LATE,PUNT,-0.07317020534537733,0.002039790153503418
1.0,65.0,-3.0,137.0,SHORT,OWN_TERRITORY,TRAILING,LATE,GO,1.4495989549905062,0.0931137204170227
6.0,45.0,-3.0,52.0,LONG,MIDFIELD,TRAILING,LATE,GO,1.9886203383794054,0.22916394472122192
3.0,3.0,-7.0,170.0,MEDIUM,RED_ZONE,TRAILING,LATE,GO,4.222655795281753,-0.346104793805629
10.0,27.0,0.0,3257.0,LONG,OPPONENT_21_35,TIED,EARLY,FIELD_GOAL,1.0533694311876545,0.033750712871551514
8.0,63.0,-3.0,3207.0,LONG,OWN_TERRITORY,TRAILING,EARLY,PUNT,-0.03764505544677377,-0.01344725489616394
5.0,78.0,3.0,3107.0,MEDIUM,OWN_TERRITORY,LEADING,EARLY,PUNT,-0.40774180088192225,-0.008946239948272705
21.0,60.0,-3.0,2916.0,VERY_LONG,OWN_TERRITORY,TRAILING,EARLY,PUNT,-0.2793110702186823,-0.025829225778579712
3.0,22.0,3.0,2665.0,MEDIUM,OPPONENT_21_35,LEADING,EARLY,GO,4.501509604859166,0.14771818550417093
1.0,2.0,3.0,1936.0,SHORT,RED_ZONE,LEADING,EARLY,GO,2.8990158644737676,0.0883998286443135
3.0,47.0,-3.0,1573.0,MEDIUM,MIDFIELD,TRAILING,MID,GO,-3.227311281953007,-0.07841360569000244
3.0,21.0,-10.0,655.0,MEDIUM,OPPONENT_21_35,TRAILING,MID,GO,-3.4766939010005444,-0.10309351980686188
4.0,72.0,10.0,553.0,MEDIUM,OWN_TERRITORY,LEADING,MID,PUNT,-0.18641075445339084,-0.017288491129875183
13.0,13.0,-10.0,182.0,VERY_LONG,RED_ZONE,TRAILING,LATE,FIELD_GOAL,0.1412706175721885,0.02714286744594574
3.0,45.0,7.0,115.0,MEDIUM,MIDFIELD,LEADING,LATE,GO,2.439742560265586,0.020175516605377197
8.0,63.0,0.0,3557.0,LONG,OWN_TERRITORY,TIED,EARLY,PUNT,-0.8463734444230795,-0.0032179951667785645
4.0,4.0,0.0,3178.0,MEDIUM,RED_ZONE,TIED,EARLY,FIELD_GOAL,0.04788304567167723,0.015305101871490479
10.0,73.0,-3.0,3048.0,LONG,OWN_TERRITORY,TRAILING,EARLY,PUNT,-0.12602480361238122,0.003023475408554077
4.0,62.0,3.0,2877.0,MEDIUM,OWN_TERRITORY,LEADING,EARLY,PUNT,-0.2729967497289181,-0.02562609314918518
7.0,59.0,-3.0,2743.0,LONG,OWN_TERRITORY,TRAILING,EARLY,PUNT,-0.15763049805536866,-0.00412324070930481
7.0,80.0,3.0,2662.0,LONG,OWN_TERRITORY,LEADING,EARLY,PUNT,-0.19999086437746882,-0.01446598768234253
1.0,9.0,-3.0,2419.0,SHORT,RED_ZONE,TRAILING,EARLY,GO,-4.101139421225525,-0.14291352033615112
15.0,47.0,-4.0,1920.0,VERY_LONG,MIDFIELD,TRAILING,EARLY,PUNT,-0.6423173660878092,0.035992562770843506
2.0,47.0,4.0,1802.0,SHORT,MIDFIELD,LEADING,EARLY,GO,-0.47734032839071006,-0.06435912847518921
21.0,25.0,4.0,1312.0,VERY_LONG,OPPONENT_21_35,LEADING,MID,FIELD_GOAL,0.7780470643989208,0.0242193341255188
7.0,24.0,-7.0,524.0,LONG,OPPONENT_21_35,TRAILING,MID,FIELD_GOAL,0.7641524849087769,0.049796879291534424
1.0,17.0,4.0,293.0,SHORT,RED_ZONE,LEADING,LATE,GO,-4.073211124690715,-0.14113110303878784
9.0,31.0,-4.0,109.0,LONG,OPPONENT_21_35,TRAILING,LATE,GO,-3.1208238393301144,-0.19651800394058228
5.0,49.0,0.0,3373.0,MEDIUM,MIDFIELD,TIED,EARLY,PUNT,-0.716173427645117,-0.00336378812789917
3.0,10.0,0.0,3008.0,MEDIUM,RED_ZONE,TIED,EARLY,FIELD_GOAL,0.13152031314308577,-0.01925814151763916
15.0,80.0,-12.0,2559.0,VERY_LONG,OWN_TERRITORY,TRAILING,EARLY,PUNT,0.6821913635358214,0.019341766834259033
10.0,71.0,12.0,2464.0,LONG,OWN_TERRITORY,LEADING,EARLY,PUNT,-0.15708513651043177,-0.0106964111328125
3.0,65.0,-12.0,2360.0,MEDIUM,OWN_TERRITORY,TRAILING,EARLY,PUNT,-0.09025897923856974,-0.004097878932952881
7.0,72.0,12.0,2238.0,LONG,OWN_TERRITORY,LEADING,EARLY,PUNT,-0.9449276411905885,-0.011675581336021423
8.0,57.0,-12.0,2128.0,LONG,OWN_TERRITORY,TRAILING,EARLY,PUNT,-0.07699318719096482,-0.0009140223264694214
25.0,95.0,12.0,1962.0,VERY_LONG,OWN_TERRITORY,LEADING,EARLY,PUNT,-0.8303837391431443,0.012014508247375488
2.0,21.0,-12.0,1825.0,SHORT,OPPONENT_21_35,TRAILING,EARLY,GO,-2.7349223491037264,-0.0785617083311081
1.0,72.0,-15.0,1708.0,SHORT,OWN_TERRITORY,TRAILING,MID,PUNT,-0.7605688418261707,-0.008272238075733185
1.0,4.0,15.0,1352.0,SHORT,RED_ZONE,LEADING,MID,GO,2.3994091738713905,0.015528440475463867
7.0,55.0,-22.0,1094.0,LONG,OWN_TERRITORY,TRAILING,MID,PUNT,-0.35061956848949194,-0.0024093028623610735
35.0,78.0,22.0,862.0,VERY_LONG,OWN_TERRITORY,LEADING,MID,PUNT,-1.4385010227560997,-0.0046421536244452
6.0,34.0,-22.0,798.0,LONG,OPPONENT_21_35,TRAILING,MID,GO,-2.324325251625851,-0.0025507283862680197
15.0,71.0,22.0,700.0,VERY_LONG,OWN_TERRITORY,LEADING,MID,PUNT,-0.45928755565546453,-0.0027830335311591625
4.0,50.0,-22.0,548.0,MEDIUM,MIDFIELD,TRAILING,MID,GO,2.6664280933327973,0.0004956482443958521
18.0,53.0,-22.0,416.0,VERY_LONG,OWN_TERRITORY,TRAILING,MID,GO,-2.1351102583575994,-0.0001492101582698524
8.0,50.0,22.0,325.0,LONG,MIDFIELD,LEADING,MID,PUNT,0.25148864509537816,-0.00022784160682931542
2.0,2.0,0.0,2705.0,SHORT,RED_ZONE,TIED,EARLY,GO,3.7811747821979225,0.08893755877914367
4.0,48.0,-7.0,2549.0,MEDIUM,MIDFIELD,TRAILING,EARLY,GO,3.3822464883560315,0.08719807863235474
3.0,31.0,-7.0,2427.0,MEDIUM,OPPONENT_21_35,TRAILING,EARLY,FIELD_GOAL,1.3500133407214232,0.040333688259124756
16.0,47.0,4.0,2170.0,VERY_LONG,MIDFIELD,LEADING,EARLY,PUNT,-0.3709486639127135,-0.01830318570137024
19.0,52.0,-3.0,1818.0,VERY_LONG,OWN_TERRITORY,TRAILING,EARLY,PUNT,-0.23562695254804567,-0.015283823013305664
5.0,49.0,-3.0,1646.0,MEDIUM,MIDFIELD,TRAILING,MID,PUNT,0.3188126818276942,0.004052639007568359
2.0,89.0,3.0,1562.0,SHORT,OWN_TERRITORY,LEADING,MID,PUNT,0.11338304309174418,-0.01146155595779419
1.0,54.0,-3.0,1430.0,SHORT,OWN_TERRITORY,TRAILING,MID,GO,2.5656458348967135,0.08372539281845093
4.0,44.0,-3.0,1332.0,MEDIUM,MIDFIELD,TRAILING,MID,PUNT,-0.32667858921922743,-0.05462256073951721
8.0,18.0,3.0,1153.0,LONG,RED_ZONE,LEADING,MID,FIELD_GOAL,0.43001630325378315,-0.006151124835014343
3.0,3.0,-6.0,896.0,MEDIUM,RED_ZONE,TRAILING,MID,GO,3.976673278317321,0.1276127691787604
8.0,59.0,-7.0,575.0,LONG,OWN_TERRITORY,TRAILING,MID,PUNT,0.2761843476910144,-0.003263622522354126
4.0,8.0,7.0,320.0,MEDIUM,RED_ZONE,LEADING,MID,FIELD_GOAL,0.09410040077893544,0.016926608979701996
3.0,73.0,0.0,2864.0,MEDIUM,OWN_TERRITORY,TIED,EARLY,PUNT,0.026076629292219877,0.009956121444702148
1.0,24.0,0.0,2330.0,SHORT,OPPONENT_21_35,TIED,EARLY,GO,1.6827586378203705,0.05467724800109863
6.0,14.0,0.0,2138.0,LONG,RED_ZONE,TIED,EARLY,FIELD_GOAL,0.2123456562668986,0.011169672012329102
10.0,48.0,-4.0,1821.0,LONG,MIDFIELD,TRAILING,EARLY,PUNT,-0.28907862229971215,0.036242783069610596
3.0,33.0,-4.0,1434.0,MEDIUM,OPPONENT_21_35,TRAILING,MID,GO,5.419943315908313,0.21623452444907998
13.0,75.0,-3.0,1332.0,VERY_LONG,OWN_TERRITORY,TRAILING,MID,PUNT,0.8606163798831403,0.0339222252368927
20.0,39.0,3.0,821.0,VERY_LONG,MIDFIELD,LEADING,MID,PUNT,0.10675745969638228,-0.03521662950515747
2.0,43.0,-4.0,403.0,SHORT,MIDFIELD,TRAILING,MID,GO,6.101898280903697,0.3265361268644862
13.0,66.0,0.0,3503.0,VERY_LONG,OWN_TERRITORY,TIED,EARLY,PUNT,-0.5189404594711959,0.016865909099578857
18.0,53.0,-7.0,2814.0,VERY_LONG,OWN_TERRITORY,TRAILING,EARLY,PUNT,0.2866889853030443,0.028637290000915527
1.0,18.0,7.0,2197.0,SHORT,RED_ZONE,LEADING,EARLY,GO,-4.128621329960879,-0.0708308070898056
1.0,57.0,0.0,1829.0,SHORT,OWN_TERRITORY,TIED,EARLY,PUNT,-0.12640389101579785,-0.002653568983078003
9.0,64.0,-7.0,1623.0,LONG,OWN_TERRITORY,TRAILING,MID,PUNT,0.1890204637311399,0.0011116862297058105
10.0,86.0,7.0,1489.0,LONG,OWN_TERRITORY,LEADING,MID,PUNT,0.6314505045302212,0.03178673982620239
13.0,73.0,-7.0,1355.0,VERY_LONG,OWN_TERRITORY,TRAILING,MID,PUNT,-0.7445019816514105,-0.020847216248512268
1.0,57.0,-14.0,955.0,SHORT,OWN_TERRITORY,TRAILING,MID,GO,-3.6927573564462364,-0.02601899951696396
6.0,38.0,14.0,894.0,LONG,MIDFIELD,LEADING,MID,FIELD_GOAL,2.1259848244850064,0.015015378594398499
13.0,69.0,-17.0,50.0,VERY_LONG,OWN_TERRITORY,TRAILING,LATE,GO,-2.0626935099135153,-0.00004291001823730767
12.0,60.0,0.0,3378.0,VERY_LONG,OWN_TERRITORY,TIED,EARLY,PUNT,1.121814333833754,0.0283697247505188
24.0,69.0,0.0,3058.0,VERY_LONG,OWN_TERRITORY,TIED,EARLY,PUNT,0.966483233962208,0.02217733860015869
2.0,66.0,0.0,2918.0,SHORT,OWN_TERRITORY,TIED,EARLY,PUNT,0.3611150146462023,-0.005860239267349243
9.0,85.0,0.0,2856.0,LONG,OWN_TERRITORY,TIED,EARLY,PUNT,1.0656000701710582,0.027549445629119873
8.0,71.0,0.0,2796.0,LONG,OWN_TERRITORY,TIED,EARLY,PUNT,-0.49270720849744976,0.022657424211502075
15.0,15.0,0.0,2232.0,VERY_LONG,RED_ZONE,TIED,EARLY,FIELD_GOAL,0.2611398742696007,0.013496816158294678
5.0,53.0,-3.0,2133.0,MEDIUM,OWN_TERRITORY,TRAILING,EARLY,PUNT,-0.46948458859696984,-0.024845808744430542
1.0,4.0,-3.0,1994.0,SHORT,RED_ZONE,TRAILING,EARLY,GO,-10.723745655501261,-0.2917599268982245
18.0,76.0,-10.0,1872.0,VERY_LONG,OWN_TERRITORY,TRAILING,EARLY,PUNT,-1.118054197751917,-0.02336367964744568
3.0,38.0,10.0,1812.0,MEDIUM,MIDFIELD,LEADING,EARLY,FIELD_GOAL,1.6281602893389506,0.025346994400024414
1.0,36.0,13.0,1579.0,SHORT,MIDFIELD,LEADING,MID,FIELD_GOAL,2.487216508468008,0.001826256513595581
9.0,21.0,16.0,1099.0,LONG,OPPONENT_21_35,LEADING,MID,FIELD_GOAL,0.6377611337462885,0.010764794424176216
5.0,53.0,19.0,814.0,MEDIUM,OWN_TERRITORY,LEADING,MID,PUNT,-0.4290368128567934,-0.0023293830454349518
1.0,23.0,19.0,640.0,SHORT,OPPONENT_21_35,LEADING,MID,GO,1.4348968036356382,0.0011879801750183105
13.0,40.0,-26.0,195.0,VERY_LONG,MIDFIELD,TRAILING,LATE,GO,-2.218707611958962,0.000016991340089589357
4.0,47.0,26.0,60.0,MEDIUM,MIDFIELD,LEADING,LATE,PUNT,-0.2998183726449497,0.000027428370231064036
2.0,65.0,-7.0,3248.0,SHORT,OWN_TERRITORY,TRAILING,EARLY,PUNT,0.0736763528548181,-0.020655930042266846
8.0,80.0,7.0,3193.0,LONG,OWN_TERRITORY,LEADING,EARLY,PUNT,0.3683196664787829,0.0017366409301757812
4.0,60.0,-7.0,3097.0,MEDIUM,OWN_TERRITORY,TRAILING,EARLY,PUNT,-0.2087579583749175,-0.026569217443466187
18.0,88.0,7.0,2958.0,VERY_LONG,OWN_TERRITORY,LEADING,EARLY,PUNT,0.23484378308057785,0.0013122856616973877
3.0,49.0,-7.0,2828.0,MEDIUM,MIDFIELD,TRAILING,EARLY,PUNT,-0.22145988000556827,0.000939100980758667
7.0,21.0,7.0,2653.0,LONG,OPPONENT_21_35,LEADING,EARLY,FIELD_GOAL,0.6103647131977739,0.010456562042236328
10.0,80.0,-10.0,2503.0,LONG,OWN_TERRITORY,TRAILING,EARLY,PUNT,-0.866331662517041,-0.013820812106132507
7.0,7.0,10.0,2170.0,LONG,RED_ZONE,LEADING,EARLY,FIELD_GOAL,0.06941707799449004,-0.012533903121948242
1.0,64.0,8.0,1445.0,SHORT,OWN_TERRITORY,LEADING,MID,PUNT,-0.07481786166317761,-0.013073176145553589
13.0,58.0,-8.0,1197.0,VERY_LONG,OWN_TERRITORY,TRAILING,MID,PUNT,0.8072274969890714,0.037894487380981445
12.0,57.0,8.0,922.0,VERY_LONG,OWN_TERRITORY,LEADING,MID,PUNT,0.44455679482780397,0.035277172923088074
12.0,90.0,-8.0,813.0,VERY_LONG,OWN_TERRITORY,TRAILING,MID,PUNT,-0.1639792958740145,0.009276479482650757
14.0,15.0,8.0,582.0,VERY_LONG,RED_ZONE,LEADING,MID,FIELD_GOAL,0.26507435499941323,0.01551024615764618
7.0,37.0,-11.0,373.0,LONG,MIDFIELD,TRAILING,MID,FIELD_GOAL,2.406021811382466,-0.0022085197269916534
1.0,43.0,8.0,185.0,SHORT,MIDFIELD,LEADING,LATE,GO,-2.5756515727262013,-0.028015784919261932
1.0,36.0,-4.0,35.0,SHORT,MIDFIELD,TRAILING,LATE,GO,-1.211683478555642,-0.22188934683799744
4.0,4.0,0.0,3257.0,MEDIUM,RED_ZONE,TIED,EARLY,FIELD_GOAL,0.050391104573898726,-0.01463782787322998
7.0,60.0,-3.0,3037.0,LONG,OWN_TERRITORY,TRAILING,EARLY,PUNT,-6.10270373756066,-0.15181977749580144
16.0,76.0,-10.0,2929.0,VERY_LONG,OWN_TERRITORY,TRAILING,EARLY,PUNT,-0.19109806092455983,0.0026739537715911865
1.0,66.0,10.0,2444.0,SHORT,OWN_TERRITORY,LEADING,EARLY,PUNT,-2.131513987435028,-0.05080592632293701
10.0,29.0,-10.0,2188.0,LONG,OPPONENT_21_35,TRAILING,EARLY,GO,-3.7585701181087643,-0.07804645597934723
6.0,12.0,17.0,1911.0,LONG,RED_ZONE,LEADING,EARLY,FIELD_GOAL,0.16246271544133917,0.02915341407060623
6.0,65.0,-20.0,1873.0,LONG,OWN_TERRITORY,TRAILING,EARLY,PUNT,-0.44870236958377063,0.02038971707224846
6.0,38.0,-23.0,1550.0,LONG,MIDFIELD,TRAILING,MID,GO,-2.3089605311397463,-0.01729065552353859
6.0,36.0,23.0,1234.0,LONG,MIDFIELD,LEADING,MID,GO,3.3287306738784537,0.0006841421127319336
11.0,27.0,23.0,1153.0,VERY_LONG,OPPONENT_21_35,LEADING,MID,FIELD_GOAL,-3.241884306388706,-0.004162075463682413
13.0,46.0,15.0,652.0,VERY_LONG,MIDFIELD,LEADING,MID,PUNT,-0.007271420210599899,0.008255047723650932
8.0,73.0,-15.0,472.0,LONG,OWN_TERRITORY,TRAILING,MID,PUNT,-0.7820745706558228,-0.01307913288474083
5.0,5.0,15.0,137.0,MEDIUM,RED_ZONE,LEADING,LATE,FIELD_GOAL,0.05383948092328383,-0.000054091739002615213
8.0,41.0,-18.0,72.0,LONG,MIDFIELD,TRAILING,LATE,GO,-0.5406446633860469,-0.00015213026199489832
9.0,51.0,0.0,3499.0,LONG,OWN_TERRITORY,TIED,EARLY,PUNT,0.14473116560839117,0.004219561815261841
3.0,66.0,0.0,3340.0,MEDIUM,OWN_TERRITORY,TIED,EARLY,PUNT,-4.293106832308695,-0.1494019627571106
1.0,20.0,-7.0,2882.0,SHORT,RED_ZONE,TRAILING,EARLY,GO,-3.5547825476387516,-0.06818869709968567
9.0,78.0,7.0,2798.0,LONG,OWN_TERRITORY,LEADING,EARLY,PUNT,-0.21867764904163778,-0.004612147808074951
28.0,49.0,-7.0,2553.0,VERY_LONG,MIDFIELD,TRAILING,EARLY,PUNT,-0.7773996666073799,0.024021178483963013
4.0,40.0,7.0,2188.0,MEDIUM,MIDFIELD,LEADING,EARLY,PUNT,-0.5308867179555818,-0.0384332537651062
6.0,59.0,-2.0,1641.0,LONG,OWN_TERRITORY,TRAILING,MID,PUNT,-0.2081218333914876,-0.02580544352531433
13.0,59.0,2.0,1454.0,VERY_LONG,OWN_TERRITORY,LEADING,MID,PUNT,-0.05920979427173734,-0.024747580289840698
1.0,67.0,-2.0,1328.0,SHORT,OWN_TERRITORY,TRAILING,MID,GO,-3.64010055270046,-0.12444359064102173
9.0,94.0,-9.0,938.0,LONG,OWN_TERRITORY,TRAILING,MID,PUNT,-0.4453879506327212,0.011613927781581879
11.0,48.0,9.0,815.0,VERY_LONG,MIDFIELD,LEADING,MID,PUNT,5.208905039704405,0.06983470916748047
16.0,48.0,-15.0,450.0,VERY_LONG,MIDFIELD,TRAILING,MID,GO,-2.739355443860404,-0.018387099727988243
9.0,13.0,15.0,253.0,LONG,RED_ZONE,LEADING,LATE,FIELD_GOAL,0.19178944538890486,-0.00027949397917836905
26.0,44.0,-18.0,111.0,VERY_LONG,MIDFIELD,TRAILING,LATE,GO,-1.4424316210788675,-0.00009586766827851534
15.0,77.0,0.0,3533.0,VERY_LONG,OWN_TERRITORY,TIED,EARLY,PUNT,1.8722947724163532,0.058219730854034424
15.0,41.0,0.0,3031.0,VERY_LONG,MIDFIELD,TIED,EARLY,PUNT,-0.055611021583899856,-0.005403578281402588
19.0,74.0,0.0,2893.0,VERY_LONG,OWN_TERRITORY,TIED,EARLY,PUNT,0.6331189293414354,0.012183129787445068
7.0,60.0,0.0,2718.0,LONG,OWN_TERRITORY,TIED,EARLY,PUNT,-0.0017504324205219746,0.0170648992061615
1.0,39.0,-7.0,2089.0,SHORT,MIDFIELD,TRAILING,EARLY,GO,1.9184746174723841,0.06860174238681793
7.0,15.0,-7.0,1877.0,LONG,RED_ZONE,TRAILING,EARLY,FIELD_GOAL,0.24697488044761906,0.0066702961921691895
9.0,62.0,-11.0,1810.0,LONG,OWN_TERRITORY,TRAILING,EARLY,PUNT,-0.03405667137121782,0.020765170454978943
21.0,76.0,11.0,1743.0,VERY_LONG,OWN_TERRITORY,LEADING,MID,PUNT,0.04397950181737542,0.0006291121244430542
7.0,23.0,-10.0,1099.0,LONG,OPPONENT_21_35,TRAILING,MID,FIELD_GOAL,0.697803205251645,0.016958728432655334
4.0,67.0,7.0,1002.0,MEDIUM,OWN_TERRITORY,LEADING,MID,PUNT,0.29403997864574194,0.02252151072025299
1.0,14.0,-7.0,27.0,SHORT,RED_ZONE,TRAILING,LATE,GO,-2.750182722636964,-0.13735204935073853
5.0,8.0,-7.0,2817.0,MEDIUM,RED_ZONE,TRAILING,EARLY,FIELD_GOAL,0.09667258736153661,0.005118638277053833
4.0,45.0,-11.0,2483.0,MEDIUM,MIDFIELD,TRAILING,EARLY,GO,3.720989400171675,0.07786472141742706
4.0,11.0,-11.0,2256.0,MEDIUM,RED_ZONE,TRAILING,EARLY,GO,4.140384633501526,0.13669413062930114
3.0,43.0,-10.0,1876.0,MEDIUM,MIDFIELD,TRAILING,EARLY,GO,-2.3672179491259158,-0.04998670518398285
18.0,48.0,10.0,1823.0,VERY_LONG,MIDFIELD,LEADING,EARLY,PUNT,-0.2377397837699391,-0.018824398517608643
13.0,76.0,3.0,1400.0,VERY_LONG,OWN_TERRITORY,LEADING,MID,PUNT,0.5133528308942914,0.060986459255218506
3.0,3.0,4.0,189.0,MEDIUM,RED_ZONE,LEADING,LATE,GO,4.168095645029098,0.08892113027785276
18.0,20.0,0.0,3350.0,VERY_LONG,RED_ZONE,TIED,EARLY,FIELD_GOAL,0.5667938975187479,0.02015864849090576
10.0,39.0,-3.0,3192.0,LONG,MIDFIELD,TRAILING,EARLY,FIELD_GOAL,2.2444172891681364,0.031394749879837036
8.0,51.0,0.0,3139.0,LONG,OWN_TERRITORY,TIED,EARLY,PUNT,0.21498923772014678,0.043533384799957275
14.0,99.0,0.0,3036.0,VERY_LONG,OWN_TERRITORY,TIED,EARLY,PUNT,-0.16845648037269711,0.019488215446472168
19.0,24.0,-7.0,2367.0,VERY_LONG,OPPONENT_21_35,TRAILING,EARLY,FIELD_GOAL,0.8787562616264575,0.037172943353652954
2.0,63.0,4.0,2308.0,SHORT,OWN_TERRITORY,LEADING,EARLY,PUNT,-0.6739485710859299,-0.007801234722137451
4.0,37.0,-11.0,1855.0,MEDIUM,MIDFIELD,TRAILING,EARLY,FIELD_GOAL,1.67813950642317,0.017238974571228027
5.0,9.0,-18.0,1616.0,MEDIUM,RED_ZONE,TRAILING,MID,GO,3.3735957475728355,0.01514473557472229
5.0,34.0,11.0,1252.0,MEDIUM,OPPONENT_21_35,LEADING,MID,FIELD_GOAL,-3.4015429518183224,-0.04664388298988342
19.0,45.0,-11.0,1074.0,VERY_LONG,MIDFIELD,TRAILING,MID,FIELD_GOAL,3.7808860564495377,0.04214337468147278
9.0,28.0,8.0,714.0,LONG,OPPONENT_21_35,LEADING,MID,FIELD_GOAL,1.2404616253454108,0.001785479485988617
3.0,11.0,-10.0,225.0,MEDIUM,RED_ZONE,TRAILING,LATE,FIELD_GOAL,0.09562245979857531,-0.021248675882816315
10.0,69.0,-14.0,115.0,LONG,OWN_TERRITORY,TRAILING,LATE,GO,2.631363264634274,0.0027892300859093666
6.0,40.0,0.0,2410.0,LONG,MIDFIELD,TIED,EARLY,PUNT,-0.5085009182803333,0.0006548166275024414
15.0,94.0,0.0,2204.0,VERY_LONG,OWN_TERRITORY,TIED,EARLY,PUNT,-4.4788601321633905,-0.12547955654275178
7.0,55.0,-7.0,2090.0,LONG,OWN_TERRITORY,TRAILING,EARLY,PUNT,0.16027831635437906,-0.0020654797554016113
4.0,43.0,7.0,1825.0,MEDIUM,MIDFIELD,LEADING,EARLY,GO,-1.8583226698101498,-0.06840592622756958
3.0,52.0,-7.0,1807.0,MEDIUM,OWN_TERRITORY,TRAILING,EARLY,GO,-1.0024262703955173,-0.046031028032302856
8.0,67.0,-7.0,1711.0,LONG,OWN_TERRITORY,TRAILING,MID,PUNT,0.5254640334751457,0.03277707099914551
2.0,39.0,-14.0,1062.0,SHORT,MIDFIELD,TRAILING,MID,GO,3.903638299438171,0.07392259687185287
5.0,5.0,-14.0,859.0,MEDIUM,RED_ZONE,TRAILING,MID,GO,-2.8768426063470542,-0.0646078810095787
1.0,13.0,14.0,330.0,SHORT,RED_ZONE,LEADING,MID,GO,1.2677111402736045,0.0027984976768493652
3.0,5.0,14.0,239.0,MEDIUM,RED_ZONE,LEADING,LATE,FIELD_GOAL,0.025300405651137226,0.0005476765800267458
4.0,28.0,10.0,64.0,MEDIUM,OPPONENT_21_35,LEADING,LATE,GO,-2.0824660582002252,-0.012508210726082325
4.0,61.0,0.0,3531.0,MEDIUM,OWN_TERRITORY,TIED,EARLY,PUNT,0.28318798867985606,0.02077588438987732
8.0,63.0,0.0,3264.0,LONG,OWN_TERRITORY,TIED,EARLY,PUNT,-0.32356877252459526,-0.006296902894973755
14.0,69.0,0.0,3117.0,VERY_LONG,OWN_TERRITORY,TIED,EARLY,PUNT,-0.29421051824465394,0.031185299158096313
5.0,16.0,0.0,2962.0,MEDIUM,RED_ZONE,TIED,EARLY,FIELD_GOAL,0.2774850428751159,0.00447690486907959
10.0,49.0,-3.0,2700.0,LONG,MIDFIELD,TRAILING,EARLY,PUNT,0.22007632115855813,0.007166355848312378
6.0,42.0,10.0,2139.0,LONG,MIDFIELD,LEADING,EARLY,PUNT,-0.17595151427667588,-0.024337604641914368
8.0,25.0,-10.0,1863.0,LONG,OPPONENT_21_35,TRAILING,EARLY,FIELD_GOAL,-3.0161240061891244,-0.07211959362030029
14.0,87.0,10.0,1748.0,VERY_LONG,OWN_TERRITORY,LEADING,MID,PUNT,0.011175905354321003,0.014898836612701416
1.0,2.0,-10.0,1499.0,SHORT,RED_ZONE,TRAILING,MID,GO,2.5073268291307613,0.12607497665517264
8.0,63.0,3.0,1460.0,LONG,OWN_TERRITORY,LEADING,MID,PUNT,0.9443331786897033,0.027693182229995728
4.0,56.0,-3.0,1243.0,MEDIUM,OWN_TERRITORY,TRAILING,MID,PUNT,0.0632166606374085,-0.003924369812011719
10.0,88.0,3.0,1183.0,LONG,OWN_TERRITORY,LEADING,MID,PUNT,-0.560756363440305,-0.04080665111541748
2.0,18.0,-3.0,1014.0,SHORT,RED_ZONE,TRAILING,MID,FIELD_GOAL,0.4280183684400076,0.011520057916641235
10.0,77.0,0.0,951.0,LONG,OWN_TERRITORY,TIED,MID,PUNT,-0.17222834890708327,0.034635961055755615
1.0,65.0,0.0,692.0,SHORT,OWN_TERRITORY,TIED,MID,PUNT,-0.5147466002963483,0.006676316261291504
1.0,69.0,0.0,622.0,SHORT,OWN_TERRITORY,TIED,MID,GO,-3.4796971504110843,-0.08454370498657227
4.0,59.0,-7.0,331.0,MEDIUM,OWN_TERRITORY,TRAILING,MID,GO,-2.6001363926334307,-0.06095936894416809
12.0,43.0,7.0,233.0,VERY_LONG,MIDFIELD,LEADING,LATE,PUNT,-0.06926657888107002,-0.010034829378128052
5.0,10.0,7.0,33.0,MEDIUM,RED_ZONE,LEADING,LATE,FIELD_GOAL,0.10555142810005824,0.0003352668136358261
7.0,60.0,0.0,3492.0,LONG,OWN_TERRITORY,TIED,EARLY,PUNT,-0.12035911297425628,0.020395606756210327
18.0,68.0,-7.0,2700.0,VERY_LONG,OWN_TERRITORY,TRAILING,EARLY,PUNT,-0.1741627906449139,0.0024569928646087646
8.0,69.0,7.0,2638.0,LONG,OWN_TERRITORY,LEADING,EARLY,PUNT,0.6117800711654127,0.03663778305053711
7.0,9.0,-14.0,2097.0,LONG,RED_ZONE,TRAILING,EARLY,FIELD_GOAL,0.09792757277959963,-0.006715700030326843
1.0,44.0,-11.0,1910.0,SHORT,MIDFIELD,TRAILING,EARLY,GO,-2.6818580984254368,-0.047842785716056824
8.0,18.0,-18.0,1501.0,LONG,RED_ZONE,TRAILING,MID,FIELD_GOAL,0.37144528968866686,0.00232517346739769
10.0,78.0,15.0,1442.0,LONG,OWN_TERRITORY,LEADING,MID,PUNT,0.597217938862741,-0.0020550042390823364
12.0,71.0,-15.0,1313.0,VERY_LONG,OWN_TERRITORY,TRAILING,MID,PUNT,0.42595014441758394,0.0024388954043388367
1.0,54.0,15.0,1099.0,SHORT,OWN_TERRITORY,LEADING,MID,GO,2.2441815172787756,0.014706909656524658
4.0,17.0,15.0,849.0,MEDIUM,RED_ZONE,LEADING,MID,FIELD_GOAL,0.38103950339157944,0.009031498804688454
1.0,9.0,18.0,428.0,SHORT,RED_ZONE,LEADING,MID,GO,-3.6137213497422636,-0.004572624806314707
8.0,29.0,20.0,285.0,LONG,OPPONENT_21_35,LEADING,LATE,FIELD_GOAL,1.2440137598841419,0.0004742686578538269
8.0,8.0,-7.0,3163.0,LONG,RED_ZONE,TRAILING,EARLY,FIELD_GOAL,0.09689715022178857,0.01915648579597473
12.0,71.0,4.0,3008.0,VERY_LONG,OWN_TERRITORY,LEADING,EARLY,PUNT,0.045206035021692514,0.04620850086212158
18.0,20.0,-3.0,2319.0,VERY_LONG,RED_ZONE,TRAILING,EARLY,FIELD_GOAL,0.5166289708374512,0.05287477374076843
10.0,65.0,-7.0,1915.0,LONG,OWN_TERRITORY,TRAILING,EARLY,PUNT,0.43526052578818053,0.021007031202316284
5.0,60.0,-21.0,1461.0,MEDIUM,OWN_TERRITORY,TRAILING,MID,PUNT,-0.0354394088499248,-0.012497268617153168
6.0,45.0,21.0,1163.0,LONG,MIDFIELD,LEADING,MID,PUNT,-0.365754023892805,-0.0011852364987134933
11.0,91.0,-21.0,1089.0,VERY_LONG,OWN_TERRITORY,TRAILING,MID,PUNT,0.5138726462610066,0.0021811379119753838
8.0,59.0,21.0,975.0,LONG,OWN_TERRITORY,LEADING,MID,PUNT,-0.21828189492225647,0.007607860490679741
9.0,79.0,-28.0,849.0,LONG,OWN_TERRITORY,TRAILING,MID,PUNT,-0.8429038891335949,-0.00025972837465815246
6.0,56.0,28.0,516.0,LONG,OWN_TERRITORY,LEADING,MID,PUNT,-0.6539959800429642,0.00008709186658961698
10.0,16.0,-28.0,328.0,LONG,RED_ZONE,TRAILING,MID,GO,-3.0595415909192525,-0.00004010958946309984
7.0,56.0,-7.0,3415.0,LONG,OWN_TERRITORY,TRAILING,EARLY,PUNT,-0.24008870450779796,0.01164788007736206
1.0,56.0,-21.0,2834.0,SHORT,OWN_TERRITORY,TRAILING,EARLY,PUNT,-0.46105321403592825,-0.002427130937576294
2.0,80.0,21.0,2742.0,SHORT,OWN_TERRITORY,LEADING,EARLY,PUNT,-5.068265451584011,-0.04828876302280949
9.0,53.0,14.0,2649.0,LONG,OWN_TERRITORY,LEADING,EARLY,PUNT,0.27132768277078867,0.0038736462593078613
4.0,81.0,-14.0,2516.0,MEDIUM,OWN_TERRITORY,TRAILING,EARLY,PUNT,-0.2533076759427786,-0.02174362540245056
14.0,63.0,14.0,2400.0,VERY_LONG,OWN_TERRITORY,LEADING,EARLY,PUNT,0.08039932698011398,0.025560379028320312
2.0,72.0,-14.0,2240.0,SHORT,OWN_TERRITORY,TRAILING,EARLY,PUNT,0.056578548857942224,0.009608998894691467
10.0,25.0,14.0,1920.0,LONG,OPPONENT_21_35,LEADING,EARLY,FIELD_GOAL,0.825253244078958,-0.014793753623962402
5.0,90.0,17.0,1819.0,MEDIUM,OWN_TERRITORY,LEADING,EARLY,PUNT,-0.8368266625911929,-0.008603140711784363
7.0,52.0,-17.0,1639.0,LONG,OWN_TERRITORY,TRAILING,MID,PUNT,0.4632564003113657,0.00575709342956543
4.0,87.0,17.0,1544.0,MEDIUM,OWN_TERRITORY,LEADING,MID,PUNT,0.7236876063980162,0.027189001441001892
17.0,66.0,-17.0,1414.0,VERY_LONG,OWN_TERRITORY,TRAILING,MID,PUNT,-0.18706077570095658,-0.0034049078822135925
6.0,42.0,17.0,1067.0,LONG,MIDFIELD,LEADING,MID,PUNT,-0.9836037685163319,-0.01972126215696335
8.0,75.0,-17.0,967.0,LONG,OWN_TERRITORY,TRAILING,MID,GO,3.871384550118819,0.019741328433156013
9.0,12.0,-17.0,737.0,LONG,RED_ZONE,TRAILING,MID,FIELD_GOAL,0.1861435442202879,-0.004038020968437195
10.0,45.0,-21.0,275.0,LONG,MIDFIELD,TRAILING,LATE,GO,-3.1449658619822003,-0.0001504726242274046
14.0,35.0,21.0,149.0,VERY_LONG,OPPONENT_21_35,LEADING,LATE,FIELD_GOAL,1.6269314938210415,0.0006463329773396254
11.0,78.0,0.0,3081.0,VERY_LONG,OWN_TERRITORY,TIED,EARLY,PUNT,1.2302715573459864,0.04184940457344055
1.0,45.0,0.0,2761.0,SHORT,MIDFIELD,TIED,EARLY,GO,-3.8794717332348228,-0.06872597336769104
5.0,30.0,0.0,2625.0,MEDIUM,OPPONENT_21_35,TIED,EARLY,FIELD_GOAL,-3.2624278176287795,-0.06993931531906128
13.0,47.0,0.0,2506.0,VERY_LONG,MIDFIELD,TIED,EARLY,PUNT,-0.2408930156379938,0.024077683687210083
5.0,23.0,0.0,2355.0,MEDIUM,OPPONENT_21_35,TIED,EARLY,FIELD_GOAL,0.697314845956428,0.024289608001708984
20.0,82.0,-3.0,2198.0,VERY_LONG,OWN_TERRITORY,TRAILING,EARLY,PUNT,0.6965765948407352,0.011874586343765259
1.0,49.0,3.0,1962.0,SHORT,MIDFIELD,LEADING,EARLY,GO,-2.629657775629312,-0.11313319206237793
1.0,42.0,-3.0,1857.0,SHORT,MIDFIELD,TRAILING,EARLY,GO,-2.410930552869104,-0.13736620545387268
1.0,46.0,3.0,1840.0,SHORT,MIDFIELD,LEADING,EARLY,GO,0.9462176464148797,0.03999924659729004
15.0,47.0,3.0,1802.0,VERY_LONG,MIDFIELD,LEADING,EARLY,GO,-0.1845399914891459,-0.02313220500946045
5.0,12.0,-3.0,996.0,MEDIUM,RED_ZONE,TRAILING,MID,FIELD_GOAL,0.1593498937452522,-0.016872763633728027
2.0,46.0,0.0,776.0,SHORT,MIDFIELD,TIED,MID,GO,-2.891670013545081,-0.031186699867248535
1.0,19.0,-7.0,395.0,SHORT,RED_ZONE,TRAILING,MID,GO,1.4995016646571457,0.10192976891994476
12.0,19.0,-7.0,298.0,VERY_LONG,RED_ZONE,TRAILING,LATE,FIELD_GOAL,0.40276923815742416,0.008691579103469849
11.0,50.0,4.0,114.0,VERY_LONG,MIDFIELD,LEADING,LATE,PUNT,-0.461401735432446,-0.0922389030456543
4.0,74.0,-4.0,87.0,MEDIUM,OWN_TERRITORY,TRAILING,LATE,GO,-2.0162679739878513,-0.1330629587173462
13.0,60.0,0.0,3405.0,VERY_LONG,OWN_TERRITORY,TIED,EARLY,PUNT,-0.2804191606119275,0.0210915207862854
8.0,23.0,-7.0,2906.0,LONG,OPPONENT_21_35,TRAILING,EARLY,FIELD_GOAL,0.7570193490800934,0.015383750200271606
7.0,63.0,4.0,2777.0,LONG,OWN_TERRITORY,LEADING,EARLY,PUNT,0.3661757099907845,0.008366197347640991
5.0,85.0,-4.0,2695.0,MEDIUM,OWN_TERRITORY,TRAILING,EARLY,PUNT,1.0222164108417928,0.03967967629432678
15.0,68.0,4.0,2566.0,VERY_LONG,OWN_TERRITORY,LEADING,EARLY,PUNT,-0.22699773497879505,0.0063453614711761475
6.0,27.0,4.0,2100.0,LONG,OPPONENT_21_35,LEADING,EARLY,FIELD_GOAL,1.0586741740470846,0.012720897793769836
12.0,12.0,-7.0,1852.0,VERY_LONG,RED_ZONE,TRAILING,EARLY,FIELD_GOAL,0.1021022767234423,0.010349094867706299
16.0,16.0,4.0,1236.0,VERY_LONG,RED_ZONE,LEADING,MID,FIELD_GOAL,0.26741547429772217,0.0006021112203598022
8.0,36.0,-7.0,1107.0,LONG,MIDFIELD,TRAILING,MID,FIELD_GOAL,1.720496681912599,0.05186760425567627
18.0,83.0,4.0,945.0,VERY_LONG,OWN_TERRITORY,LEADING,MID,PUNT,0.12442761799320579,0.019010037183761597
3.0,51.0,-3.0,722.0,MEDIUM,OWN_TERRITORY,TRAILING,MID,PUNT,-1.3947112024761736,-0.03349122405052185
3.0,13.0,-3.0,449.0,MEDIUM,RED_ZONE,TRAILING,MID,FIELD_GOAL,0.14537496301533004,0.0020754635334014893
6.0,67.0,0.0,355.0,LONG,OWN_TERRITORY,TIED,MID,PUNT,-0.25582003220915794,0.048223644495010376
14.0,79.0,0.0,226.0,VERY_LONG,OWN_TERRITORY,TIED,LATE,PUNT,-0.20169156801421195,0.08285689353942871
11.0,26.0,0.0,140.0,VERY_LONG,OPPONENT_21_35,TIED,LATE,FIELD_GOAL,0.9989856245767061,0.11807140707969666
1.0,29.0,-3.0,12.0,SHORT,OPPONENT_21_35,TRAILING,LATE,FIELD_GOAL,0.7831075863807038,0.18466925621032715
6.0,36.0,0.0,389.0,LONG,MIDFIELD,TIED,MID,FIELD_GOAL,1.7833684472669815,-0.2622988965727928
4.0,18.0,0.0,3362.0,MEDIUM,RED_ZONE,TIED,EARLY,FIELD_GOAL,0.4638596079928754,0.02420198917388916
1.0,4.0,-3.0,3226.0,SHORT,RED_ZONE,TRAILING,EARLY,GO,2.455536256718915,0.05569642782211304
13.0,77.0,-4.0,3002.0,VERY_LONG,OWN_TERRITORY,TRAILING,EARLY,PUNT,0.5761995473876595,0.03355640172958374
1.0,59.0,4.0,2894.0,SHORT,OWN_TERRITORY,LEADING,EARLY,PUNT,-0.22596438834443688,-0.008935540914535522
4.0,65.0,-4.0,2734.0,MEDIUM,OWN_TERRITORY,TRAILING,EARLY,PUNT,0.07767980732023716,0.010759592056274414
3.0,5.0,4.0,2441.0,MEDIUM,RED_ZONE,LEADING,EARLY,FIELD_GOAL,0.04838685489023886,-0.007106602191925049
10.0,10.0,8.0,1561.0,LONG,RED_ZONE,LEADING,MID,FIELD_GOAL,0.11363161356633356,-0.026598721742630005
4.0,10.0,-11.0,826.0,MEDIUM,RED_ZONE,TRAILING,MID,FIELD_GOAL,0.1262787624745556,-0.02301226556301117
5.0,72.0,8.0,691.0,MEDIUM,OWN_TERRITORY,LEADING,MID,PUNT,-0.5088351662270725,-0.04575079679489136
1.0,24.0,-8.0,529.0,SHORT,OPPONENT_21_35,TRAILING,MID,GO,1.5580366554786451,0.0794772356748581
8.0,18.0,-8.0,435.0,LONG,RED_ZONE,TRAILING,MID,FIELD_GOAL,0.404414092921626,0.036772191524505615
15.0,64.0,5.0,353.0,VERY_LONG,OWN_TERRITORY,LEADING,MID,PUNT,0.24010846484452486,0.005795925855636597
5.0,54.0,-5.0,264.0,MEDIUM,OWN_TERRITORY,TRAILING,LATE,GO,2.8572350646718405,0.123787522315979
5.0,8.0,-5.0,148.0,MEDIUM,RED_ZONE,TRAILING,LATE,GO,-2.919548217963893,-0.21220484375953674
7.0,89.0,5.0,128.0,LONG,OWN_TERRITORY,LEADING,LATE,PUNT,0.27391045133117586,-0.015630140900611877
2.0,66.0,-5.0,47.0,SHORT,OWN_TERRITORY,TRAILING,LATE,GO,0.8428276313352399,0.04625377058982849
7.0,50.0,0.0,3400.0,LONG,MIDFIELD,TIED,EARLY,PUNT,-0.18372635054402053,0.03236624598503113
20.0,99.0,0.0,3270.0,VERY_LONG,OWN_TERRITORY,TIED,EARLY,PUNT,-0.14539089694153517,-0.003066331148147583
8.0,17.0,0.0,3137.0,LONG,RED_ZONE,TIED,EARLY,FIELD_GOAL,0.38549198898162507,0.009549766778945923
4.0,4.0,-3.0,2752.0,MEDIUM,RED_ZONE,TRAILING,EARLY,FIELD_GOAL,0.05272705452598503,-0.024405747652053833
1.0,62.0,0.0,2625.0,SHORT,OWN_TERRITORY,TIED,EARLY,GO,2.4671207484789193,0.06606030464172363
8.0,55.0,0.0,2489.0,LONG,OWN_TERRITORY,TIED,EARLY,PUNT,0.2753812219016254,0.05839553475379944
12.0,32.0,0.0,2258.0,VERY_LONG,OPPONENT_21_35,TIED,EARLY,FIELD_GOAL,-3.46915082481044,-0.03422039747238159
8.0,64.0,0.0,2156.0,LONG,OWN_TERRITORY,TIED,EARLY,PUNT,0.4524523210711777,0.029975444078445435
5.0,25.0,0.0,1866.0,MEDIUM,OPPONENT_21_35,TIED,EARLY,FIELD_GOAL,0.711999921063502,0.046493351459503174
7.0,19.0,14.0,1063.0,LONG,RED_ZONE,LEADING,MID,FIELD_GOAL,0.4302808510644862,-0.004334740340709686
2.0,9.0,-17.0,900.0,SHORT,RED_ZONE,TRAILING,MID,FIELD_GOAL,0.12349986387574097,-0.00866498053073883
3.0,3.0,-28.0,313.0,MEDIUM,RED_ZONE,TRAILING,MID,GO,-2.782272494107019,-0.0003895956324413419
4.0,48.0,28.0,31.0,MEDIUM,MIDFIELD,LEADING,LATE,PUNT,-0.5060013203183189,0.00002986788604175672
18.0,93.0,-7.0,3139.0,VERY_LONG,OWN_TERRITORY,TRAILING,EARLY,PUNT,-0.18308856338262558,0.004486769437789917
8.0,20.0,-7.0,2807.0,LONG,RED_ZONE,TRAILING,EARLY,FIELD_GOAL,0.5132196228378856,0.01964801549911499
6.0,50.0,4.0,2508.0,LONG,MIDFIELD,LEADING,EARLY,PUNT,0.001955985324457288,0.00006982684135437012
8.0,49.0,-4.0,2214.0,LONG,MIDFIELD,TRAILING,EARLY,PUNT,-0.14127070596441627,0.03977474570274353
4.0,67.0,4.0,2034.0,MEDIUM,OWN_TERRITORY,LEADING,EARLY,PUNT,-0.14187349646817893,0.01813855767250061
13.0,56.0,-3.0,1833.0,VERY_LONG,OWN_TERRITORY,TRAILING,EARLY,PUNT,-0.18486333434702829,0.004386872053146362
10.0,52.0,3.0,1605.0,LONG,OWN_TERRITORY,LEADING,MID,PUNT,-0.821576809277758,-0.023536115884780884
7.0,72.0,-3.0,1505.0,LONG,OWN_TERRITORY,TRAILING,MID,PUNT,0.054026525001972914,0.012668788433074951
3.0,65.0,3.0,1411.0,MEDIUM,OWN_TERRITORY,LEADING,MID,PUNT,-0.18867651000618935,-0.035493284463882446
8.0,74.0,-3.0,1365.0,LONG,OWN_TERRITORY,TRAILING,MID,PUNT,0.6482187411747873,0.023524105548858643
6.0,73.0,3.0,1263.0,LONG,OWN_TERRITORY,LEADING,MID,PUNT,-0.13969848840497434,-0.007828891277313232
7.0,53.0,-3.0,1102.0,LONG,OWN_TERRITORY,TRAILING,MID,PUNT,-0.4081048839725554,-0.024641752243041992
18.0,85.0,-4.0,842.0,VERY_LONG,OWN_TERRITORY,TRAILING,MID,PUNT,1.399636817164719,0.04496432840824127
12.0,54.0,4.0,676.0,VERY_LONG,OWN_TERRITORY,LEADING,MID,PUNT,-0.22171178320422769,0.02209797501564026
15.0,56.0,-11.0,510.0,VERY_LONG,OWN_TERRITORY,TRAILING,MID,PUNT,-3.4247238317038864,-0.020198579877614975
4.0,23.0,11.0,381.0,MEDIUM,OPPONENT_21_35,LEADING,MID,FIELD_GOAL,0.6855079422273649,0.005694802850484848
10.0,65.0,8.0,173.0,LONG,OWN_TERRITORY,LEADING,LATE,PUNT,-0.26157353539019823,0.0005872845649719238
2.0,2.0,-7.0,2866.0,SHORT,RED_ZONE,TRAILING,EARLY,GO,-3.4634900036035106,-0.056598961353302
1.0,67.0,-14.0,2065.0,SHORT,OWN_TERRITORY,TRAILING,EARLY,PUNT,-0.40180005435831845,-0.012669846415519714
20.0,76.0,14.0,1911.0,VERY_LONG,OWN_TERRITORY,LEADING,EARLY,PUNT,-0.2875593891367316,0.009765438735485077
11.0,55.0,-14.0,1827.0,VERY_LONG,OWN_TERRITORY,TRAILING,EARLY,PUNT,-0.2167103490792215,-0.0015944093465805054
1.0,37.0,-14.0,1526.0,SHORT,MIDFIELD,TRAILING,MID,GO,2.963163719046861,0.05257047712802887
3.0,19.0,-14.0,1404.0,MEDIUM,RED_ZONE,TRAILING,MID,GO,-6.9402786125428975,-0.05717938393354416
7.0,27.0,14.0,1326.0,LONG,OPPONENT_21_35,LEADING,MID,FIELD_GOAL,1.195572401993954,0.00923202559351921
19.0,79.0,-24.0,988.0,VERY_LONG,OWN_TERRITORY,TRAILING,MID,PUNT,-0.007535421987995505,-0.0015600859187543392
2.0,2.0,24.0,691.0,SHORT,RED_ZONE,LEADING,MID,GO,3.7370237801223993,0.0002529288103687577
1.0,35.0,31.0,123.0,SHORT,OPPONENT_21_35,LEADING,LATE,GO,2.1406127850641496,0.00015300512313842773
11.0,12.0,7.0,3423.0,VERY_LONG,RED_ZONE,LEADING,EARLY,FIELD_GOAL,0.19694733696949251,0.026333630084991455
17.0,85.0,-10.0,3330.0,VERY_LONG,OWN_TERRITORY,TRAILING,EARLY,PUNT,-0.6026180181652308,0.009195327758789062
8.0,37.0,10.0,2345.0,LONG,MIDFIELD,LEADING,EARLY,FIELD_GOAL,2.050320044030912,0.05667620897293091
3.0,64.0,-13.0,2257.0,MEDIUM,OWN_TERRITORY,TRAILING,EARLY,PUNT,-0.6408268427476287,-0.005327828228473663
3.0,3.0,13.0,1906.0,MEDIUM,RED_ZONE,LEADING,EARLY,FIELD_GOAL,0.04957926968260962,-0.020941197872161865
2.0,42.0,-16.0,1840.0,SHORT,MIDFIELD,TRAILING,EARLY,GO,-2.5215252027264796,-0.010437816381454468
3.0,34.0,16.0,1802.0,MEDIUM,OPPONENT_21_35,LEADING,EARLY,FIELD_GOAL,-2.0723580350587207,-0.004983343183994293
1.0,66.0,-16.0,1700.0,SHORT,OWN_TERRITORY,TRAILING,MID,GO,2.4287813354749233,0.013001345098018646
12.0,15.0,16.0,818.0,VERY_LONG,RED_ZONE,LEADING,MID,FIELD_GOAL,0.2805000217544409,0.008504202589392662
4.0,47.0,13.0,534.0,MEDIUM,MIDFIELD,LEADING,MID,PUNT,-0.2494340529665351,0.013983592391014099
4.0,90.0,-13.0,463.0,MEDIUM,OWN_TERRITORY,TRAILING,MID,PUNT,-0.5223286405671388,-0.009314853698015213
18.0,49.0,-20.0,82.0,VERY_LONG,MIDFIELD,TRAILING,LATE,GO,-0.49158360820729285,-0.00008464163693133742
10.0,44.0,0.0,3463.0,LONG,MIDFIELD,TIED,EARLY,PUNT,0.06144936662167311,0.03344458341598511
8.0,55.0,0.0,3089.0,LONG,OWN_TERRITORY,TIED,EARLY,PUNT,0.00020003784447908401,-0.0021612346172332764
8.0,64.0,0.0,2384.0,LONG,OWN_TERRITORY,TIED,EARLY,PUNT,-0.5702218879014254,0.01819118857383728
4.0,53.0,0.0,2197.0,MEDIUM,OWN_TERRITORY,TIED,EARLY,PUNT,-0.6523411492817104,0.013541191816329956
8.0,31.0,0.0,1928.0,LONG,OPPONENT_21_35,TIED,EARLY,FIELD_GOAL,1.466343189128969,0.07146704196929932
8.0,47.0,1.0,1603.0,LONG,MIDFIELD,LEADING,MID,PUNT,0.06353270588442683,-0.04596346616744995
20.0,41.0,-6.0,1174.0,VERY_LONG,MIDFIELD,TRAILING,MID,PUNT,-0.04379683220759034,0.018842890858650208
12.0,50.0,6.0,960.0,VERY_LONG,MIDFIELD,LEADING,MID,PUNT,0.1176684950478375,0.020375356078147888
14.0,65.0,2.0,120.0,VERY_LONG,OWN_TERRITORY,LEADING,LATE,PUNT,-0.5906340215587988,-0.136517733335495
14.0,57.0,-2.0,49.0,VERY_LONG,OWN_TERRITORY,TRAILING,LATE,GO,2.1881684975815006,0.30779629945755005
9.0,53.0,0.0,3384.0,LONG,OWN_TERRITORY,TIED,EARLY,PUNT,-0.3388434275984764,0.015753716230392456
19.0,40.0,0.0,2882.0,VERY_LONG,MIDFIELD,TIED,EARLY,PUNT,-0.3981738530565053,-0.03191113471984863
14.0,89.0,0.0,2751.0,VERY_LONG,OWN_TERRITORY,TIED,EARLY,PUNT,0.21168738836422563,0.031255245208740234
2.0,65.0,0.0,2267.0,SHORT,OWN_TERRITORY,TIED,EARLY,PUNT,-0.4925488031003624,-0.0111064612865448
19.0,62.0,-7.0,1873.0,VERY_LONG,OWN_TERRITORY,TRAILING,EARLY,PUNT,-0.1627246400457807,-0.01194879412651062
4.0,32.0,-14.0,1615.0,MEDIUM,OPPONENT_21_35,TRAILING,MID,GO,-2.9857947238488123,-0.038652390241622925
3.0,8.0,14.0,1448.0,MEDIUM,RED_ZONE,LEADING,MID,FIELD_GOAL,0.08391616253569367,-0.015246830880641937
6.0,59.0,-17.0,1190.0,LONG,OWN_TERRITORY,TRAILING,MID,PUNT,0.5704471997451037,-0.0016171187162399292
21.0,51.0,17.0,928.0,VERY_LONG,OWN_TERRITORY,LEADING,MID,PUNT,0.08447408536449075,0.0005791373550891876
1.0,78.0,-17.0,837.0,SHORT,OWN_TERRITORY,TRAILING,MID,GO,2.144818161148578,0.010102657601237297
6.0,72.0,-17.0,730.0,LONG,OWN_TERRITORY,TRAILING,MID,GO,4.138818942243233,0.016072336584329605
3.0,48.0,-24.0,248.0,MEDIUM,MIDFIELD,TRAILING,LATE,GO,3.2355779967620037,0.00024150355602614582
1.0,27.0,-24.0,128.0,SHORT,OPPONENT_21_35,TRAILING,LATE,GO,-3.309310593351256,-0.0001566926366649568
5.0,44.0,-7.0,3257.0,MEDIUM,MIDFIELD,TRAILING,EARLY,PUNT,-0.49345804238691926,-0.012994438409805298
1.0,67.0,7.0,3087.0,SHORT,OWN_TERRITORY,LEADING,EARLY,PUNT,-0.15178708545863628,-0.024859309196472168
15.0,88.0,-7.0,2934.0,VERY_LONG,OWN_TERRITORY,TRAILING,EARLY,PUNT,-0.34064573142677546,-0.011832162737846375
8.0,41.0,-14.0,2439.0,LONG,MIDFIELD,TRAILING,EARLY,PUNT,-0.09965199790894985,0.006557263433933258
16.0,80.0,10.0,1469.0,VERY_LONG,OWN_TERRITORY,LEADING,MID,PUNT,0.8274019472301006,0.03653378784656525
3.0,45.0,-3.0,682.0,MEDIUM,MIDFIELD,TRAILING,MID,GO,5.064484175585676,0.22954148054122925
17.0,80.0,-4.0,319.0,VERY_LONG,OWN_TERRITORY,TRAILING,MID,PUNT,0.4058256666176021,0.07056736946105957
4.0,65.0,4.0,174.0,MEDIUM,OWN_TERRITORY,LEADING,LATE,PUNT,-0.0972828445956111,0.02879565954208374
5.0,78.0,-4.0,114.0,MEDIUM,OWN_TERRITORY,TRAILING,LATE,GO,-2.992625464394223,-0.12253957986831665
6.0,68.0,0.0,3548.0,LONG,OWN_TERRITORY,TIED,EARLY,PUNT,-0.5773857515305281,0.01556900143623352
9.0,49.0,-7.0,2872.0,LONG,MIDFIELD,TRAILING,EARLY,PUNT,-0.4324150118045509,0.026221752166748047
13.0,61.0,7.0,2700.0,VERY_LONG,OWN_TERRITORY,LEADING,EARLY,PUNT,0.7443291926756501,0.015454113483428955
1.0,6.0,-7.0,2055.0,SHORT,RED_ZONE,TRAILING,EARLY,GO,2.021140962227946,0.07120433449745178
3.0,42.0,0.0,1878.0,MEDIUM,MIDFIELD,TIED,EARLY,GO,3.1747134192846715,0.1308760643005371
11.0,22.0,0.0,1825.0,VERY_LONG,OPPONENT_21_35,TIED,EARLY,FIELD_GOAL,0.5349567980287193,0.06117931008338928
20.0,24.0,-10.0,1020.0,VERY_LONG,OPPONENT_21_35,TRAILING,MID,FIELD_GOAL,0.9676852120833814,0.012507960200309753
1.0,58.0,7.0,869.0,SHORT,OWN_TERRITORY,LEADING,MID,GO,2.3708964332472533,0.05972325801849365
1.0,35.0,7.0,660.0,SHORT,OPPONENT_21_35,LEADING,MID,GO,-4.137662482447922,-0.09291617572307587
1.0,23.0,-7.0,419.0,SHORT,OPPONENT_21_35,TRAILING,MID,GO,-4.084914940758608,-0.1389617919921875
1.0,68.0,7.0,285.0,SHORT,OWN_TERRITORY,LEADING,LATE,PUNT,-0.4096668562851846,-0.07627855241298676
7.0,57.0,0.0,64.0,LONG,OWN_TERRITORY,TIED,LATE,PUNT,-0.5665251212194562,-0.04160332679748535
9.0,46.0,0.0,3542.0,LONG,MIDFIELD,TIED,EARLY,PUNT,0.7823299320880324,0.04430919885635376
4.0,93.0,0.0,3389.0,MEDIUM,OWN_TERRITORY,TIED,EARLY,PUNT,-0.8138903432991356,0.08082321286201477
1.0,61.0,-7.0,3062.0,SHORT,OWN_TERRITORY,TRAILING,EARLY,PUNT,-0.6090224883519113,-0.023627758026123047
9.0,76.0,-14.0,2656.0,LONG,OWN_TERRITORY,TRAILING,EARLY,PUNT,0.881837775465101,0.003277726471424103
17.0,17.0,14.0,2085.0,VERY_LONG,RED_ZONE,LEADING,EARLY,FIELD_GOAL,-3.2994197619347636,-0.02575698494911194
17.0,40.0,-14.0,1920.0,VERY_LONG,MIDFIELD,TRAILING,EARLY,PUNT,-0.3956948519917205,0.0006673485040664673
1.0,81.0,14.0,1881.0,SHORT,OWN_TERRITORY,LEADING,EARLY,PUNT,-0.957395161385648,-0.0069032758474349976
15.0,67.0,-14.0,1852.0,VERY_LONG,OWN_TERRITORY,TRAILING,EARLY,PUNT,-0.12280819209991023,-0.002310529351234436
3.0,42.0,14.0,1803.0,MEDIUM,MIDFIELD,LEADING,EARLY,GO,-0.4125131827313453,-0.006327718496322632
10.0,80.0,-14.0,1753.0,LONG,OWN_TERRITORY,TRAILING,MID,PUNT,-0.6253060589078814,-0.0057231709361076355
3.0,46.0,14.0,1640.0,MEDIUM,MIDFIELD,LEADING,MID,GO,-3.2801232535857707,-0.03362145274877548
10.0,32.0,-14.0,1508.0,LONG,OPPONENT_21_35,TRAILING,MID,FIELD_GOAL,1.638911578778809,0.022482164204120636
7.0,58.0,11.0,1442.0,LONG,OWN_TERRITORY,LEADING,MID,PUNT,0.0434753536246717,0.006532058119773865
19.0,89.0,-25.0,900.0,VERY_LONG,OWN_TERRITORY,TRAILING,MID,PUNT,-0.021942188730463386,-0.0013161915121600032
23.0,54.0,25.0,717.0,VERY_LONG,OWN_TERRITORY,LEADING,MID,PUNT,0.2692663799971342,-0.0010843153577297926
11.0,23.0,25.0,455.0,VERY_LONG,OPPONENT_21_35,LEADING,MID,FIELD_GOAL,0.7578353246686218,0.00005681305628968403
8.0,8.0,-28.0,19.0,LONG,RED_ZONE,TRAILING,LATE,GO,-2.7617771430523135,-0.0001819593453546986
4.0,25.0,0.0,3376.0,MEDIUM,OPPONENT_21_35,TIED,EARLY,FIELD_GOAL,-4.259759665502649,-0.10112252831459045
4.0,45.0,-7.0,3034.0,MEDIUM,MIDFIELD,TRAILING,EARLY,GO,3.19947855360806,0.06246098875999451
8.0,37.0,-7.0,2954.0,LONG,MIDFIELD,TRAILING,EARLY,GO,3.910947068594396,0.08805647492408752
6.0,6.0,0.0,2527.0,LONG,RED_ZONE,TIED,EARLY,FIELD_GOAL,0.03206317947892812,-0.00797945261001587
5.0,55.0,-3.0,2001.0,MEDIUM,OWN_TERRITORY,TRAILING,EARLY,PUNT,-0.7256604398135096,0.008990377187728882
1.0,71.0,3.0,1920.0,SHORT,OWN_TERRITORY,LEADING,EARLY,GO,2.589107247069478,0.0770723819732666
1.0,25.0,-7.0,1574.0,SHORT,OPPONENT_21_35,TRAILING,MID,GO,1.8044212914537638,0.07359462976455688
12.0,26.0,-7.0,1451.0,VERY_LONG,OPPONENT_21_35,TRAILING,MID,FIELD_GOAL,1.1332119640798368,0.036316871643066406
5.0,60.0,4.0,1308.0,MEDIUM,OWN_TERRITORY,LEADING,MID,PUNT,-0.04628042597323656,0.03694155812263489
22.0,90.0,-3.0,988.0,VERY_LONG,OWN_TERRITORY,TRAILING,MID,PUNT,-0.22074957145377994,-0.00884254276752472
7.0,62.0,-10.0,848.0,LONG,OWN_TERRITORY,TRAILING,MID,PUNT,-0.23190766875632107,0.00953519344329834
3.0,73.0,10.0,756.0,MEDIUM,OWN_TERRITORY,LEADING,MID,PUNT,-0.7234791533555835,-0.009742408990859985
1.0,37.0,-10.0,634.0,SHORT,MIDFIELD,TRAILING,MID,GO,2.7846138558816165,0.08104190975427628
14.0,30.0,-10.0,478.0,VERY_LONG,OPPONENT_21_35,TRAILING,MID,FIELD_GOAL,1.251055140965456,0.03199701011180878
9.0,52.0,7.0,23.0,LONG,OWN_TERRITORY,LEADING,LATE,PUNT,-0.21675862293341197,-0.0009979568421840668
1.0,43.0,0.0,3281.0,SHORT,MIDFIELD,TIED,EARLY,GO,2.1690592942759395,0.06008830666542053
3.0,35.0,0.0,3126.0,MEDIUM,OPPONENT_21_35,TIED,EARLY,FIELD_GOAL,2.2355460918289944,0.03724110126495361
4.0,54.0,-3.0,3007.0,MEDIUM,OWN_TERRITORY,TRAILING,EARLY,PUNT,0.28869969898369163,0.02084594964981079
6.0,8.0,3.0,2654.0,LONG,RED_ZONE,LEADING,EARLY,FIELD_GOAL,0.0922391578649111,0.024846702814102173
9.0,70.0,-9.0,1683.0,LONG,OWN_TERRITORY,TRAILING,MID,PUNT,0.5586937433108687,0.01793476939201355
20.0,57.0,2.0,1200.0,VERY_LONG,OWN_TERRITORY,LEADING,MID,PUNT,-0.8713225023820996,-0.02138155698776245
1.0,61.0,-2.0,1097.0,SHORT,OWN_TERRITORY,TRAILING,MID,GO,2.0993145923130214,0.06588408350944519
11.0,19.0,-4.0,658.0,VERY_LONG,RED_ZONE,TRAILING,MID,FIELD_GOAL,0.4159030506878598,-0.003310948610305786
2.0,41.0,1.0,543.0,SHORT,MIDFIELD,LEADING,MID,GO,3.8130760237108916,0.1400853991508484
3.0,45.0,8.0,304.0,MEDIUM,MIDFIELD,LEADING,MID,GO,-2.592688886448741,-0.05755113810300827
9.0,43.0,-8.0,153.0,LONG,MIDFIELD,TRAILING,LATE,GO,-2.348376517125871,-0.03552551195025444
1.0,37.0,8.0,72.0,SHORT,MIDFIELD,LEADING,LATE,GO,-1.4607736217440106,-0.04706597700715065
15.0,67.0,-8.0,50.0,VERY_LONG,OWN_TERRITORY,TRAILING,LATE,GO,-1.8646787230973132,-0.022236056625843048
10.0,45.0,0.0,3369.0,LONG,MIDFIELD,TIED,EARLY,PUNT,-0.05027075530961156,0.009333878755569458
3.0,83.0,0.0,3245.0,MEDIUM,OWN_TERRITORY,TIED,EARLY,PUNT,0.36258454620838165,0.0006384849548339844
5.0,24.0,0.0,2924.0,MEDIUM,OPPONENT_21_35,TIED,EARLY,FIELD_GOAL,0.7974995093686372,0.011933386325836182
5.0,28.0,-3.0,2754.0,MEDIUM,OPPONENT_21_35,TRAILING,EARLY,FIELD_GOAL,1.2956330327254717,0.010393202304840088
5.0,60.0,0.0,2697.0,MEDIUM,OWN_TERRITORY,TIED,EARLY,PUNT,0.20139827905222774,0.021129995584487915
15.0,90.0,0.0,2578.0,VERY_LONG,OWN_TERRITORY,TIED,EARLY,PUNT,0.09346277522854507,0.027669697999954224
5.0,36.0,0.0,2311.0,MEDIUM,MIDFIELD,TIED,EARLY,FIELD_GOAL,2.1235583236634636,0.06334465742111206
20.0,92.0,-3.0,2156.0,VERY_LONG,OWN_TERRITORY,TRAILING,EARLY,PUNT,0.26721552899107337,0.043886423110961914
4.0,34.0,-10.0,1805.0,MEDIUM,OPPONENT_21_35,TRAILING,EARLY,FIELD_GOAL,1.1649477933731973,0.07175987958908081
4.0,38.0,-7.0,1580.0,MEDIUM,MIDFIELD,TRAILING,MID,GO,3.3172777271829545,0.08384892344474792
7.0,28.0,-7.0,1493.0,LONG,OPPONENT_21_35,TRAILING,MID,FIELD_GOAL,1.329551123422011,0.037528783082962036
9.0,54.0,4.0,1392.0,LONG,OWN_TERRITORY,LEADING,MID,PUNT,0.49449666240252554,0.026507258415222168
4.0,74.0,-4.0,1255.0,MEDIUM,OWN_TERRITORY,TRAILING,MID,PUNT,0.537617732770741,0.05304357409477234
5.0,59.0,4.0,1063.0,MEDIUM,OWN_TERRITORY,LEADING,MID,PUNT,-0.22147312387824059,0.020789533853530884
7.0,14.0,-4.0,808.0,LONG,RED_ZONE,TRAILING,MID,FIELD_GOAL,0.22710338612387382,-0.011240541934967041
8.0,42.0,1.0,496.0,LONG,MIDFIELD,LEADING,MID,PUNT,-0.070369289140217,-0.016245663166046143
7.0,12.0,-1.0,150.0,LONG,RED_ZONE,TRAILING,LATE,FIELD_GOAL,0.17218264115310022,0.03053566813468933
3.0,42.0,-2.0,52.0,MEDIUM,MIDFIELD,TRAILING,LATE,FIELD_GOAL,2.4029985184048224,0.22302067279815674
2.0,38.0,-1.0,22.0,SHORT,MIDFIELD,TRAILING,LATE,FIELD_GOAL,1.7776026100990459,0.33610156178474426
1.0,30.0,-7.0,2855.0,SHORT,OPPONENT_21_35,TRAILING,EARLY,FIELD_GOAL,1.3875292357966031,0.040571749210357666
8.0,66.0,4.0,2764.0,LONG,OWN_TERRITORY,LEADING,EARLY,PUNT,0.9048974607139826,0.03595659136772156
6.0,75.0,-4.0,2620.0,LONG,OWN_TERRITORY,TRAILING,EARLY,PUNT,-0.41555439843796194,0.013324558734893799
9.0,63.0,4.0,2527.0,LONG,OWN_TERRITORY,LEADING,EARLY,PUNT,0.10064829792827368,0.024262189865112305
9.0,9.0,4.0,2287.0,LONG,RED_ZONE,LEADING,EARLY,FIELD_GOAL,0.1074547938232504,-0.019091546535491943
14.0,47.0,-7.0,1977.0,VERY_LONG,MIDFIELD,TRAILING,EARLY,PUNT,-0.21291846118401736,-0.002184569835662842
4.0,29.0,7.0,1842.0,MEDIUM,OPPONENT_21_35,LEADING,EARLY,FIELD_GOAL,1.0525500329675637,0.012283667922019958
5.0,5.0,-3.0,1438.0,MEDIUM,RED_ZONE,TRAILING,MID,FIELD_GOAL,0.05011776526328138,-0.018214166164398193
21.0,82.0,0.0,1381.0,VERY_LONG,OWN_TERRITORY,TIED,MID,PUNT,0.6390521321445704,0.0671655535697937
16.0,60.0,0.0,1203.0,VERY_LONG,OWN_TERRITORY,TIED,MID,PUNT,0.5973247692454606,0.06545606255531311
3.0,81.0,0.0,1118.0,MEDIUM,OWN_TERRITORY,TIED,MID,PUNT,-0.06357986060902476,0.030000895261764526
7.0,31.0,0.0,957.0,LONG,OPPONENT_21_35,TIED,MID,FIELD_GOAL,1.5296804114952933,0.11588582396507263
7.0,44.0,3.0,329.0,LONG,MIDFIELD,LEADING,MID,PUNT,-0.25896823091898113,-0.04160526394844055
6.0,33.0,-7.0,2779.0,LONG,OPPONENT_21_35,TRAILING,EARLY,GO,-3.011649971595034,-0.05054387450218201
8.0,8.0,7.0,2573.0,LONG,RED_ZONE,LEADING,EARLY,FIELD_GOAL,0.09409005984878727,-0.025286972522735596
7.0,66.0,-10.0,2519.0,LONG,OWN_TERRITORY,TRAILING,EARLY,PUNT,-0.3231801646761596,-0.008031100034713745
6.0,71.0,10.0,2423.0,LONG,OWN_TERRITORY,LEADING,EARLY,PUNT,-0.2368407715111971,0.004252895712852478
12.0,74.0,-10.0,2296.0,VERY_LONG,OWN_TERRITORY,TRAILING,EARLY,PUNT,-0.10305931977927685,0.0014482438564300537
8.0,54.0,-17.0,1836.0,LONG,OWN_TERRITORY,TRAILING,EARLY,PUNT,-0.25452911981847137,-0.015160799026489258
20.0,78.0,-24.0,1070.0,VERY_LONG,OWN_TERRITORY,TRAILING,MID,PUNT,-0.15558968810364604,-0.001921593677252531
16.0,74.0,-31.0,807.0,VERY_LONG,OWN_TERRITORY,TRAILING,MID,PUNT,0.9749914440326393,-0.000020679624867625535
1.0,1.0,31.0,120.0,SHORT,RED_ZONE,LEADING,LATE,GO,-4.19074807188008,0.00003725679562194273
7.0,50.0,0.0,3466.0,LONG,MIDFIELD,TIED,EARLY,PUNT,-0.4438387032132596,-0.0020939111709594727
1.0,71.0,0.0,3326.0,SHORT,OWN_TERRITORY,TIED,EARLY,PUNT,-0.8355691572651267,-0.000022292137145996094
1.0,72.0,0.0,3056.0,SHORT,OWN_TERRITORY,TIED,EARLY,GO,2.284096739720553,0.056703150272369385
3.0,41.0,0.0,2839.0,MEDIUM,MIDFIELD,TIED,EARLY,GO,3.270612972904928,0.08696550130844116
20.0,42.0,0.0,2700.0,VERY_LONG,MIDFIELD,TIED,EARLY,PUNT,-0.42651037219911814,0.006544828414916992
5.0,65.0,0.0,2472.0,MEDIUM,OWN_TERRITORY,TIED,EARLY,PUNT,-0.7119863592088223,0.007001817226409912
10.0,71.0,0.0,2324.0,LONG,OWN_TERRITORY,TIED,EARLY,PUNT,-0.24681457038968801,0.024711519479751587
5.0,36.0,0.0,2117.0,MEDIUM,MIDFIELD,TIED,EARLY,FIELD_GOAL,2.2455899932556624,0.05464106798171997
1.0,15.0,-3.0,1906.0,SHORT,RED_ZONE,TRAILING,EARLY,GO,0.7221820420818403,0.03968966007232666
18.0,68.0,-11.0,1456.0,VERY_LONG,OWN_TERRITORY,TRAILING,MID,PUNT,0.3536635893397033,0.008894093334674835
22.0,83.0,-18.0,1104.0,VERY_LONG,OWN_TERRITORY,TRAILING,MID,PUNT,1.5830024958122522,-0.004137679934501648
1.0,55.0,19.0,456.0,SHORT,OWN_TERRITORY,LEADING,MID,PUNT,-0.6913228936027735,-0.004050949588418007
13.0,53.0,13.0,134.0,VERY_LONG,OWN_TERRITORY,LEADING,LATE,PUNT,-0.07856738346163183,-0.002802764531224966
2.0,89.0,-13.0,67.0,SHORT,OWN_TERRITORY,TRAILING,LATE,GO,0.4560705364565365,0.0007711303187534213
4.0,29.0,0.0,3461.0,MEDIUM,OPPONENT_21_35,TIED,EARLY,GO,2.724662708467804,0.06393969058990479
1.0,2.0,0.0,3223.0,SHORT,RED_ZONE,TIED,EARLY,GO,1.9350059159332886,0.05766034126281738
2.0,68.0,-7.0,2983.0,SHORT,OWN_TERRITORY,TRAILING,EARLY,PUNT,0.7497296987567097,0.007663995027542114
2.0,89.0,7.0,2896.0,SHORT,OWN_TERRITORY,LEADING,EARLY,PUNT,-0.5673334582243115,-0.01476210355758667
1.0,1.0,-7.0,2374.0,SHORT,RED_ZONE,TRAILING,EARLY,GO,2.4118227001745254,0.10693532658591676
3.0,50.0,0.0,2280.0,MEDIUM,MIDFIELD,TIED,EARLY,GO,3.5046609972487204,0.10697907209396362
10.0,33.0,0.0,2156.0,LONG,OPPONENT_21_35,TIED,EARLY,FIELD_GOAL,-3.5210139314270332,-0.07569193840026855
10.0,11.0,0.0,1912.0,LONG,RED_ZONE,TIED,EARLY,FIELD_GOAL,0.1468799396438465,-0.000032901763916015625
7.0,19.0,-3.0,1808.0,LONG,RED_ZONE,TRAILING,EARLY,FIELD_GOAL,0.31806565807131904,0.03644841909408569
7.0,8.0,0.0,1577.0,LONG,RED_ZONE,TIED,MID,FIELD_GOAL,0.11035635882598172,0.004982620477676392
9.0,57.0,-3.0,1517.0,LONG,OWN_TERRITORY,TRAILING,MID,PUNT,0.3986026735510677,0.010964751243591309
8.0,23.0,3.0,1194.0,LONG,OPPONENT_21_35,LEADING,MID,FIELD_GOAL,0.7216380716465358,-0.010150045156478882
3.0,37.0,-6.0,1069.0,MEDIUM,MIDFIELD,TRAILING,MID,GO,4.351800249249209,0.1314494013786316
8.0,41.0,-1.0,744.0,LONG,MIDFIELD,TRAILING,MID,FIELD_GOAL,-3.004181358129715,-0.15428972244262695
7.0,45.0,-8.0,335.0,LONG,MIDFIELD,TRAILING,MID,GO,-2.4306300622411072,-0.03873085975646973
1.0,52.0,8.0,201.0,SHORT,OWN_TERRITORY,LEADING,LATE,GO,2.5661298543564044,0.017636477947235107
15.0,35.0,8.0,73.0,VERY_LONG,OPPONENT_21_35,LEADING,LATE,FIELD_GOAL,1.382719457356684,0.0032874271273612976
1.0,56.0,-7.0,3229.0,SHORT,OWN_TERRITORY,TRAILING,EARLY,GO,-3.6690961259882897,-0.08048826456069946
9.0,42.0,-14.0,2450.0,LONG,MIDFIELD,TRAILING,EARLY,PUNT,-0.004194937646389008,-0.0009211525321006775
18.0,98.0,14.0,2395.0,VERY_LONG,OWN_TERRITORY,LEADING,EARLY,PUNT,1.1856548548676074,0.02264253795146942
10.0,23.0,-14.0,2107.0,LONG,OPPONENT_21_35,TRAILING,EARLY,FIELD_GOAL,0.7183345482369585,-0.004132792353630066
10.0,15.0,11.0,1897.0,LONG,RED_ZONE,LEADING,EARLY,FIELD_GOAL,0.23523782283590622,-0.006710231304168701
12.0,33.0,-21.0,1552.0,VERY_LONG,OPPONENT_21_35,TRAILING,MID,FIELD_GOAL,1.7785875629665275,-0.00005391240119934082
3.0,58.0,-25.0,1185.0,MEDIUM,OWN_TERRITORY,TRAILING,MID,GO,-2.7923079535830766,-0.003223705105483532
4.0,4.0,25.0,1006.0,MEDIUM,RED_ZONE,LEADING,MID,FIELD_GOAL,0.05004861579068054,0.0006267066928558052
9.0,54.0,-28.0,643.0,LONG,OWN_TERRITORY,TRAILING,MID,PUNT,-0.9783237813971937,-5.458612577058375e-6
1.0,71.0,28.0,314.0,SHORT,OWN_TERRITORY,LEADING,MID,PUNT,-0.11893054051324725,0.00003353904321556911
7.0,52.0,-28.0,123.0,LONG,OWN_TERRITORY,TRAILING,LATE,GO,2.640844849986024,7.508206181228161e-6
6.0,66.0,0.0,3539.0,LONG,OWN_TERRITORY,TIED,EARLY,PUNT,-0.5974056744016707,-0.004920661449432373
7.0,7.0,-7.0,2786.0,LONG,RED_ZONE,TRAILING,EARLY,FIELD_GOAL,0.0723076379934029,0.00007459521293640137
11.0,15.0,4.0,1860.0,VERY_LONG,RED_ZONE,LEADING,EARLY,FIELD_GOAL,0.24718338353155112,0.0019125938415527344
6.0,61.0,-14.0,1597.0,LONG,OWN_TERRITORY,TRAILING,MID,PUNT,0.7545179375447333,-0.0036854296922683716
1.0,33.0,14.0,1277.0,SHORT,OPPONENT_21_35,LEADING,MID,GO,1.7277500835480168,0.020439326763153076
15.0,70.0,-21.0,923.0,VERY_LONG,OWN_TERRITORY,TRAILING,MID,PUNT,-1.2631528936326504,0.004635754972696304
11.0,19.0,14.0,572.0,VERY_LONG,RED_ZONE,LEADING,MID,FIELD_GOAL,0.44730365869028654,0.013061001896858215
1.0,8.0,-17.0,372.0,SHORT,RED_ZONE,TRAILING,MID,GO,1.767592507880181,0.002725515514612198
1.0,22.0,10.0,74.0,SHORT,OPPONENT_21_35,LEADING,LATE,FIELD_GOAL,0.5332133875912923,-0.0018563540652394295
4.0,59.0,-13.0,16.0,MEDIUM,OWN_TERRITORY,TRAILING,LATE,GO,-0.05503822467289865,-0.0007671695784665644
9.0,28.0,0.0,3266.0,LONG,OPPONENT_21_35,TIED,EARLY,FIELD_GOAL,1.2920674449344742,0.038340628147125244
6.0,33.0,-3.0,3124.0,LONG,OPPONENT_21_35,TRAILING,EARLY,FIELD_GOAL,-3.408072019850579,-0.10344654321670532
13.0,38.0,3.0,2840.0,VERY_LONG,MIDFIELD,LEADING,EARLY,PUNT,0.01723736058920622,-0.01373302936553955
1.0,82.0,-3.0,2743.0,SHORT,OWN_TERRITORY,TRAILING,EARLY,PUNT,-1.5262571705970913,-0.057694315910339355
7.0,61.0,-10.0,2536.0,LONG,OWN_TERRITORY,TRAILING,EARLY,PUNT,-0.23998958221636713,0.015397787094116211
6.0,21.0,10.0,2311.0,LONG,OPPONENT_21_35,LEADING,EARLY,FIELD_GOAL,0.5645048572171318,0.017112016677856445
16.0,83.0,6.0,1914.0,VERY_LONG,OWN_TERRITORY,LEADING,EARLY,PUNT,0.23143976472783834,-0.004144012928009033
20.0,85.0,-6.0,1880.0,VERY_LONG,OWN_TERRITORY,TRAILING,EARLY,PUNT,-6.342945074895397,-0.11352996832832773
3.0,64.0,8.0,1456.0,MEDIUM,OWN_TERRITORY,LEADING,MID,PUNT,0.015333162155002356,-0.04958811402320862
4.0,75.0,-8.0,1352.0,MEDIUM,OWN_TERRITORY,TRAILING,MID,PUNT,-0.42374116042628884,-0.04162672162055969
3.0,57.0,8.0,1266.0,MEDIUM,OWN_TERRITORY,LEADING,MID,PUNT,0.089605329092592,-0.0368199348449707
1.0,60.0,-8.0,1064.0,SHORT,OWN_TERRITORY,TRAILING,MID,GO,2.7427227552980185,0.07864335179328918
18.0,33.0,-8.0,900.0,VERY_LONG,OPPONENT_21_35,TRAILING,MID,FIELD_GOAL,-3.322442146837127,-0.016515523195266724
4.0,4.0,-15.0,627.0,MEDIUM,RED_ZONE,TRAILING,MID,GO,-2.5590483655105345,-0.0358116552233696
5.0,16.0,-15.0,229.0,MEDIUM,RED_ZONE,TRAILING,LATE,GO,4.449895799858496,0.023564962021507263
8.0,38.0,-8.0,103.0,LONG,MIDFIELD,TRAILING,LATE,GO,-0.7186189871281385,-0.03403140604496002
2.0,31.0,0.0,3471.0,SHORT,OPPONENT_21_35,TIED,EARLY,FIELD_GOAL,1.417031654988068,0.031784117221832275
6.0,39.0,-3.0,3305.0,LONG,MIDFIELD,TRAILING,EARLY,GO,-2.739825475262478,-0.09555426239967346
15.0,31.0,-10.0,2842.0,VERY_LONG,OPPONENT_21_35,TRAILING,EARLY,FIELD_GOAL,1.265082388278175,0.042556822299957275
2.0,33.0,7.0,2612.0,SHORT,OPPONENT_21_35,LEADING,EARLY,FIELD_GOAL,1.5456555453807597,0.01657003164291382
6.0,6.0,3.0,2106.0,LONG,RED_ZONE,LEADING,EARLY,FIELD_GOAL,0.07017086753029966,-0.02705523371696472
1.0,28.0,-6.0,1920.0,SHORT,OPPONENT_21_35,TRAILING,EARLY,GO,1.6096944100572728,0.06133311986923218
2.0,36.0,0.0,1472.0,SHORT,MIDFIELD,TIED,MID,GO,3.0167988459579647,0.10367041826248169
5.0,21.0,0.0,1349.0,MEDIUM,OPPONENT_21_35,TIED,MID,FIELD_GOAL,0.5394601156659671,0.06130862236022949
11.0,26.0,-3.0,1126.0,VERY_LONG,OPPONENT_21_35,TRAILING,MID,FIELD_GOAL,-3.59842694144763,-0.11195805668830872
15.0,76.0,-10.0,655.0,VERY_LONG,OWN_TERRITORY,TRAILING,MID,PUNT,0.07843644777312875,0.0044485703110694885
1.0,46.0,10.0,445.0,SHORT,MIDFIELD,LEADING,MID,GO,-3.5328407583292574,-0.05236291140317917
8.0,16.0,-10.0,281.0,LONG,RED_ZONE,TRAILING,LATE,FIELD_GOAL,0.2999076715364253,-0.0036831796169281006
1.0,39.0,7.0,134.0,SHORT,MIDFIELD,LEADING,LATE,GO,-3.3449131132801995,-0.08364753425121307
6.0,6.0,-6.0,2141.0,LONG,RED_ZONE,TRAILING,EARLY,FIELD_GOAL,0.057900681994055514,-0.000059992074966430664
12.0,62.0,-10.0,1909.0,VERY_LONG,OWN_TERRITORY,TRAILING,EARLY,PUNT,0.06949352950323373,0.008777335286140442
22.0,98.0,10.0,1817.0,VERY_LONG,OWN_TERRITORY,LEADING,EARLY,PUNT,-1.6659634139505215,0.05396096408367157
2.0,62.0,10.0,1676.0,SHORT,OWN_TERRITORY,LEADING,MID,PUNT,-0.18545058835297823,-0.04026946425437927
8.0,23.0,10.0,1481.0,LONG,OPPONENT_21_35,LEADING,MID,FIELD_GOAL,0.6271447031647837,0.013291999697685242
4.0,33.0,6.0,815.0,MEDIUM,OPPONENT_21_35,LEADING,MID,GO,-3.03110845037736,-0.08805084228515625
10.0,23.0,-6.0,530.0,LONG,OPPONENT_21_35,TRAILING,MID,FIELD_GOAL,0.7633966723524881,0.0308036208152771
22.0,77.0,3.0,433.0,VERY_LONG,OWN_TERRITORY,LEADING,MID,PUNT,-0.40524719120003283,-0.03015536069869995
2.0,56.0,-3.0,308.0,SHORT,OWN_TERRITORY,TRAILING,MID,GO,-3.7052876658272,-0.1556696891784668
1.0,11.0,3.0,173.0,SHORT,RED_ZONE,LEADING,LATE,GO,-3.6659178532427177,-0.16256815195083618
32.0,99.0,-3.0,109.0,VERY_LONG,OWN_TERRITORY,TRAILING,LATE,PUNT,-0.1281484444043599,-0.09191332757472992
13.0,68.0,0.0,3438.0,VERY_LONG,OWN_TERRITORY,TIED,EARLY,PUNT,0.9311718214303255,0.03483805060386658
3.0,53.0,0.0,3185.0,MEDIUM,OWN_TERRITORY,TIED,EARLY,PUNT,0.00666142045520246,0.007263094186782837
7.0,62.0,0.0,2700.0,LONG,OWN_TERRITORY,TIED,EARLY,PUNT,0.5726558153983206,0.027573853731155396
6.0,62.0,0.0,2510.0,LONG,OWN_TERRITORY,TIED,EARLY,PUNT,-0.06488108960911632,0.008905351161956787
13.0,27.0,0.0,2166.0,VERY_LONG,OPPONENT_21_35,TIED,EARLY,FIELD_GOAL,1.0105516171325644,0.06337341666221619
5.0,55.0,-3.0,1848.0,MEDIUM,OWN_TERRITORY,TRAILING,EARLY,PUNT,0.07564043608726934,0.026119321584701538
1.0,25.0,3.0,1572.0,SHORT,OPPONENT_21_35,LEADING,MID,GO,1.8320025632856414,0.061210453510284424
1.0,47.0,-17.0,1234.0,SHORT,MIDFIELD,TRAILING,MID,GO,-3.5390562913380563,-0.02587195485830307
5.0,64.0,-31.0,694.0,MEDIUM,OWN_TERRITORY,TRAILING,MID,PUNT,-1.7877384324092418,0.00005821130616823211
4.0,48.0,31.0,560.0,MEDIUM,MIDFIELD,LEADING,MID,PUNT,-0.020860338700003922,0.0000963206184678711
4.0,63.0,24.0,120.0,MEDIUM,OWN_TERRITORY,LEADING,LATE,PUNT,0.4275710510555655,-0.0000961071636993438
1.0,55.0,-24.0,17.0,SHORT,OWN_TERRITORY,TRAILING,LATE,GO,-0.1167991110123694,-0.00016694064834155142
1.0,7.0,0.0,3291.0,SHORT,RED_ZONE,TIED,EARLY,GO,-4.152974161086604,-0.10246151685714722
1.0,4.0,0.0,2935.0,SHORT,RED_ZONE,TIED,EARLY,GO,-4.340101280948147,-0.1278509795665741
8.0,8.0,0.0,2569.0,LONG,RED_ZONE,TIED,EARLY,FIELD_GOAL,0.07960363079767374,-0.0017332732677459717
13.0,45.0,-3.0,2381.0,VERY_LONG,MIDFIELD,TRAILING,EARLY,PUNT,0.34942967374809086,0.0037079155445098877
1.0,59.0,3.0,2152.0,SHORT,OWN_TERRITORY,LEADING,EARLY,GO,2.573146497248672,0.08292967081069946
4.0,4.0,3.0,1905.0,MEDIUM,RED_ZONE,LEADING,EARLY,FIELD_GOAL,0.047523630063944555,-0.0053157806396484375
9.0,50.0,-6.0,1851.0,LONG,MIDFIELD,TRAILING,EARLY,PUNT,-0.20304132264573127,-0.025986403226852417
8.0,28.0,-6.0,1637.0,LONG,OPPONENT_21_35,TRAILING,MID,FIELD_GOAL,1.3449141507777433,0.06944423913955688
4.0,79.0,-3.0,1165.0,MEDIUM,OWN_TERRITORY,TRAILING,MID,PUNT,-0.028430313803255558,-0.007553517818450928
19.0,33.0,-10.0,657.0,VERY_LONG,OPPONENT_21_35,TRAILING,MID,FIELD_GOAL,1.8985586960161969,0.006437867879867554
4.0,10.0,7.0,306.0,MEDIUM,RED_ZONE,LEADING,MID,FIELD_GOAL,0.12094635001688925,0.014404647052288055
1.0,48.0,-10.0,240.0,SHORT,MIDFIELD,TRAILING,LATE,GO,2.6912330363993533,0.06690280511975288
4.0,25.0,-10.0,124.0,MEDIUM,OPPONENT_21_35,TRAILING,LATE,FIELD_GOAL,0.8553205300927496,-0.008412729948759079
4.0,6.0,-7.0,28.0,MEDIUM,RED_ZONE,TRAILING,LATE,GO,4.243858173431363,0.28075860680237574
1.0,36.0,0.0,374.0,SHORT,MIDFIELD,TIED,MID,GO,-3.520362053066492,-0.07979593682102859
5.0,66.0,0.0,3513.0,MEDIUM,OWN_TERRITORY,TIED,EARLY,PUNT,0.9291934201028198,0.018403172492980957
3.0,85.0,0.0,3422.0,MEDIUM,OWN_TERRITORY,TIED,EARLY,PUNT,-0.036395731614902616,-0.002705782651901245
10.0,59.0,0.0,3293.0,LONG,OWN_TERRITORY,TIED,EARLY,PUNT,0.43002821039408445,0.01807856559753418
1.0,62.0,0.0,3187.0,SHORT,OWN_TERRITORY,TIED,EARLY,GO,2.050951244542375,0.04307001829147339
6.0,26.0,0.0,3015.0,LONG,OPPONENT_21_35,TIED,EARLY,FIELD_GOAL,-2.8178854407462985,-0.1111413836479187
26.0,88.0,0.0,2486.0,VERY_LONG,OWN_TERRITORY,TIED,EARLY,PUNT,0.5790068707428873,0.06580454111099243
4.0,36.0,0.0,2354.0,MEDIUM,MIDFIELD,TIED,EARLY,FIELD_GOAL,2.336841944271796,0.05599048733711243
4.0,46.0,-4.0,1915.0,MEDIUM,MIDFIELD,TRAILING,EARLY,PUNT,-0.4443295797682367,0.02093827724456787
13.0,53.0,-7.0,1272.0,VERY_LONG,OWN_TERRITORY,TRAILING,MID,PUNT,-0.15937445312738419,-0.02450236678123474
7.0,7.0,14.0,818.0,LONG,RED_ZONE,LEADING,MID,FIELD_GOAL,0.06541662631582179,0.011529665440320969
3.0,3.0,-17.0,647.0,MEDIUM,RED_ZONE,TRAILING,MID,FIELD_GOAL,0.04365188492776495,0.0000861920416355133
10.0,67.0,14.0,583.0,LONG,OWN_TERRITORY,LEADING,MID,PUNT,0.2361985193565488,-0.0013942308723926544
2.0,41.0,-14.0,492.0,SHORT,MIDFIELD,TRAILING,MID,GO,-2.0911417624447495,-0.025600876659154892
6.0,54.0,14.0,261.0,LONG,OWN_TERRITORY,LEADING,LATE,PUNT,-0.4643465850967914,-0.01893128827214241
11.0,45.0,-14.0,138.0,VERY_LONG,MIDFIELD,TRAILING,LATE,GO,-2.0596670086379163,-0.0025743022561073303
5.0,38.0,14.0,104.0,MEDIUM,MIDFIELD,LEADING,LATE,PUNT,-0.5434355991892517,-0.00019035465084016323
12.0,74.0,0.0,3474.0,VERY_LONG,OWN_TERRITORY,TIED,EARLY,PUNT,-0.08335912437178195,0.026743531227111816
1.0,44.0,0.0,3318.0,SHORT,MIDFIELD,TIED,EARLY,GO,-3.472613202407956,-0.059373944997787476
7.0,52.0,0.0,3211.0,LONG,OWN_TERRITORY,TIED,EARLY,PUNT,0.2667343800421804,0.01994854211807251
17.0,53.0,0.0,2847.0,VERY_LONG,OWN_TERRITORY,TIED,EARLY,PUNT,0.4817394975107163,0.028613686561584473
10.0,71.0,0.0,2693.0,LONG,OWN_TERRITORY,TIED,EARLY,PUNT,-0.8332694757264107,0.013565987348556519
11.0,59.0,0.0,2599.0,VERY_LONG,OWN_TERRITORY,TIED,EARLY,PUNT,1.007807548623532,0.03797176480293274
10.0,48.0,2.0,2510.0,LONG,MIDFIELD,LEADING,EARLY,PUNT,-1.6303651207126677,-0.08984142541885376
4.0,36.0,-2.0,2265.0,MEDIUM,MIDFIELD,TRAILING,EARLY,FIELD_GOAL,2.284161200164746,0.020203620195388794
4.0,33.0,-10.0,1367.0,MEDIUM,OPPONENT_21_35,TRAILING,MID,FIELD_GOAL,-3.63423123394136,-0.05683404207229614
1.0,50.0,10.0,1289.0,SHORT,MIDFIELD,LEADING,MID,GO,-3.4759995529893786,-0.05297324061393738
9.0,9.0,-10.0,1084.0,LONG,RED_ZONE,TRAILING,MID,FIELD_GOAL,0.09822886009264575,0.004673704504966736
24.0,98.0,-14.0,614.0,VERY_LONG,OWN_TERRITORY,TRAILING,MID,PUNT,1.3656746649648994,0.007399985566735268
9.0,9.0,14.0,227.0,LONG,RED_ZONE,LEADING,LATE,FIELD_GOAL,0.09272162929835837,-0.0006673434982076287
29.0,84.0,-17.0,120.0,VERY_LONG,OWN_TERRITORY,TRAILING,LATE,PUNT,-0.6091653830953874,-0.00014583629672415555
2.0,39.0,0.0,3419.0,SHORT,MIDFIELD,TIED,EARLY,GO,4.404738790297415,0.14013445377349854
14.0,15.0,0.0,2647.0,VERY_LONG,RED_ZONE,TIED,EARLY,FIELD_GOAL,0.2783159004032498,0.03169083595275879
5.0,19.0,4.0,1615.0,MEDIUM,RED_ZONE,LEADING,MID,FIELD_GOAL,0.4318015488286475,0.024668395519256592
4.0,59.0,-7.0,1450.0,MEDIUM,OWN_TERRITORY,TRAILING,MID,PUNT,-0.2354365182109177,0.018037408590316772
1.0,74.0,7.0,1353.0,SHORT,OWN_TERRITORY,LEADING,MID,PUNT,0.09148237714543939,0.01119929552078247
1.0,16.0,-7.0,1038.0,SHORT,RED_ZONE,TRAILING,MID,GO,-4.325086897006258,-0.05551031231880188
5.0,8.0,7.0,540.0,MEDIUM,RED_ZONE,LEADING,MID,FIELD_GOAL,0.10163834429559904,-0.01288699358701706
10.0,54.0,-10.0,425.0,LONG,OWN_TERRITORY,TRAILING,MID,GO,-2.753089969162829,-0.01959388703107834
1.0,62.0,0.0,3516.0,SHORT,OWN_TERRITORY,TIED,EARLY,GO,2.477609166642651,0.05156278610229492
1.0,39.0,0.0,3295.0,SHORT,MIDFIELD,TIED,EARLY,GO,-3.3525212809909135,-0.07777741551399231
5.0,30.0,-7.0,2966.0,MEDIUM,OPPONENT_21_35,TRAILING,EARLY,GO,2.91232949111145,0.07687915861606598
5.0,5.0,-7.0,2805.0,MEDIUM,RED_ZONE,TRAILING,EARLY,FIELD_GOAL,0.05119377921348134,-0.007306456565856934
1.0,56.0,4.0,2765.0,SHORT,OWN_TERRITORY,LEADING,EARLY,PUNT,-0.4519630493596196,0.005600482225418091
7.0,10.0,-4.0,2569.0,LONG,RED_ZONE,TRAILING,EARLY,FIELD_GOAL,0.1188725987966075,-0.04466360807418823
8.0,63.0,1.0,2440.0,LONG,OWN_TERRITORY,LEADING,EARLY,PUNT,-1.047225148184225,-0.08047235012054443
8.0,22.0,-1.0,1420.0,LONG,OPPONENT_21_35,TRAILING,MID,FIELD_GOAL,0.5618396983243543,0.012860357761383057
14.0,47.0,-9.0,1119.0,VERY_LONG,MIDFIELD,TRAILING,MID,PUNT,0.02389923995360732,0.003199338912963867
6.0,85.0,16.0,498.0,LONG,OWN_TERRITORY,LEADING,MID,PUNT,-5.051079016178846,-0.06283921390771874
7.0,75.0,8.0,429.0,LONG,OWN_TERRITORY,LEADING,MID,PUNT,-0.9791314012836665,-0.036634549498558044
3.0,67.0,0.0,294.0,MEDIUM,OWN_TERRITORY,TIED,LATE,PUNT,0.03741458500735462,0.03419092297554016
4.0,71.0,0.0,205.0,MEDIUM,OWN_TERRITORY,TIED,LATE,PUNT,0.26515319640748203,0.09033119678497314
8.0,29.0,0.0,131.0,LONG,OPPONENT_21_35,TIED,LATE,FIELD_GOAL,-3.582623963214478,-0.21526861190795898
17.0,69.0,0.0,110.0,VERY_LONG,OWN_TERRITORY,TIED,LATE,PUNT,0.2708239360945299,0.03400689363479614
10.0,51.0,0.0,49.0,LONG,OWN_TERRITORY,TIED,LATE,PUNT,-0.13761201308807358,-0.060519397258758545
10.0,71.0,0.0,3577.0,LONG,OWN_TERRITORY,TIED,EARLY,PUNT,0.25851787766441703,0.03192797303199768
8.0,62.0,0.0,3430.0,LONG,OWN_TERRITORY,TIED,EARLY,PUNT,-0.06267887353897095,-0.013628363609313965
1.0,66.0,-7.0,3197.0,SHORT,OWN_TERRITORY,TRAILING,EARLY,PUNT,-0.42699627159163356,-0.0044431984424591064
4.0,76.0,7.0,3142.0,MEDIUM,OWN_TERRITORY,LEADING,EARLY,PUNT,0.8053923104889691,0.019183143973350525
6.0,61.0,-7.0,2905.0,LONG,OWN_TERRITORY,TRAILING,EARLY,PUNT,-0.40581611171364784,-0.005158334970474243
11.0,85.0,7.0,2777.0,VERY_LONG,OWN_TERRITORY,LEADING,EARLY,PUNT,-0.24016577377915382,0.026187032461166382
3.0,37.0,0.0,2357.0,MEDIUM,MIDFIELD,TIED,EARLY,FIELD_GOAL,2.0490836648448134,0.0453130304813385
4.0,58.0,-3.0,2127.0,MEDIUM,OWN_TERRITORY,TRAILING,EARLY,PUNT,0.006878541316837072,-0.012628614902496338
5.0,32.0,3.0,1854.0,MEDIUM,OPPONENT_21_35,LEADING,EARLY,FIELD_GOAL,1.1527904339829482,0.0039346665143966675
3.0,62.0,-6.0,1825.0,MEDIUM,OWN_TERRITORY,TRAILING,EARLY,PUNT,-0.20447768853046,0.0076446980237960815
8.0,68.0,6.0,1704.0,LONG,OWN_TERRITORY,LEADING,MID,PUNT,0.45655961241573095,0.012479245662689209
18.0,78.0,-1.0,1364.0,VERY_LONG,OWN_TERRITORY,TRAILING,MID,PUNT,0.5970354559831321,0.018723249435424805
17.0,78.0,1.0,1268.0,VERY_LONG,OWN_TERRITORY,LEADING,MID,PUNT,-0.7032090390566736,-0.02048015594482422
1.0,31.0,-1.0,1094.0,SHORT,OPPONENT_21_35,TRAILING,MID,FIELD_GOAL,1.3837308943544595,0.022274702787399292
3.0,46.0,-2.0,826.0,MEDIUM,MIDFIELD,TRAILING,MID,PUNT,-0.6321792891249061,-0.10535961389541626
4.0,25.0,0.0,3354.0,MEDIUM,OPPONENT_21_35,TIED,EARLY,FIELD_GOAL,0.8741264783330722,0.017275840044021606
5.0,10.0,-3.0,3021.0,MEDIUM,RED_ZONE,TRAILING,EARLY,GO,-3.0552877939189784,-0.11064064502716064
8.0,9.0,-3.0,2468.0,LONG,RED_ZONE,TRAILING,EARLY,FIELD_GOAL,0.11051681780748002,0.0037709176540374756
1.0,47.0,0.0,2248.0,SHORT,MIDFIELD,TIED,EARLY,GO,3.152959938161075,0.12946763634681702
13.0,13.0,0.0,2093.0,VERY_LONG,RED_ZONE,TIED,EARLY,FIELD_GOAL,0.18647344877965244,0.02641749382019043
14.0,74.0,-10.0,1864.0,VERY_LONG,OWN_TERRITORY,TRAILING,EARLY,PUNT,-0.468632775824517,0.003317892551422119
5.0,63.0,-3.0,1575.0,MEDIUM,OWN_TERRITORY,TRAILING,MID,PUNT,0.435649664606899,0.03184819221496582
6.0,44.0,3.0,1235.0,LONG,MIDFIELD,LEADING,MID,PUNT,-1.262466847896576,-0.054410338401794434
2.0,54.0,-3.0,1019.0,SHORT,OWN_TERRITORY,TRAILING,MID,GO,2.9567328351549804,0.1107465922832489
10.0,21.0,-3.0,670.0,LONG,OPPONENT_21_35,TRAILING,MID,FIELD_GOAL,0.6142373532064864,0.04638403654098511
3.0,12.0,0.0,258.0,MEDIUM,RED_ZONE,TIED,LATE,FIELD_GOAL,0.16869287792186505,0.005758166313171387
3.0,53.0,-3.0,125.0,MEDIUM,OWN_TERRITORY,TRAILING,LATE,GO,-3.0407626144005917,-0.21785306930541992
1.0,17.0,-7.0,3221.0,SHORT,RED_ZONE,TRAILING,EARLY,GO,1.5711180416401476,0.05300816893577576
9.0,64.0,0.0,2432.0,LONG,OWN_TERRITORY,TIED,EARLY,PUNT,-0.3049352797679603,0.024894386529922485
12.0,27.0,0.0,2144.0,VERY_LONG,OPPONENT_21_35,TIED,EARLY,FIELD_GOAL,1.0318857097104885,0.04148104786872864
5.0,18.0,-3.0,1867.0,MEDIUM,RED_ZONE,TRAILING,EARLY,FIELD_GOAL,0.3349761216053384,0.030075281858444214
11.0,71.0,0.0,1754.0,VERY_LONG,OWN_TERRITORY,TIED,MID,PUNT,-0.3839416678529233,0.056101083755493164
9.0,38.0,0.0,1543.0,LONG,MIDFIELD,TIED,MID,FIELD_GOAL,-2.449235666835931,-0.05782848596572876
2.0,22.0,0.0,1367.0,SHORT,OPPONENT_21_35,TIED,MID,FIELD_GOAL,0.6261837933820464,0.044144630432128906
10.0,56.0,-4.0,1021.0,LONG,OWN_TERRITORY,TRAILING,MID,GO,-2.4826914377044886,-0.048770248889923096
9.0,56.0,3.0,312.0,LONG,OWN_TERRITORY,LEADING,MID,PUNT,0.4294420159421861,0.003937870264053345
2.0,48.0,-3.0,182.0,SHORT,MIDFIELD,TRAILING,LATE,GO,3.458301089820452,0.20602387189865112
8.0,11.0,0.0,3342.0,LONG,RED_ZONE,TIED,EARLY,FIELD_GOAL,0.08920410554410907,0.0013404786586761475
4.0,17.0,-3.0,3095.0,MEDIUM,RED_ZONE,TRAILING,EARLY,FIELD_GOAL,0.33959965065537423,0.019232630729675293
5.0,65.0,0.0,2908.0,MEDIUM,OWN_TERRITORY,TIED,EARLY,PUNT,-1.1888681130949408,-0.03452146053314209
16.0,31.0,0.0,2663.0,VERY_LONG,OPPONENT_21_35,TIED,EARLY,FIELD_GOAL,1.3858688463824997,0.0653003454208374
8.0,18.0,-3.0,2561.0,LONG,RED_ZONE,TRAILING,EARLY,FIELD_GOAL,0.36575142215137246,-0.009148836135864258
1.0,55.0,0.0,2395.0,SHORT,OWN_TERRITORY,TIED,EARLY,GO,-3.4970008889213204,-0.04675757884979248
12.0,47.0,0.0,2245.0,VERY_LONG,MIDFIELD,TIED,EARLY,PUNT,-0.13164458540268242,0.0126742422580719
1.0,67.0,0.0,2134.0,SHORT,OWN_TERRITORY,TIED,EARLY,GO,1.96705237403512,0.05301344394683838
5.0,18.0,0.0,1894.0,MEDIUM,RED_ZONE,TIED,EARLY,FIELD_GOAL,0.36994728224750073,0.030297070741653442
19.0,63.0,-3.0,1861.0,VERY_LONG,OWN_TERRITORY,TRAILING,EARLY,PUNT,-0.07654974336037412,0.044957369565963745
10.0,43.0,3.0,1803.0,LONG,MIDFIELD,LEADING,EARLY,FIELD_GOAL,-1.317911354151672,0.009423226118087769
16.0,60.0,-3.0,1600.0,VERY_LONG,OWN_TERRITORY,TRAILING,MID,PUNT,-0.7711078790016472,0.0119875967502594
13.0,76.0,3.0,1508.0,VERY_LONG,OWN_TERRITORY,LEADING,MID,PUNT,0.3501101895235479,0.023712128400802612
12.0,62.0,-3.0,1272.0,VERY_LONG,OWN_TERRITORY,TRAILING,MID,PUNT,0.720991542795673,0.0259055495262146
8.0,32.0,10.0,674.0,LONG,OPPONENT_21_35,LEADING,MID,FIELD_GOAL,1.4492656201472531,0.044743943959474564
6.0,39.0,-13.0,557.0,LONG,MIDFIELD,TRAILING,MID,GO,-3.47631229669787,-0.021633923053741455
11.0,21.0,13.0,322.0,VERY_LONG,OPPONENT_21_35,LEADING,MID,FIELD_GOAL,0.6005502041120079,-0.0023429300636053085
13.0,68.0,-16.0,218.0,VERY_LONG,OWN_TERRITORY,TRAILING,LATE,GO,3.870993448595982,0.0015732846222817898
10.0,42.0,-16.0,175.0,LONG,MIDFIELD,TRAILING,LATE,GO,-2.7499275185982697,-0.0006045271875336766
7.0,65.0,-23.0,52.0,LONG,OWN_TERRITORY,TRAILING,LATE,GO,1.8348493981175125,0.0001746572961565107
2.0,2.0,0.0,3402.0,SHORT,RED_ZONE,TIED,EARLY,FIELD_GOAL,0.03523735450709431,-0.02900165319442749
6.0,64.0,-3.0,3272.0,LONG,OWN_TERRITORY,TRAILING,EARLY,PUNT,0.20382162393070757,0.020178407430648804
14.0,76.0,3.0,3075.0,VERY_LONG,OWN_TERRITORY,LEADING,EARLY,PUNT,-0.052479280857369304,-0.01937645673751831
11.0,57.0,-4.0,2700.0,VERY_LONG,OWN_TERRITORY,TRAILING,EARLY,PUNT,0.5645377719774842,0.04898351430892944
11.0,25.0,4.0,2350.0,VERY_LONG,OPPONENT_21_35,LEADING,EARLY,FIELD_GOAL,-3.6350112387752693,-0.06552156805992126
1.0,2.0,-4.0,2114.0,SHORT,RED_ZONE,TRAILING,EARLY,GO,2.1488419087254442,0.07472735643386841
10.0,44.0,3.0,1749.0,LONG,MIDFIELD,LEADING,MID,PUNT,-0.4379755484405905,-0.015633821487426758
4.0,60.0,-11.0,557.0,MEDIUM,OWN_TERRITORY,TRAILING,MID,PUNT,-0.35780361061915755,-0.013128742575645447
8.0,78.0,11.0,501.0,LONG,OWN_TERRITORY,LEADING,MID,PUNT,-0.42598321638070047,-0.011260218918323517
6.0,56.0,-11.0,404.0,LONG,OWN_TERRITORY,TRAILING,MID,PUNT,-0.36423716647550464,-0.01943225786089897
11.0,73.0,0.0,3497.0,VERY_LONG,OWN_TERRITORY,TIED,EARLY,PUNT,-0.40310527477413416,0.05057606101036072
14.0,41.0,0.0,3266.0,VERY_LONG,MIDFIELD,TIED,EARLY,FIELD_GOAL,2.568189159085435,0.08746859431266785
3.0,3.0,-3.0,2835.0,MEDIUM,RED_ZONE,TRAILING,EARLY,GO,-2.6207253527245484,-0.13287204504013062
10.0,66.0,3.0,2621.0,LONG,OWN_TERRITORY,LEADING,EARLY,PUNT,-1.110748711740598,-0.04421740770339966
11.0,18.0,-3.0,2413.0,VERY_LONG,RED_ZONE,TRAILING,EARLY,FIELD_GOAL,0.40359616323540326,0.058119386434555054
3.0,65.0,0.0,2284.0,MEDIUM,OWN_TERRITORY,TIED,EARLY,PUNT,-0.15078774094581604,0.0043273866176605225
10.0,85.0,0.0,2186.0,LONG,OWN_TERRITORY,TIED,EARLY,PUNT,0.8832124613691121,0.06672865152359009
10.0,79.0,0.0,2053.0,LONG,OWN_TERRITORY,TIED,EARLY,PUNT,-0.39036090800073,0.015849560499191284
2.0,42.0,2.0,1307.0,SHORT,MIDFIELD,LEADING,MID,GO,3.2488714118953794,0.08423948287963867
1.0,11.0,2.0,1066.0,SHORT,RED_ZONE,LEADING,MID,GO,2.509733242157381,0.08149462938308716
5.0,5.0,2.0,900.0,MEDIUM,RED_ZONE,LEADING,MID,FIELD_GOAL,0.02461082741588161,-0.0046142637729644775
15.0,91.0,-5.0,873.0,VERY_LONG,OWN_TERRITORY,TRAILING,MID,PUNT,0.3915715275797993,0.024661973118782043
2.0,27.0,-12.0,525.0,SHORT,OPPONENT_21_35,TRAILING,MID,GO,4.719126740237698,0.16327973825690933
8.0,18.0,5.0,129.0,LONG,RED_ZONE,LEADING,LATE,FIELD_GOAL,-3.5641344921714424,-0.18030208349227905
1.0,48.0,0.0,2559.0,SHORT,MIDFIELD,TIED,EARLY,GO,2.3399391784332693,0.05957183241844177
2.0,72.0,-7.0,2236.0,SHORT,OWN_TERRITORY,TRAILING,EARLY,PUNT,-0.005179241066798568,0.02578282356262207
6.0,7.0,7.0,1915.0,LONG,RED_ZONE,LEADING,EARLY,FIELD_GOAL,0.08049361347452999,-0.021090582013130188
4.0,21.0,-10.0,1821.0,MEDIUM,OPPONENT_21_35,TRAILING,EARLY,FIELD_GOAL,0.39991836458481655,0.020082056522369385
8.0,33.0,-14.0,1401.0,LONG,OPPONENT_21_35,TRAILING,MID,FIELD_GOAL,1.623349198828671,0.02730722725391388
7.0,19.0,11.0,1147.0,LONG,RED_ZONE,LEADING,MID,FIELD_GOAL,0.4084123639672752,0.012626081705093384
25.0,95.0,-14.0,392.0,VERY_LONG,OWN_TERRITORY,TRAILING,MID,PUNT,-0.7418112012092024,-0.010075366124510765
1.0,56.0,-21.0,120.0,SHORT,OWN_TERRITORY,TRAILING,LATE,GO,-3.259766154224053,0.0002033498603850603
6.0,9.0,0.0,3334.0,LONG,RED_ZONE,TIED,EARLY,FIELD_GOAL,0.11386995191432225,-0.01290285587310791
20.0,59.0,-4.0,2728.0,VERY_LONG,OWN_TERRITORY,TRAILING,EARLY,PUNT,0.6852425783872604,0.044177234172821045
5.0,5.0,4.0,2293.0,MEDIUM,RED_ZONE,LEADING,EARLY,FIELD_GOAL,0.05368871296007294,-0.021060705184936523
2.0,57.0,-7.0,2254.0,SHORT,OWN_TERRITORY,TRAILING,EARLY,PUNT,-0.770999320782721,-0.0010464191436767578
22.0,91.0,7.0,2075.0,VERY_LONG,OWN_TERRITORY,LEADING,EARLY,PUNT,-1.1600249284529127,0.003778010606765747
10.0,23.0,-7.0,1930.0,LONG,OPPONENT_21_35,TRAILING,EARLY,FIELD_GOAL,0.7416394713701595,0.01775088906288147
12.0,69.0,4.0,1877.0,VERY_LONG,OWN_TERRITORY,LEADING,EARLY,PUNT,-0.956475815619342,0.008147329092025757
13.0,32.0,-3.0,689.0,VERY_LONG,OPPONENT_21_35,TRAILING,MID,FIELD_GOAL,1.6762286110032196,0.10310572385787964
12.0,56.0,0.0,482.0,VERY_LONG,OWN_TERRITORY,TIED,MID,PUNT,0.3253927007317543,0.09991267323493958
17.0,56.0,0.0,297.0,VERY_LONG,OWN_TERRITORY,TIED,LATE,PUNT,-0.4060720450943336,0.07168439030647278
7.0,30.0,0.0,144.0,LONG,OPPONENT_21_35,TIED,LATE,FIELD_GOAL,1.403799300875336,0.13157567381858826
4.0,59.0,-7.0,3178.0,MEDIUM,OWN_TERRITORY,TRAILING,EARLY,PUNT,-0.2985489978455007,-0.022776156663894653
1.0,2.0,7.0,2708.0,SHORT,RED_ZONE,LEADING,EARLY,GO,2.122018228896195,0.03615838289260864
15.0,70.0,6.0,2424.0,VERY_LONG,OWN_TERRITORY,LEADING,EARLY,PUNT,-0.2777545605786145,0.030194491147994995
8.0,65.0,-6.0,2357.0,LONG,OWN_TERRITORY,TRAILING,EARLY,PUNT,1.0820942565333098,0.04232427477836609
7.0,38.0,6.0,2005.0,LONG,MIDFIELD,LEADING,EARLY,FIELD_GOAL,2.4643296671550496,0.05864475667476654
8.0,71.0,-9.0,1953.0,LONG,OWN_TERRITORY,TRAILING,EARLY,PUNT,-2.153925083868671,-0.04256163537502289
20.0,70.0,-16.0,1825.0,VERY_LONG,OWN_TERRITORY,TRAILING,EARLY,PUNT,0.03143130475655198,0.022786781191825867
13.0,71.0,-16.0,1749.0,VERY_LONG,OWN_TERRITORY,TRAILING,MID,PUNT,0.8926411885768175,0.005640558898448944
9.0,82.0,-23.0,1294.0,LONG,OWN_TERRITORY,TRAILING,MID,PUNT,1.487387614324689,-0.003374540712684393
6.0,55.0,-30.0,869.0,LONG,OWN_TERRITORY,TRAILING,MID,GO,4.267810191842727,-0.000027014815714210272
7.0,18.0,-30.0,734.0,LONG,RED_ZONE,TRAILING,MID,GO,-2.9523678537807427,-0.00008896712097339332
4.0,45.0,30.0,388.0,MEDIUM,MIDFIELD,LEADING,MID,PUNT,-0.3747223406098783,0.00005633871478494257
3.0,40.0,-30.0,174.0,MEDIUM,MIDFIELD,TRAILING,LATE,GO,3.2116034331265837,-6.26406108494848e-6
3.0,18.0,-30.0,116.0,MEDIUM,RED_ZONE,TRAILING,LATE,GO,4.372620110865682,-0.00003204381209798157
1.0,66.0,-7.0,2485.0,SHORT,OWN_TERRITORY,TRAILING,EARLY,GO,-3.3514480114681646,-0.07215967774391174
4.0,4.0,7.0,2233.0,MEDIUM,RED_ZONE,LEADING,EARLY,FIELD_GOAL,0.046275047159597626,-0.014601945877075195
9.0,16.0,10.0,2019.0,LONG,RED_ZONE,LEADING,EARLY,FIELD_GOAL,0.2866979177492852,-0.0003581047058105469
6.0,6.0,-13.0,1453.0,LONG,RED_ZONE,TRAILING,MID,FIELD_GOAL,0.06832772269566423,-0.006129518151283264
11.0,56.0,10.0,1208.0,VERY_LONG,OWN_TERRITORY,LEADING,MID,PUNT,0.3263440579175949,-0.0008160918951034546
8.0,50.0,-17.0,32.0,LONG,MIDFIELD,TRAILING,LATE,GO,-1.3461279136827216,-0.000021281361114233732
3.0,64.0,0.0,3307.0,MEDIUM,OWN_TERRITORY,TIED,EARLY,PUNT,-0.04862911254167557,-0.011421263217926025
6.0,65.0,0.0,3172.0,LONG,OWN_TERRITORY,TIED,EARLY,PUNT,0.3578997324220836,0.02450290322303772
4.0,78.0,0.0,3084.0,MEDIUM,OWN_TERRITORY,TIED,EARLY,PUNT,-0.008281629299744964,0.005039483308792114
3.0,38.0,0.0,2287.0,MEDIUM,MIDFIELD,TIED,EARLY,GO,3.679499966907315,0.09782642126083374
7.0,66.0,-7.0,1875.0,LONG,OWN_TERRITORY,TRAILING,EARLY,PUNT,0.09868231526343152,-0.004037946462631226
5.0,31.0,-7.0,916.0,MEDIUM,OPPONENT_21_35,TRAILING,MID,GO,3.022049850318581,0.10430946946144104
7.0,43.0,0.0,690.0,LONG,MIDFIELD,TIED,MID,PUNT,-0.1255208847578615,0.04318609833717346
11.0,11.0,0.0,326.0,VERY_LONG,RED_ZONE,TIED,MID,FIELD_GOAL,0.13878312994566144,0.04050111770629883
5.0,26.0,-4.0,33.0,MEDIUM,OPPONENT_21_35,TRAILING,LATE,GO,2.1441667888429947,0.2060718536376953
1.0,56.0,0.0,3488.0,SHORT,OWN_TERRITORY,TIED,EARLY,GO,2.690494346898049,0.08230280876159668
11.0,11.0,-7.0,2987.0,VERY_LONG,RED_ZONE,TRAILING,EARLY,FIELD_GOAL,0.15310419168661493,0.006827354431152344
1.0,50.0,4.0,2788.0,SHORT,MIDFIELD,LEADING,EARLY,GO,3.4066057765157893,0.0817406177520752
2.0,23.0,4.0,2694.0,SHORT,OPPONENT_21_35,LEADING,EARLY,GO,2.031235671020113,0.05293142795562744
1.0,10.0,4.0,2569.0,SHORT,RED_ZONE,LEADING,EARLY,GO,1.4316049242625013,0.037941157817840576
7.0,43.0,-11.0,2360.0,LONG,MIDFIELD,TRAILING,EARLY,PUNT,0.1285038492642343,-0.004435092210769653
7.0,23.0,11.0,1822.0,LONG,OPPONENT_21_35,LEADING,EARLY,FIELD_GOAL,0.5315755407088378,0.007827095687389374
8.0,60.0,-14.0,1675.0,LONG,OWN_TERRITORY,TRAILING,MID,PUNT,0.7895990267861634,-0.00543937087059021
18.0,91.0,14.0,1493.0,VERY_LONG,OWN_TERRITORY,LEADING,MID,PUNT,1.2672469443641603,0.022788509726524353
8.0,34.0,7.0,1187.0,LONG,OPPONENT_21_35,LEADING,MID,FIELD_GOAL,1.9135088676250334,0.03993901610374451
5.0,5.0,-10.0,919.0,MEDIUM,RED_ZONE,TRAILING,MID,FIELD_GOAL,0.05650756140145363,-0.029171869158744812
7.0,40.0,7.0,816.0,LONG,MIDFIELD,LEADING,MID,FIELD_GOAL,-3.0274229244104,-0.06235000491142273
8.0,50.0,-7.0,698.0,LONG,MIDFIELD,TRAILING,MID,PUNT,-0.043523836648091674,0.02729785442352295
2.0,55.0,7.0,391.0,SHORT,OWN_TERRITORY,LEADING,MID,GO,2.611017717514187,0.0396079421043396
4.0,33.0,7.0,242.0,MEDIUM,OPPONENT_21_35,LEADING,LATE,FIELD_GOAL,1.7134990739141014,0.025569070130586624
1.0,34.0,7.0,10.0,SHORT,OPPONENT_21_35,LEADING,LATE,GO,-1.185409051075112,0.015607178211212158
6.0,9.0,0.0,3122.0,LONG,RED_ZONE,TIED,EARLY,FIELD_GOAL,0.09832560793114498,-0.01705789566040039
9.0,59.0,-3.0,2940.0,LONG,OWN_TERRITORY,TRAILING,EARLY,PUNT,0.07858628407120705,-0.022002726793289185
1.0,11.0,-3.0,2659.0,SHORT,RED_ZONE,TRAILING,EARLY,GO,1.900998279452324,0.05847078561782837
8.0,52.0,-4.0,2441.0,LONG,OWN_TERRITORY,TRAILING,EARLY,PUNT,-0.2981918987352401,0.005896031856536865
3.0,62.0,4.0,2313.0,MEDIUM,OWN_TERRITORY,LEADING,EARLY,PUNT,0.4518750230781734,-0.00741952657699585
10.0,11.0,-4.0,1822.0,LONG,RED_ZONE,TRAILING,EARLY,FIELD_GOAL,0.1208128680348679,-0.03227326273918152
24.0,35.0,1.0,1607.0,VERY_LONG,OPPONENT_21_35,LEADING,MID,FIELD_GOAL,2.3241987190130895,0.07891103625297546
1.0,10.0,-4.0,1073.0,SHORT,RED_ZONE,TRAILING,MID,GO,1.465237451135181,0.06449243426322937
6.0,61.0,-3.0,900.0,LONG,OWN_TERRITORY,TRAILING,MID,PUNT,-0.0028800745494663715,0.026111841201782227
11.0,69.0,3.0,674.0,VERY_LONG,OWN_TERRITORY,LEADING,MID,PUNT,-1.6959868643898517,-0.04003527760505676
7.0,29.0,-3.0,488.0,LONG,OPPONENT_21_35,TRAILING,MID,FIELD_GOAL,1.3954860999262864,0.09379592537879944
8.0,26.0,-7.0,20.0,LONG,OPPONENT_21_35,TRAILING,LATE,GO,-1.6607163475709967,-0.05936487764120102
16.0,81.0,0.0,3512.0,VERY_LONG,OWN_TERRITORY,TIED,EARLY,PUNT,-0.05963797541335225,0.023254424333572388
8.0,50.0,0.0,3342.0,LONG,MIDFIELD,TIED,EARLY,PUNT,-0.7611934700980783,-0.013834774494171143
24.0,51.0,0.0,2984.0,VERY_LONG,OWN_TERRITORY,TIED,EARLY,PUNT,-0.23858020827174187,0.043171703815460205
22.0,59.0,7.0,2480.0,VERY_LONG,OWN_TERRITORY,LEADING,EARLY,PUNT,-0.5135935482103378,0.013194799423217773
1.0,3.0,-7.0,1996.0,SHORT,RED_ZONE,TRAILING,EARLY,GO,2.047757041727891,0.07810932397842407
4.0,4.0,-7.0,1870.0,MEDIUM,RED_ZONE,TRAILING,EARLY,GO,4.154585028882138,0.1391193142716316
6.0,56.0,0.0,1826.0,LONG,OWN_TERRITORY,TIED,EARLY,PUNT,-0.40443780523492023,0.047325968742370605
6.0,53.0,0.0,1571.0,LONG,OWN_TERRITORY,TIED,MID,PUNT,-0.40323624247685075,0.04803234338760376
3.0,79.0,0.0,1484.0,MEDIUM,OWN_TERRITORY,TIED,MID,PUNT,-0.3036416918039322,0.03281545639038086
13.0,34.0,0.0,1087.0,VERY_LONG,OPPONENT_21_35,TIED,MID,FIELD_GOAL,1.6546579937857526,0.09008249640464783
6.0,38.0,3.0,1022.0,LONG,MIDFIELD,LEADING,MID,FIELD_GOAL,2.244878707424093,0.04323896765708923
20.0,50.0,6.0,783.0,VERY_LONG,MIDFIELD,LEADING,MID,PUNT,-0.36617197608575225,0.02208249270915985
8.0,71.0,-6.0,541.0,LONG,OWN_TERRITORY,TRAILING,MID,PUNT,1.4859572724672034,0.03657723218202591
5.0,94.0,6.0,444.0,MEDIUM,OWN_TERRITORY,LEADING,MID,PUNT,-0.41392590128816664,0.06218501925468445
8.0,30.0,-6.0,284.0,LONG,OPPONENT_21_35,TRAILING,LATE,FIELD_GOAL,1.2501522399433522,0.03346031904220581
4.0,24.0,10.0,68.0,MEDIUM,OPPONENT_21_35,LEADING,LATE,FIELD_GOAL,0.7196649284030538,-0.0012813741341233253
14.0,69.0,-7.0,3388.0,VERY_LONG,OWN_TERRITORY,TRAILING,EARLY,PUNT,-0.2394990916363895,0.04920881986618042
12.0,61.0,-14.0,3009.0,VERY_LONG,OWN_TERRITORY,TRAILING,EARLY,PUNT,-0.12059686612337828,0.031089887022972107
9.0,67.0,14.0,2835.0,LONG,OWN_TERRITORY,LEADING,EARLY,PUNT,0.059064982924610376,0.011173665523529053
4.0,76.0,-14.0,2743.0,MEDIUM,OWN_TERRITORY,TRAILING,EARLY,PUNT,0.7292243503034115,0.027786940336227417
13.0,52.0,14.0,2472.0,VERY_LONG,OWN_TERRITORY,LEADING,EARLY,PUNT,0.24884692672640085,0.018466994166374207
3.0,85.0,-14.0,2388.0,MEDIUM,OWN_TERRITORY,TRAILING,EARLY,PUNT,-0.2519788979552686,0.03696180880069733
4.0,9.0,-14.0,2173.0,MEDIUM,RED_ZONE,TRAILING,EARLY,FIELD_GOAL,0.059930595547813326,-0.01347370445728302
5.0,58.0,11.0,2005.0,MEDIUM,OWN_TERRITORY,LEADING,EARLY,PUNT,-0.0045089933555573225,-0.014360561966896057
13.0,14.0,-11.0,1814.0,VERY_LONG,RED_ZONE,TRAILING,EARLY,FIELD_GOAL,-2.86706940907319,-0.03967662155628204
4.0,59.0,-11.0,1712.0,MEDIUM,OWN_TERRITORY,TRAILING,MID,PUNT,-0.4176555974408984,-0.023075222969055176
4.0,79.0,11.0,1619.0,MEDIUM,OWN_TERRITORY,LEADING,MID,PUNT,-0.1184834020677954,-0.010466054081916809
15.0,75.0,-11.0,1485.0,VERY_LONG,OWN_TERRITORY,TRAILING,MID,PUNT,-1.415024635847658,-0.00801759958267212
13.0,23.0,11.0,1267.0,VERY_LONG,OPPONENT_21_35,LEADING,MID,FIELD_GOAL,0.7556033353318314,0.0020673424005508423
7.0,54.0,7.0,804.0,LONG,OWN_TERRITORY,LEADING,MID,PUNT,0.4599070721305907,0.052754178643226624
8.0,79.0,-7.0,642.0,LONG,OWN_TERRITORY,TRAILING,MID,PUNT,-0.7637749786954373,-0.0025889649987220764
5.0,26.0,7.0,393.0,MEDIUM,OPPONENT_21_35,LEADING,MID,FIELD_GOAL,1.013040833397441,0.031082026660442352
6.0,15.0,0.0,3378.0,LONG,RED_ZONE,TIED,EARLY,FIELD_GOAL,0.28849319421731723,0.012737810611724854
10.0,60.0,3.0,2038.0,LONG,OWN_TERRITORY,LEADING,EARLY,PUNT,-0.9227900810074061,-0.02255457639694214
24.0,71.0,-3.0,1920.0,VERY_LONG,OWN_TERRITORY,TRAILING,EARLY,PUNT,0.6642841892316937,0.05431327223777771
7.0,87.0,3.0,1863.0,LONG,OWN_TERRITORY,LEADING,EARLY,PUNT,-0.8254302713903598,0.007348209619522095
12.0,66.0,-3.0,1698.0,VERY_LONG,OWN_TERRITORY,TRAILING,MID,PUNT,0.17368696816265583,0.025197088718414307
14.0,73.0,3.0,1514.0,VERY_LONG,OWN_TERRITORY,LEADING,MID,PUNT,0.8183538299053907,0.039926886558532715
3.0,16.0,-3.0,989.0,MEDIUM,RED_ZONE,TRAILING,MID,FIELD_GOAL,0.28210652701895134,-0.022158294916152954
13.0,68.0,0.0,852.0,VERY_LONG,OWN_TERRITORY,TIED,MID,PUNT,-0.2127754557877779,0.056550025939941406
1.0,24.0,0.0,570.0,SHORT,OPPONENT_21_35,TIED,MID,GO,-4.303672509151511,-0.09495365619659424
13.0,24.0,0.0,423.0,VERY_LONG,OPPONENT_21_35,TIED,MID,FIELD_GOAL,0.7594359361060201,0.11466965079307556
11.0,51.0,-3.0,191.0,VERY_LONG,OWN_TERRITORY,TRAILING,LATE,GO,-2.5142407650128007,-0.07276129722595215
1.0,39.0,3.0,120.0,SHORT,MIDFIELD,LEADING,LATE,GO,1.297969374456443,0.06222623586654663
9.0,35.0,3.0,24.0,LONG,OPPONENT_21_35,LEADING,LATE,FIELD_GOAL,1.1488882523618953,0.006538007408380508
7.0,70.0,0.0,3515.0,LONG,OWN_TERRITORY,TIED,EARLY,PUNT,1.0735844217706472,0.059442609548568726
1.0,85.0,0.0,3413.0,SHORT,OWN_TERRITORY,TIED,EARLY,PUNT,-0.18144167563878,-0.0003304481506347656
1.0,11.0,-7.0,2764.0,SHORT,RED_ZONE,TRAILING,EARLY,GO,-4.422835243167356,-0.05751517415046692
9.0,52.0,7.0,2401.0,LONG,OWN_TERRITORY,LEADING,EARLY,PUNT,-0.13578020967543125,0.018658459186553955
11.0,41.0,-14.0,2062.0,VERY_LONG,MIDFIELD,TRAILING,EARLY,PUNT,-0.05563485331367701,0.0027962177991867065
7.0,96.0,14.0,1920.0,LONG,OWN_TERRITORY,LEADING,EARLY,PUNT,-0.5288417551200837,-0.001864999532699585
6.0,51.0,-21.0,1712.0,LONG,OWN_TERRITORY,TRAILING,MID,GO,5.7019495064159855,0.03513094037771225
12.0,17.0,-21.0,1572.0,VERY_LONG,RED_ZONE,TRAILING,MID,FIELD_GOAL,0.3437658073869416,-0.006831761449575424
10.0,37.0,18.0,1371.0,LONG,MIDFIELD,LEADING,MID,FIELD_GOAL,2.093705374754732,-0.0011958852410316467
4.0,19.0,14.0,943.0,MEDIUM,RED_ZONE,LEADING,MID,FIELD_GOAL,-9.526709006185285,-0.12711102973068567
4.0,57.0,7.0,829.0,MEDIUM,OWN_TERRITORY,LEADING,MID,PUNT,-0.4753356846049428,0.03486020863056183
2.0,27.0,-7.0,553.0,SHORT,OPPONENT_21_35,TRAILING,MID,GO,-4.71855225705076,-0.08843325078487396
1.0,49.0,7.0,454.0,SHORT,MIDFIELD,LEADING,MID,PUNT,-1.134850618429482,-0.013333797454833984
8.0,33.0,0.0,25.0,LONG,OPPONENT_21_35,TIED,LATE,FIELD_GOAL,1.0509441861355078,0.18806635588407516
10.0,65.0,-3.0,5.0,LONG,OWN_TERRITORY,TRAILING,LATE,GO,0.0058043767348863184,-0.07824844121932983
2.0,63.0,-7.0,3260.0,SHORT,OWN_TERRITORY,TRAILING,EARLY,PUNT,0.13441307842731476,-0.0001266002655029297
11.0,21.0,-21.0,2399.0,VERY_LONG,OPPONENT_21_35,TRAILING,EARLY,FIELD_GOAL,0.608819442438489,-0.006711743772029877
3.0,20.0,18.0,2141.0,MEDIUM,RED_ZONE,LEADING,EARLY,GO,2.692295679531526,0.011822402477264404
3.0,3.0,18.0,1983.0,MEDIUM,RED_ZONE,LEADING,EARLY,GO,4.064213260309771,0.030590053322495647
4.0,59.0,-25.0,1915.0,MEDIUM,OWN_TERRITORY,TRAILING,EARLY,PUNT,0.2224926199996844,-0.019797714427113533
2.0,57.0,-32.0,1749.0,SHORT,OWN_TERRITORY,TRAILING,MID,GO,2.8565037888474762,0.004547426011413336
6.0,50.0,-32.0,1610.0,LONG,MIDFIELD,TRAILING,MID,GO,-2.9427294286433607,-0.00036192010156810284
11.0,44.0,-39.0,1240.0,VERY_LONG,MIDFIELD,TRAILING,MID,GO,-1.511737811844796,-0.00008402194362133741
2.0,23.0,39.0,1012.0,SHORT,OPPONENT_21_35,LEADING,MID,FIELD_GOAL,-3.740558924399685,0.0000689812222844921
7.0,70.0,32.0,777.0,LONG,OWN_TERRITORY,LEADING,MID,PUNT,0.3574328450486064,0.00009618778130970895
8.0,8.0,-32.0,243.0,LONG,RED_ZONE,TRAILING,LATE,GO,-2.866814161359798,-0.00046052003744989634
6.0,87.0,32.0,153.0,LONG,OWN_TERRITORY,LEADING,LATE,PUNT,-0.4894390347180888,0.00007364666817011312
4.0,52.0,-32.0,116.0,MEDIUM,OWN_TERRITORY,TRAILING,LATE,GO,2.5948144706198946,0.000027603800845099613
8.0,20.0,-32.0,58.0,LONG,RED_ZONE,TRAILING,LATE,GO,-2.414927751990035,7.306371117010713e-7
5.0,49.0,0.0,3439.0,MEDIUM,MIDFIELD,TIED,EARLY,PUNT,-0.7417385333683342,0.02022072672843933
12.0,82.0,0.0,3350.0,VERY_LONG,OWN_TERRITORY,TIED,EARLY,PUNT,-1.506873746518977,-0.05524241924285889
7.0,32.0,0.0,3255.0,LONG,OPPONENT_21_35,TIED,EARLY,FIELD_GOAL,1.826910838881831,0.04993540048599243
6.0,25.0,-3.0,3161.0,LONG,OPPONENT_21_35,TRAILING,EARLY,FIELD_GOAL,-4.061707006595363,-0.13249358534812927
9.0,20.0,3.0,2975.0,LONG,RED_ZONE,LEADING,EARLY,FIELD_GOAL,0.5538499951863924,0.027033835649490356
4.0,74.0,-6.0,2835.0,MEDIUM,OWN_TERRITORY,TRAILING,EARLY,PUNT,-0.6443705968558788,-0.006020963191986084
2.0,43.0,6.0,2588.0,SHORT,MIDFIELD,LEADING,EARLY,GO,6.407523418776691,0.147726668528937
6.0,38.0,-13.0,2158.0,LONG,MIDFIELD,TRAILING,EARLY,FIELD_GOAL,2.4777382136530166,0.05545023828744888
10.0,10.0,3.0,1343.0,LONG,RED_ZONE,LEADING,MID,FIELD_GOAL,0.13136723636767655,-0.01389893889427185
9.0,39.0,-6.0,1016.0,LONG,MIDFIELD,TRAILING,MID,FIELD_GOAL,2.7674002915172338,0.05070421099662781
12.0,40.0,3.0,775.0,VERY_LONG,MIDFIELD,LEADING,MID,FIELD_GOAL,3.0630307295734216,0.0664842277765274
6.0,64.0,6.0,537.0,LONG,OWN_TERRITORY,LEADING,MID,PUNT,-0.15102940099313855,-0.0044241249561309814
17.0,72.0,-1.0,303.0,VERY_LONG,OWN_TERRITORY,TRAILING,MID,PUNT,-0.33060221967753023,-0.06527823209762573
10.0,37.0,-8.0,129.0,LONG,MIDFIELD,TRAILING,LATE,GO,-2.2799415001063608,-0.037626128643751144
13.0,65.0,8.0,107.0,VERY_LONG,OWN_TERRITORY,LEADING,LATE,PUNT,-0.7265765389893204,-0.03296303749084473
11.0,57.0,-8.0,26.0,VERY_LONG,OWN_TERRITORY,TRAILING,LATE,GO,1.0734898351947777,0.024911019951105118
24.0,59.0,0.0,3339.0,VERY_LONG,OWN_TERRITORY,TIED,EARLY,PUNT,-0.15891785640269518,0.025706052780151367
1.0,75.0,0.0,3251.0,SHORT,OWN_TERRITORY,TIED,EARLY,PUNT,-0.9065923129674047,0.012285977602005005
5.0,68.0,0.0,3178.0,MEDIUM,OWN_TERRITORY,TIED,EARLY,PUNT,-0.403161633759737,0.014076679944992065
1.0,51.0,0.0,3021.0,SHORT,OWN_TERRITORY,TIED,EARLY,GO,2.5571436325553805,0.060566246509552
8.0,24.0,-7.0,2386.0,LONG,OPPONENT_21_35,TRAILING,EARLY,FIELD_GOAL,0.9035087862933158,0.035714179277420044
14.0,69.0,-11.0,2011.0,VERY_LONG,OWN_TERRITORY,TRAILING,EARLY,PUNT,0.5007888099644333,0.01917138695716858
14.0,14.0,11.0,1802.0,VERY_LONG,RED_ZONE,LEADING,EARLY,FIELD_GOAL,0.12847451432189771,-0.026308730244636536
21.0,74.0,-14.0,1625.0,VERY_LONG,OWN_TERRITORY,TRAILING,MID,PUNT,0.48342003347352147,-0.002306602895259857
5.0,5.0,14.0,1341.0,MEDIUM,RED_ZONE,LEADING,MID,FIELD_GOAL,0.023597273478143777,-0.004889719188213348
6.0,40.0,-17.0,1163.0,LONG,MIDFIELD,TRAILING,MID,GO,4.447306085727178,0.046964723616838455
2.0,13.0,-17.0,1048.0,SHORT,RED_ZONE,TRAILING,MID,GO,2.7428652429953218,0.03570305556058884
4.0,4.0,-17.0,936.0,MEDIUM,RED_ZONE,TRAILING,MID,GO,3.9889448758913204,0.07383838943615384
1.0,2.0,17.0,225.0,SHORT,RED_ZONE,LEADING,LATE,GO,2.866365804336965,0.00041004037484526634
16.0,47.0,-24.0,108.0,VERY_LONG,MIDFIELD,TRAILING,LATE,GO,0.06798984529450536,-0.00006786147423554212
2.0,64.0,0.0,3538.0,SHORT,OWN_TERRITORY,TIED,EARLY,PUNT,0.5886189797893167,0.0009408295154571533
17.0,59.0,0.0,3226.0,VERY_LONG,OWN_TERRITORY,TIED,EARLY,PUNT,0.5896877837367356,0.0028063058853149414
4.0,70.0,0.0,3065.0,MEDIUM,OWN_TERRITORY,TIED,EARLY,PUNT,-0.18135100998915732,0.023848801851272583
8.0,44.0,-7.0,2467.0,LONG,MIDFIELD,TRAILING,EARLY,PUNT,-0.7754322083201259,-0.006696969270706177
5.0,29.0,7.0,2107.0,MEDIUM,OPPONENT_21_35,LEADING,EARLY,FIELD_GOAL,1.2203730239234383,0.03173145651817322
12.0,70.0,-10.0,1980.0,VERY_LONG,OWN_TERRITORY,TRAILING,EARLY,PUNT,-0.20738466701004654,0.010313764214515686
5.0,10.0,10.0,1811.0,MEDIUM,RED_ZONE,LEADING,EARLY,FIELD_GOAL,0.10347309303754715,-0.011280715465545654
1.0,71.0,-13.0,1712.0,SHORT,OWN_TERRITORY,TRAILING,MID,PUNT,-0.21395986760035157,-0.01715228706598282
12.0,65.0,13.0,1570.0,VERY_LONG,OWN_TERRITORY,LEADING,MID,PUNT,0.36985476268455386,-0.005482956767082214
15.0,52.0,-13.0,1296.0,VERY_LONG,OWN_TERRITORY,TRAILING,MID,PUNT,0.14577129483222961,-0.01632746309041977
10.0,84.0,13.0,1274.0,LONG,OWN_TERRITORY,LEADING,MID,PUNT,0.39243586268275976,-0.02755524218082428
3.0,3.0,-13.0,1045.0,MEDIUM,RED_ZONE,TRAILING,MID,GO,-1.8980934571591206,-0.07550528645515442
8.0,97.0,13.0,913.0,LONG,OWN_TERRITORY,LEADING,MID,PUNT,-0.5131838647648692,-0.029858604073524475
27.0,46.0,-13.0,776.0,VERY_LONG,MIDFIELD,TRAILING,MID,PUNT,-0.7909349882975221,-0.026079829782247543
6.0,76.0,13.0,674.0,LONG,OWN_TERRITORY,LEADING,MID,PUNT,-1.031764118699357,-0.026665285229682922
12.0,72.0,7.0,209.0,VERY_LONG,OWN_TERRITORY,LEADING,LATE,PUNT,0.7470206243451685,-0.012490570545196533
10.0,71.0,-7.0,111.0,LONG,OWN_TERRITORY,TRAILING,LATE,GO,2.9979140272480436,0.12794934958219528
1.0,1.0,-7.0,8.0,SHORT,RED_ZONE,TRAILING,LATE,GO,3.7264618258341216,0.29051681862771517
7.0,32.0,0.0,3352.0,LONG,OPPONENT_21_35,TIED,EARLY,FIELD_GOAL,1.8372582254490588,0.052139341831207275
2.0,66.0,-3.0,3220.0,SHORT,OWN_TERRITORY,TRAILING,EARLY,PUNT,0.32917082821950316,-0.021328359842300415
13.0,25.0,-10.0,2698.0,VERY_LONG,OPPONENT_21_35,TRAILING,EARLY,FIELD_GOAL,0.8083632537052563,0.055828675627708435
6.0,33.0,7.0,2418.0,LONG,OPPONENT_21_35,LEADING,EARLY,GO,-2.654099125182256,-0.0540812611579895
6.0,47.0,-7.0,2318.0,LONG,MIDFIELD,TRAILING,EARLY,PUNT,-0.5545266538392752,0.0015752315521240234
1.0,22.0,-7.0,1970.0,SHORT,OPPONENT_21_35,TRAILING,EARLY,GO,-3.195384125225246,-0.08015477657318115
2.0,70.0,7.0,1920.0,SHORT,OWN_TERRITORY,LEADING,EARLY,PUNT,-0.039608011255040765,-0.01063808798789978
4.0,22.0,-7.0,1803.0,MEDIUM,OPPONENT_21_35,TRAILING,EARLY,FIELD_GOAL,0.4517703796464181,0.04777991771697998
6.0,57.0,-4.0,1622.0,LONG,OWN_TERRITORY,TRAILING,MID,PUNT,0.16817635903134942,0.008618652820587158
13.0,68.0,4.0,1268.0,VERY_LONG,OWN_TERRITORY,LEADING,MID,PUNT,0.4804946412332356,0.01548844575881958
19.0,36.0,-4.0,779.0,VERY_LONG,MIDFIELD,TRAILING,MID,FIELD_GOAL,-3.1467765453267598,-0.07727235555648804
5.0,46.0,-4.0,591.0,MEDIUM,MIDFIELD,TRAILING,MID,PUNT,-0.5409408118575811,0.005656629800796509
4.0,82.0,4.0,435.0,MEDIUM,OWN_TERRITORY,LEADING,MID,PUNT,-0.6817992855794728,-0.045624345541000366
6.0,53.0,-4.0,301.0,LONG,OWN_TERRITORY,TRAILING,MID,PUNT,0.19728128123097122,0.0328250378370285
1.0,81.0,4.0,144.0,SHORT,OWN_TERRITORY,LEADING,LATE,PUNT,0.16741504101082683,0.005395829677581787
10.0,80.0,-4.0,122.0,LONG,OWN_TERRITORY,TRAILING,LATE,GO,-3.1587820211425424,-0.0884665995836258
5.0,15.0,4.0,104.0,MEDIUM,RED_ZONE,LEADING,LATE,FIELD_GOAL,0.2354711888758665,-0.028466880321502686
7.0,7.0,-7.0,21.0,LONG,RED_ZONE,TRAILING,LATE,GO,-2.534468628524337,-0.09177388995885849
9.0,53.0,0.0,3496.0,LONG,OWN_TERRITORY,TIED,EARLY,PUNT,-0.22293879091739655,0.0272446870803833
14.0,73.0,0.0,3348.0,VERY_LONG,OWN_TERRITORY,TIED,EARLY,PUNT,0.8171966010704637,0.03918561339378357
5.0,75.0,0.0,3220.0,MEDIUM,OWN_TERRITORY,TIED,EARLY,PUNT,0.09765704954043031,0.03505212068557739
4.0,30.0,0.0,2908.0,MEDIUM,OPPONENT_21_35,TIED,EARLY,FIELD_GOAL,1.3830464478305464,0.03927356004714966
9.0,64.0,-3.0,2820.0,LONG,OWN_TERRITORY,TRAILING,EARLY,PUNT,0.33732029190286994,-0.0035569965839385986
7.0,58.0,3.0,2610.0,LONG,OWN_TERRITORY,LEADING,EARLY,PUNT,-0.19886381039395928,-0.038570672273635864
1.0,48.0,-3.0,2399.0,SHORT,MIDFIELD,TRAILING,EARLY,GO,1.7842922472627833,0.06464910507202148
4.0,41.0,-3.0,2220.0,MEDIUM,MIDFIELD,TRAILING,EARLY,GO,-2.5493327537551522,-0.07675832509994507
1.0,17.0,-3.0,2030.0,SHORT,RED_ZONE,TRAILING,EARLY,FIELD_GOAL,0.31537283161281504,0.007396131753921509
1.0,39.0,0.0,1826.0,SHORT,MIDFIELD,TIED,EARLY,GO,-1.4100091850850731,-0.09103000164031982
1.0,60.0,-14.0,1153.0,SHORT,OWN_TERRITORY,TRAILING,MID,GO,2.5118109395261854,0.03216208517551422
10.0,12.0,7.0,336.0,LONG,RED_ZONE,LEADING,MID,FIELD_GOAL,0.15409080375430584,0.013113535940647125
17.0,80.0,-10.0,227.0,VERY_LONG,OWN_TERRITORY,TRAILING,LATE,GO,-2.4395439544459805,-0.01658438891172409
16.0,71.0,0.0,3489.0,VERY_LONG,OWN_TERRITORY,TIED,EARLY,PUNT,-0.3171959426254034,0.032534271478652954
1.0,44.0,0.0,3322.0,SHORT,MIDFIELD,TIED,EARLY,GO,2.2979153720662,0.06065365672111511
6.0,54.0,0.0,2646.0,LONG,OWN_TERRITORY,TIED,EARLY,PUNT,0.18479475658386946,0.025272369384765625
11.0,11.0,0.0,2303.0,VERY_LONG,RED_ZONE,TIED,EARLY,FIELD_GOAL,0.14845427621674956,0.011664718389511108
6.0,37.0,-10.0,1827.0,LONG,MIDFIELD,TRAILING,EARLY,FIELD_GOAL,-2.040968338499943,-0.04568769037723541
3.0,58.0,-10.0,1714.0,MEDIUM,OWN_TERRITORY,TRAILING,MID,PUNT,-1.0629637138918042,-0.013934284448623657
22.0,81.0,10.0,1627.0,VERY_LONG,OWN_TERRITORY,LEADING,MID,PUNT,0.604813379701227,0.021778494119644165
15.0,15.0,-10.0,1133.0,VERY_LONG,RED_ZONE,TRAILING,MID,FIELD_GOAL,0.24145258972050554,0.028254717588424683
3.0,13.0,7.0,859.0,MEDIUM,RED_ZONE,LEADING,MID,FIELD_GOAL,0.19687404941587294,-0.016375645995140076
7.0,62.0,-10.0,767.0,LONG,OWN_TERRITORY,TRAILING,MID,PUNT,0.8001512070186436,0.005616471171379089
1.0,73.0,10.0,525.0,SHORT,OWN_TERRITORY,LEADING,MID,PUNT,-0.13920461339876056,-0.016199953854084015
11.0,75.0,10.0,328.0,VERY_LONG,OWN_TERRITORY,LEADING,MID,PUNT,-0.03562114294618368,0.010955795645713806
1.0,49.0,-10.0,271.0,SHORT,MIDFIELD,TRAILING,LATE,GO,2.6958169190911576,0.05511961132287979
4.0,39.0,10.0,120.0,MEDIUM,MIDFIELD,LEADING,LATE,PUNT,-0.4145206325338222,-0.0063356664031744
3.0,16.0,0.0,3371.0,MEDIUM,RED_ZONE,TIED,EARLY,FIELD_GOAL,0.2689334633131417,-0.01724827289581299
18.0,27.0,-3.0,2910.0,VERY_LONG,OPPONENT_21_35,TRAILING,EARLY,FIELD_GOAL,1.0030691854285516,0.0390259325504303
13.0,23.0,0.0,2509.0,VERY_LONG,OPPONENT_21_35,TIED,EARLY,FIELD_GOAL,0.855768422790574,0.02629968523979187
16.0,38.0,-3.0,2380.0,VERY_LONG,MIDFIELD,TRAILING,EARLY,FIELD_GOAL,2.026693406655936,0.07395437359809875
2.0,2.0,0.0,1886.0,SHORT,RED_ZONE,TIED,EARLY,GO,3.7414534314302728,0.08097471923132493
2.0,22.0,7.0,1805.0,SHORT,OPPONENT_21_35,LEADING,EARLY,FIELD_GOAL,0.4615107526007849,0.005947291851043701
16.0,73.0,10.0,1733.0,VERY_LONG,OWN_TERRITORY,LEADING,MID,PUNT,-0.04624936170876026,0.025805532932281494
8.0,71.0,-10.0,1586.0,LONG,OWN_TERRITORY,TRAILING,MID,GO,4.4010514167603105,0.0779944360256195
10.0,68.0,3.0,1518.0,LONG,OWN_TERRITORY,LEADING,MID,PUNT,-0.027986997738480568,-0.009639173746109009
16.0,86.0,-3.0,820.0,VERY_LONG,OWN_TERRITORY,TRAILING,MID,PUNT,0.5150819837581366,0.012690335512161255
12.0,67.0,-10.0,567.0,VERY_LONG,OWN_TERRITORY,TRAILING,MID,PUNT,0.04621366877108812,-0.006490699946880341
3.0,11.0,-17.0,115.0,MEDIUM,RED_ZONE,TRAILING,LATE,GO,-2.6169493267079815,-0.0015861933352425694
3.0,38.0,0.0,3361.0,MEDIUM,MIDFIELD,TIED,EARLY,GO,6.658157253172249,0.16241907239745224
11.0,47.0,-7.0,3271.0,VERY_LONG,MIDFIELD,TRAILING,EARLY,PUNT,-0.046723495703190565,0.001008063554763794
19.0,68.0,7.0,3011.0,VERY_LONG,OWN_TERRITORY,LEADING,EARLY,PUNT,-0.038531910395249724,-0.01309967041015625
1.0,55.0,-7.0,2807.0,SHORT,OWN_TERRITORY,TRAILING,EARLY,GO,-3.3335441041272134,-0.06343623995780945
5.0,22.0,7.0,2617.0,MEDIUM,OPPONENT_21_35,LEADING,EARLY,FIELD_GOAL,0.6343562212656786,0.006477236747741699
6.0,39.0,-10.0,2336.0,LONG,MIDFIELD,TRAILING,EARLY,FIELD_GOAL,2.8320919934062543,0.07690432667732239
14.0,69.0,7.0,2182.0,VERY_LONG,OWN_TERRITORY,LEADING,EARLY,PUNT,0.6721618622541428,0.027407288551330566
15.0,88.0,-7.0,2147.0,VERY_LONG,OWN_TERRITORY,TRAILING,EARLY,PUNT,0.502179074799642,0.016662269830703735
8.0,42.0,7.0,1999.0,LONG,MIDFIELD,LEADING,EARLY,PUNT,-0.15370932745281607,-0.05691760778427124
1.0,2.0,-7.0,1444.0,SHORT,RED_ZONE,TRAILING,MID,GO,2.0601758329721633,0.099293053150177
2.0,7.0,0.0,1171.0,SHORT,RED_ZONE,TIED,MID,FIELD_GOAL,0.07617755789608838,-0.002496778964996338
8.0,64.0,-3.0,975.0,LONG,OWN_TERRITORY,TRAILING,MID,PUNT,0.5695101721212268,-0.001849830150604248
11.0,62.0,3.0,662.0,VERY_LONG,OWN_TERRITORY,LEADING,MID,PUNT,-0.5521343527361751,-0.011021912097930908
7.0,50.0,-2.0,21.0,LONG,MIDFIELD,TRAILING,LATE,GO,1.884433873463422,0.3494448661804199
10.0,50.0,-7.0,3152.0,LONG,MIDFIELD,TRAILING,EARLY,PUNT,-0.4294184800237417,-0.020344197750091553
8.0,11.0,7.0,2821.0,LONG,RED_ZONE,LEADING,EARLY,FIELD_GOAL,0.15213735102808235,-0.015968263149261475
13.0,48.0,-10.0,2698.0,VERY_LONG,MIDFIELD,TRAILING,EARLY,PUNT,0.4768223559949547,0.05469930171966553
10.0,56.0,3.0,2070.0,LONG,OWN_TERRITORY,LEADING,EARLY,PUNT,0.16064472147263587,0.002200216054916382
1.0,56.0,-6.0,1690.0,SHORT,OWN_TERRITORY,TRAILING,MID,GO,2.6624749903567135,0.06068462133407593
12.0,36.0,-6.0,1531.0,VERY_LONG,MIDFIELD,TRAILING,MID,FIELD_GOAL,-3.4369774568946188,-0.02929721772670746
7.0,53.0,6.0,1394.0,LONG,OWN_TERRITORY,LEADING,MID,PUNT,0.37344878911972046,0.013888716697692871
12.0,78.0,-6.0,1177.0,VERY_LONG,OWN_TERRITORY,TRAILING,MID,PUNT,0.43066731304861605,0.02998146414756775
5.0,30.0,6.0,857.0,MEDIUM,OPPONENT_21_35,LEADING,MID,FIELD_GOAL,1.4843048210196803,0.04463037848472595
5.0,20.0,9.0,318.0,MEDIUM,RED_ZONE,LEADING,MID,FIELD_GOAL,-3.4793886605409905,-0.023610852658748627
8.0,48.0,-9.0,190.0,LONG,MIDFIELD,TRAILING,LATE,GO,5.342078316403786,0.10630772262811661
9.0,44.0,2.0,26.0,LONG,MIDFIELD,LEADING,LATE,PUNT,-0.20234653665102087,-0.050870381295681
5.0,61.0,0.0,3472.0,MEDIUM,OWN_TERRITORY,TIED,EARLY,PUNT,0.696485590422526,0.029859691858291626
6.0,72.0,-6.0,3089.0,LONG,OWN_TERRITORY,TRAILING,EARLY,PUNT,-0.22685487079434097,0.019474565982818604
6.0,50.0,-8.0,2391.0,LONG,MIDFIELD,TRAILING,EARLY,PUNT,-0.18643601308576763,0.043150290846824646
18.0,74.0,8.0,2239.0,VERY_LONG,OWN_TERRITORY,LEADING,EARLY,PUNT,0.5599150231573731,0.04753135144710541
8.0,76.0,-8.0,2186.0,LONG,OWN_TERRITORY,TRAILING,EARLY,PUNT,-0.000345323933288455,0.012443169951438904
4.0,64.0,8.0,2091.0,MEDIUM,OWN_TERRITORY,LEADING,EARLY,PUNT,-0.009272380266338587,-0.030919894576072693
1.0,56.0,2.0,1693.0,SHORT,OWN_TERRITORY,LEADING,MID,GO,2.7333873165771365,0.0972554087638855
9.0,9.0,2.0,1385.0,LONG,RED_ZONE,LEADING,MID,FIELD_GOAL,0.09820300617881417,0.005458354949951172
1.0,47.0,-5.0,1185.0,SHORT,MIDFIELD,TRAILING,MID,GO,2.1007070972118527,0.07220816612243652
10.0,44.0,-5.0,1022.0,LONG,MIDFIELD,TRAILING,MID,PUNT,-0.08470788761042058,-0.021679461002349854
5.0,41.0,5.0,642.0,MEDIUM,MIDFIELD,LEADING,MID,PUNT,-0.46932921349070966,-0.038109153509140015
15.0,50.0,-5.0,236.0,VERY_LONG,MIDFIELD,TRAILING,LATE,PUNT,0.18157132668420672,0.04104548692703247
1.0,82.0,5.0,170.0,SHORT,OWN_TERRITORY,LEADING,LATE,PUNT,-0.8488154427614063,-0.06454747915267944
3.0,31.0,-1.0,3.0,MEDIUM,OPPONENT_21_35,TRAILING,LATE,FIELD_GOAL,0.9585516078546759,0.45829784870147705
11.0,49.0,0.0,3459.0,VERY_LONG,MIDFIELD,TIED,EARLY,PUNT,1.2363535985350609,0.04160362482070923
8.0,26.0,0.0,3260.0,LONG,OPPONENT_21_35,TIED,EARLY,FIELD_GOAL,1.086051943472023,0.020869076251983643
4.0,4.0,-3.0,3024.0,MEDIUM,RED_ZONE,TRAILING,EARLY,FIELD_GOAL,0.048123596042890515,-0.02871730923652649
17.0,17.0,0.0,2780.0,VERY_LONG,RED_ZONE,TIED,EARLY,FIELD_GOAL,0.3521644099689265,0.030945122241973877
3.0,4.0,-4.0,2388.0,MEDIUM,RED_ZONE,TRAILING,EARLY,FIELD_GOAL,0.04526240322905073,-0.06549513339996338
2.0,3.0,1.0,1974.0,SHORT,RED_ZONE,LEADING,EARLY,GO,-3.235903148946818,-0.144741028547287
4.0,82.0,-6.0,1667.0,MEDIUM,OWN_TERRITORY,TRAILING,MID,PUNT,-0.08334505907259881,0.0016104280948638916
8.0,39.0,-14.0,1316.0,LONG,MIDFIELD,TRAILING,MID,FIELD_GOAL,-3.0890637361797015,-0.020364627242088318
1.0,47.0,-14.0,1012.0,SHORT,MIDFIELD,TRAILING,MID,GO,3.6905947187915444,0.06611507013440132
8.0,12.0,7.0,565.0,LONG,RED_ZONE,LEADING,MID,FIELD_GOAL,0.1730810665943756,0.0026578307151794434
10.0,60.0,-17.0,269.0,LONG,OWN_TERRITORY,TRAILING,LATE,PUNT,-0.003767489455640316,-0.000582456705160439
16.0,74.0,17.0,27.0,VERY_LONG,OWN_TERRITORY,LEADING,LATE,PUNT,-0.3961218866170384,0.0003238071221858263
5.0,16.0,0.0,3220.0,MEDIUM,RED_ZONE,TIED,EARLY,FIELD_GOAL,0.24804622752632,0.025808185338974
9.0,44.0,-3.0,2929.0,LONG,MIDFIELD,TRAILING,EARLY,PUNT,-0.5960000273771584,-0.07463699579238892
10.0,12.0,3.0,2492.0,LONG,RED_ZONE,LEADING,EARLY,FIELD_GOAL,0.1541316910414614,0.01758667826652527
10.0,69.0,-6.0,2399.0,LONG,OWN_TERRITORY,TRAILING,EARLY,PUNT,0.07648122520186007,-0.010460972785949707
1.0,49.0,-13.0,1940.0,SHORT,MIDFIELD,TRAILING,EARLY,GO,2.4437845590291545,0.04345770180225372
2.0,30.0,-13.0,1834.0,SHORT,OPPONENT_21_35,TRAILING,EARLY,GO,-2.3711760513833724,-0.06594158709049225
4.0,66.0,-13.0,1725.0,MEDIUM,OWN_TERRITORY,TRAILING,MID,PUNT,0.09382166620343924,-0.019780732691287994
19.0,75.0,13.0,1541.0,VERY_LONG,OWN_TERRITORY,LEADING,MID,PUNT,0.13875713711604476,-0.01594291627407074
6.0,6.0,13.0,1035.0,LONG,RED_ZONE,LEADING,MID,FIELD_GOAL,0.05289978128440387,-0.017940975725650787
6.0,46.0,8.0,687.0,LONG,MIDFIELD,LEADING,MID,PUNT,-0.2829879925120622,-0.042688265442848206
5.0,69.0,0.0,115.0,MEDIUM,OWN_TERRITORY,TIED,LATE,PUNT,-0.7486616654787213,-0.0963241457939148
6.0,25.0,0.0,3332.0,LONG,OPPONENT_21_35,TIED,EARLY,FIELD_GOAL,1.0602049788219783,0.022974610328674316
9.0,64.0,-3.0,3254.0,LONG,OWN_TERRITORY,TRAILING,EARLY,PUNT,0.8442393962759525,0.004737585783004761
1.0,78.0,3.0,3096.0,SHORT,OWN_TERRITORY,LEADING,EARLY,PUNT,-0.36963205225765705,0.0040909647941589355
18.0,68.0,-3.0,2950.0,VERY_LONG,OWN_TERRITORY,TRAILING,EARLY,PUNT,0.12076956452801824,0.0012642741203308105
2.0,59.0,3.0,2751.0,SHORT,OWN_TERRITORY,LEADING,EARLY,PUNT,-0.0695898572448641,0.010625004768371582
3.0,78.0,-3.0,2622.0,MEDIUM,OWN_TERRITORY,TRAILING,EARLY,PUNT,0.5604001372121274,0.013854295015335083
6.0,74.0,3.0,2561.0,LONG,OWN_TERRITORY,LEADING,EARLY,PUNT,-0.2527049663476646,0.019702494144439697
4.0,53.0,-3.0,2353.0,MEDIUM,OWN_TERRITORY,TRAILING,EARLY,PUNT,-0.36706861527636647,0.006832003593444824
1.0,21.0,3.0,2074.0,SHORT,OPPONENT_21_35,LEADING,EARLY,GO,1.2398254435393028,0.044198691844940186
7.0,7.0,3.0,1985.0,LONG,RED_ZONE,LEADING,EARLY,FIELD_GOAL,0.04124106097724045,-0.011039763689041138
24.0,92.0,-6.0,1914.0,VERY_LONG,OWN_TERRITORY,TRAILING,EARLY,PUNT,0.16304038418456912,0.047618567943573
15.0,44.0,-13.0,1542.0,VERY_LONG,MIDFIELD,TRAILING,MID,PUNT,-0.363767241127789,-0.01084878295660019
2.0,67.0,13.0,1336.0,SHORT,OWN_TERRITORY,LEADING,MID,PUNT,0.1897259373217821,0.013123683631420135
20.0,60.0,-13.0,1023.0,VERY_LONG,OWN_TERRITORY,TRAILING,MID,PUNT,0.5121176289394498,-0.011975083500146866
16.0,81.0,-13.0,592.0,VERY_LONG,OWN_TERRITORY,TRAILING,MID,PUNT,0.7722360203042626,0.00042453594505786896
12.0,19.0,13.0,253.0,VERY_LONG,RED_ZONE,LEADING,LATE,FIELD_GOAL,0.40844669388828336,0.001317403744906187
4.0,5.0,-16.0,1.0,MEDIUM,RED_ZONE,TRAILING,LATE,FIELD_GOAL,0.021883390104792344,-0.003091203747317195
22.0,33.0,0.0,3431.0,VERY_LONG,OPPONENT_21_35,TIED,EARLY,FIELD_GOAL,1.6038646425580905,0.05903202295303345
4.0,30.0,-4.0,3101.0,MEDIUM,OPPONENT_21_35,TRAILING,EARLY,FIELD_GOAL,1.2846144336630951,0.027688145637512207
5.0,71.0,1.0,2960.0,MEDIUM,OWN_TERRITORY,LEADING,EARLY,GO,3.5125947825144976,0.10364225506782532
3.0,32.0,1.0,2739.0,MEDIUM,OPPONENT_21_35,LEADING,EARLY,FIELD_GOAL,1.3510583442842867,0.028957992792129517
7.0,62.0,-10.0,2235.0,LONG,OWN_TERRITORY,TRAILING,EARLY,PUNT,-1.4545978244859725,-0.03873816132545471
10.0,41.0,10.0,2047.0,LONG,MIDFIELD,LEADING,EARLY,PUNT,-0.3630016999086365,-0.019458159804344177
4.0,11.0,3.0,1803.0,MEDIUM,RED_ZONE,LEADING,EARLY,FIELD_GOAL,0.12602579020192062,0.019570529460906982
7.0,52.0,-1.0,1595.0,LONG,OWN_TERRITORY,TRAILING,MID,PUNT,-0.6072592725977302,-0.03262576460838318
4.0,72.0,1.0,1531.0,MEDIUM,OWN_TERRITORY,LEADING,MID,PUNT,-0.4026083485223353,-0.008617252111434937
7.0,24.0,-1.0,1318.0,LONG,OPPONENT_21_35,TRAILING,MID,FIELD_GOAL,0.8045258905458299,0.014319509267807007
21.0,21.0,-2.0,1007.0,VERY_LONG,OPPONENT_21_35,TRAILING,MID,FIELD_GOAL,0.5449847192977746,0.005933940410614014
7.0,53.0,-1.0,896.0,LONG,OWN_TERRITORY,TRAILING,MID,PUNT,0.2941851676441729,-0.003355264663696289
2.0,25.0,-1.0,680.0,SHORT,OPPONENT_21_35,TRAILING,MID,FIELD_GOAL,0.8495306284308874,0.01940491795539856
2.0,4.0,-2.0,162.0,SHORT,RED_ZONE,TRAILING,LATE,FIELD_GOAL,0.05542220964483269,-0.06169992685317993
7.0,25.0,-1.0,17.0,LONG,OPPONENT_21_35,TRAILING,LATE,FIELD_GOAL,0.5379096147530813,0.24975918233394623
14.0,69.0,0.0,3486.0,VERY_LONG,OWN_TERRITORY,TIED,EARLY,PUNT,-1.1963425083085895,0.01620224118232727
11.0,47.0,0.0,3346.0,VERY_LONG,MIDFIELD,TIED,EARLY,PUNT,0.16806527436710894,0.017069011926651
12.0,98.0,0.0,3218.0,VERY_LONG,OWN_TERRITORY,TIED,EARLY,PUNT,0.3571207830682397,0.020574241876602173
4.0,18.0,0.0,3003.0,MEDIUM,RED_ZONE,TIED,EARLY,FIELD_GOAL,0.3538694980005861,0.003373056650161743
13.0,56.0,-3.0,2834.0,VERY_LONG,OWN_TERRITORY,TRAILING,EARLY,PUNT,0.3610322659369558,0.004012316465377808
5.0,74.0,3.0,2621.0,MEDIUM,OWN_TERRITORY,LEADING,EARLY,PUNT,-0.16702676564455032,0.032252341508865356
4.0,67.0,-3.0,2558.0,MEDIUM,OWN_TERRITORY,TRAILING,EARLY,GO,-2.949867397896014,-0.09327667951583862
4.0,14.0,-3.0,2244.0,MEDIUM,RED_ZONE,TRAILING,EARLY,FIELD_GOAL,0.17250953341890574,3.069639205932617e-6
6.0,61.0,0.0,2187.0,LONG,OWN_TERRITORY,TIED,EARLY,PUNT,0.15960492240265012,0.03110334277153015
3.0,61.0,0.0,2063.0,MEDIUM,OWN_TERRITORY,TIED,EARLY,PUNT,0.38104706280864775,0.0067761242389678955
2.0,5.0,0.0,1916.0,SHORT,RED_ZONE,TIED,EARLY,FIELD_GOAL,0.025905329075256667,-0.015484631061553955
1.0,27.0,3.0,1609.0,SHORT,OPPONENT_21_35,LEADING,MID,GO,-4.154118268750608,-0.0524539053440094
1.0,53.0,-3.0,1447.0,SHORT,OWN_TERRITORY,TRAILING,MID,GO,2.557734064757824,0.08372539281845093
10.0,22.0,-3.0,1156.0,LONG,OPPONENT_21_35,TRAILING,MID,FIELD_GOAL,0.6720693608287855,0.016493946313858032
9.0,37.0,0.0,801.0,LONG,MIDFIELD,TIED,MID,FIELD_GOAL,1.9319113049628962,0.11797592043876648
10.0,80.0,-3.0,750.0,LONG,OWN_TERRITORY,TRAILING,MID,PUNT,0.566230432363227,0.018943220376968384
11.0,80.0,3.0,691.0,VERY_LONG,OWN_TERRITORY,LEADING,MID,PUNT,0.16416702792048454,0.02628234028816223
8.0,71.0,-3.0,628.0,LONG,OWN_TERRITORY,TRAILING,MID,PUNT,0.40321193542331457,0.011066868901252747
5.0,54.0,3.0,366.0,MEDIUM,OWN_TERRITORY,LEADING,MID,PUNT,0.06766268517822027,0.01074478030204773
18.0,29.0,-5.0,217.0,VERY_LONG,OPPONENT_21_35,TRAILING,LATE,FIELD_GOAL,1.2047174352979777,0.035251930356025696
15.0,79.0,2.0,156.0,VERY_LONG,OWN_TERRITORY,LEADING,LATE,PUNT,-0.10902630584314466,0.013969093561172485
10.0,23.0,-2.0,65.0,LONG,OPPONENT_21_35,TRAILING,LATE,FIELD_GOAL,0.6602211924117833,0.1044330894947052
5.0,42.0,-1.0,13.0,MEDIUM,MIDFIELD,TRAILING,LATE,FIELD_GOAL,1.8231341176605613,0.49952851235866547
4.0,66.0,0.0,3546.0,MEDIUM,OWN_TERRITORY,TIED,EARLY,PUNT,0.4569487455300987,0.023280948400497437
6.0,6.0,0.0,3009.0,LONG,RED_ZONE,TIED,EARLY,FIELD_GOAL,0.07590501378548975,-0.005438446998596191
10.0,58.0,-10.0,2824.0,LONG,OWN_TERRITORY,TRAILING,EARLY,PUNT,-0.08258529985323548,0.010592550039291382
5.0,75.0,10.0,2741.0,MEDIUM,OWN_TERRITORY,LEADING,EARLY,PUNT,0.8271817890927196,0.03379310667514801
1.0,70.0,-10.0,2659.0,SHORT,OWN_TERRITORY,TRAILING,EARLY,PUNT,0.13585844729095697,0.023707851767539978
8.0,69.0,10.0,2438.0,LONG,OWN_TERRITORY,LEADING,EARLY,PUNT,-0.0736353974789381,0.028356477618217468
12.0,54.0,-10.0,2214.0,VERY_LONG,OWN_TERRITORY,TRAILING,EARLY,PUNT,0.2533564348705113,0.007191449403762817
14.0,73.0,10.0,1983.0,VERY_LONG,OWN_TERRITORY,LEADING,EARLY,PUNT,-0.39275227242615074,0.01630719006061554
1.0,43.0,-10.0,1890.0,SHORT,MIDFIELD,TRAILING,EARLY,GO,1.556140991509892,0.036676764488220215
4.0,59.0,7.0,1756.0,MEDIUM,OWN_TERRITORY,LEADING,MID,PUNT,0.19608435546979308,-0.008616089820861816
8.0,86.0,-7.0,1701.0,LONG,OWN_TERRITORY,TRAILING,MID,PUNT,0.11025062669068575,-0.007184907793998718
8.0,8.0,7.0,1510.0,LONG,RED_ZONE,LEADING,MID,FIELD_GOAL,0.09763503279741892,-0.012299671769142151
16.0,65.0,-10.0,1279.0,VERY_LONG,OWN_TERRITORY,TRAILING,MID,PUNT,-1.3957820364739746,-0.012305088341236115
3.0,48.0,10.0,1120.0,MEDIUM,MIDFIELD,LEADING,MID,PUNT,-0.8218390648253262,0.017029091715812683
8.0,67.0,-10.0,945.0,LONG,OWN_TERRITORY,TRAILING,MID,PUNT,0.41003410052508116,0.015442021191120148
2.0,73.0,10.0,816.0,SHORT,OWN_TERRITORY,LEADING,MID,PUNT,0.25293073477223516,-0.0017022937536239624
12.0,22.0,10.0,709.0,VERY_LONG,OPPONENT_21_35,LEADING,MID,FIELD_GOAL,0.7110243213179883,0.0395684614777565
7.0,42.0,-13.0,482.0,LONG,MIDFIELD,TRAILING,MID,GO,-2.279953765682876,-0.013520080596208572
3.0,4.0,13.0,146.0,MEDIUM,RED_ZONE,LEADING,LATE,FIELD_GOAL,0.04570507361294185,-0.00030985684134066105
4.0,59.0,-16.0,120.0,MEDIUM,OWN_TERRITORY,TRAILING,LATE,GO,2.1102375629125163,0.0004726857878267765
10.0,34.0,-16.0,58.0,LONG,OPPONENT_21_35,TRAILING,LATE,GO,2.4150344346417114,0.00053028593538329
11.0,11.0,-16.0,22.0,VERY_LONG,RED_ZONE,TRAILING,LATE,GO,-2.2581520137027837,-0.002130452310666442
1.0,8.0,-7.0,3057.0,SHORT,RED_ZONE,TRAILING,EARLY,GO,-3.942554214503616,-0.06360670924186707
10.0,65.0,7.0,2394.0,LONG,OWN_TERRITORY,LEADING,EARLY,PUNT,0.7060292491223663,0.016691386699676514
2.0,81.0,-7.0,2265.0,SHORT,OWN_TERRITORY,TRAILING,EARLY,PUNT,-0.20352669805288315,0.0062715113162994385
1.0,60.0,7.0,2104.0,SHORT,OWN_TERRITORY,LEADING,EARLY,GO,-3.2985827770316973,-0.10068431496620178
6.0,20.0,7.0,1902.0,LONG,RED_ZONE,LEADING,EARLY,FIELD_GOAL,-4.846894481503282,-0.14167755842208862
4.0,34.0,-7.0,1832.0,MEDIUM,OPPONENT_21_35,TRAILING,EARLY,FIELD_GOAL,1.361979863415035,0.07631397247314453
16.0,64.0,-14.0,1171.0,VERY_LONG,OWN_TERRITORY,TRAILING,MID,PUNT,-1.0076002401765436,-0.013444539159536362
11.0,75.0,-21.0,947.0,VERY_LONG,OWN_TERRITORY,TRAILING,MID,PUNT,-1.0810443076770753,-0.002634945325553417
19.0,74.0,-28.0,668.0,VERY_LONG,OWN_TERRITORY,TRAILING,MID,PUNT,-0.12776322476565838,-6.354734068736434e-6
7.0,65.0,28.0,579.0,LONG,OWN_TERRITORY,LEADING,MID,PUNT,0.9199233031831682,0.00007628782623214647
11.0,80.0,-28.0,474.0,VERY_LONG,OWN_TERRITORY,TRAILING,MID,PUNT,0.052523832535371184,-0.000020253028196748346
1.0,60.0,28.0,355.0,SHORT,OWN_TERRITORY,LEADING,MID,PUNT,-0.2716601768042892,0.00006024192407494411
9.0,82.0,-28.0,298.0,LONG,OWN_TERRITORY,TRAILING,LATE,PUNT,0.0495924383867532,-1.7753045540302992e-6
12.0,77.0,0.0,3488.0,VERY_LONG,OWN_TERRITORY,TIED,EARLY,PUNT,1.1618863111361861,0.06339851021766663
3.0,32.0,0.0,3335.0,MEDIUM,OPPONENT_21_35,TIED,EARLY,GO,2.977709545637481,0.1113806962966919
1.0,77.0,0.0,3079.0,SHORT,OWN_TERRITORY,TIED,EARLY,PUNT,-0.18487906968221068,0.008423596620559692
5.0,63.0,0.0,2972.0,MEDIUM,OWN_TERRITORY,TIED,EARLY,PUNT,0.40927827125415206,0.023868143558502197
8.0,87.0,0.0,2911.0,LONG,OWN_TERRITORY,TIED,EARLY,PUNT,-3.618119085847866,-0.10889887809753418
10.0,38.0,-7.0,2658.0,LONG,MIDFIELD,TRAILING,EARLY,FIELD_GOAL,-3.5236303472258146,-0.04527643322944641
7.0,22.0,7.0,2423.0,LONG,OPPONENT_21_35,LEADING,EARLY,FIELD_GOAL,0.6406820037923864,0.03368599712848663
6.0,64.0,3.0,1983.0,LONG,OWN_TERRITORY,LEADING,EARLY,PUNT,-0.45093331229873,0.0002122819423675537
6.0,63.0,-3.0,1853.0,LONG,OWN_TERRITORY,TRAILING,EARLY,PUNT,-0.2512400596169755,-0.011735320091247559
23.0,62.0,-3.0,1576.0,VERY_LONG,OWN_TERRITORY,TRAILING,MID,PUNT,-0.49415496503934264,0.0119875967502594
9.0,33.0,3.0,1435.0,LONG,OPPONENT_21_35,LEADING,MID,FIELD_GOAL,1.5943880564246635,0.046976953744888306
4.0,43.0,-6.0,1293.0,MEDIUM,MIDFIELD,TRAILING,MID,GO,4.07545866293367,0.11457861959934235
3.0,22.0,-6.0,1146.0,MEDIUM,OPPONENT_21_35,TRAILING,MID,GO,2.7531887425575405,0.09347060322761536
11.0,11.0,-6.0,1039.0,VERY_LONG,RED_ZONE,TRAILING,MID,FIELD_GOAL,0.15157799692467977,-0.012458354234695435
11.0,19.0,3.0,647.0,VERY_LONG,RED_ZONE,LEADING,MID,FIELD_GOAL,0.47579519627143085,0.04086287319660187
5.0,70.0,-6.0,593.0,MEDIUM,OWN_TERRITORY,TRAILING,MID,PUNT,-0.25007797265425324,0.02605511248111725
23.0,72.0,6.0,398.0,VERY_LONG,OWN_TERRITORY,LEADING,MID,PUNT,0.06680265441536903,0.011360317468643188
3.0,20.0,6.0,177.0,MEDIUM,RED_ZONE,LEADING,LATE,FIELD_GOAL,0.42071958855523706,0.038294147700071335
1.0,56.0,-9.0,142.0,SHORT,OWN_TERRITORY,TRAILING,LATE,GO,1.657513678248506,0.0024096984416246414
10.0,65.0,-7.0,3101.0,LONG,OWN_TERRITORY,TRAILING,EARLY,PUNT,-0.727517606690526,-0.047367215156555176
1.0,33.0,7.0,2978.0,SHORT,OPPONENT_21_35,LEADING,EARLY,GO,-3.698704758659005,-0.0682869553565979
6.0,63.0,-7.0,2891.0,LONG,OWN_TERRITORY,TRAILING,EARLY,PUNT,0.18353670788928866,-0.014815866947174072
4.0,34.0,7.0,2692.0,MEDIUM,OPPONENT_21_35,LEADING,EARLY,GO,3.141714020515792,0.06959831714630127
1.0,49.0,-14.0,2275.0,SHORT,MIDFIELD,TRAILING,EARLY,GO,-3.1453506217803806,-0.030987441539764404
1.0,66.0,-21.0,2013.0,SHORT,OWN_TERRITORY,TRAILING,EARLY,GO,1.9589174503926188,0.014014825224876404
14.0,41.0,-21.0,1836.0,VERY_LONG,MIDFIELD,TRAILING,EARLY,PUNT,-0.3269075795542449,0.0004523247480392456
1.0,61.0,-21.0,1672.0,SHORT,OWN_TERRITORY,TRAILING,MID,GO,-2.5452198358252645,-0.024156268686056137
2.0,2.0,21.0,1372.0,SHORT,RED_ZONE,LEADING,MID,GO,3.748621060163714,0.019953890540869934
19.0,73.0,-29.0,1314.0,VERY_LONG,OWN_TERRITORY,TRAILING,MID,PUNT,-0.12021177588030696,-0.00008634338155388832
1.0,1.0,29.0,1039.0,SHORT,RED_ZONE,LEADING,MID,GO,-4.6575170694850385,-0.00011668074876070023
6.0,93.0,-29.0,905.0,LONG,OWN_TERRITORY,TRAILING,MID,PUNT,0.029103865497745574,-0.00028856558492407203
1.0,30.0,27.0,132.0,SHORT,OPPONENT_21_35,LEADING,LATE,GO,1.5639829718857072,0.000048160552978515625
4.0,4.0,0.0,3147.0,MEDIUM,RED_ZONE,TIED,EARLY,GO,-3.432132594694849,-0.09516090154647827
3.0,88.0,0.0,3064.0,MEDIUM,OWN_TERRITORY,TIED,EARLY,PUNT,-1.5991088257869706,-0.07937854528427124
2.0,57.0,-7.0,2853.0,SHORT,OWN_TERRITORY,TRAILING,EARLY,PUNT,-0.4138148883357644,-0.0027042925357818604
13.0,29.0,7.0,2552.0,VERY_LONG,OPPONENT_21_35,LEADING,EARLY,FIELD_GOAL,-3.9513191521452904,-0.0699583888053894
1.0,39.0,-7.0,2381.0,SHORT,MIDFIELD,TRAILING,EARLY,GO,-3.2251003347337246,-0.035296738147735596
6.0,27.0,7.0,2123.0,LONG,OPPONENT_21_35,LEADING,EARLY,FIELD_GOAL,1.0258225461096975,0.04885861277580261
3.0,30.0,-10.0,1870.0,MEDIUM,OPPONENT_21_35,TRAILING,EARLY,FIELD_GOAL,1.0992791360979581,0.025733351707458496
13.0,61.0,-7.0,1521.0,VERY_LONG,OWN_TERRITORY,TRAILING,MID,PUNT,-0.9613989784847945,-0.014696449041366577
7.0,45.0,7.0,1314.0,LONG,MIDFIELD,LEADING,MID,PUNT,-0.14506634999997914,-0.022627949714660645
1.0,82.0,-7.0,1177.0,SHORT,OWN_TERRITORY,TRAILING,MID,PUNT,-0.04791906243190169,-0.012423530220985413
6.0,13.0,7.0,858.0,LONG,RED_ZONE,LEADING,MID,FIELD_GOAL,0.18375969674777215,-0.01074238121509552
6.0,8.0,10.0,144.0,LONG,RED_ZONE,LEADING,LATE,FIELD_GOAL,-3.9521027273237097,-0.008008789271116257
6.0,76.0,-10.0,115.0,LONG,OWN_TERRITORY,TRAILING,LATE,GO,-1.907410132291261,-0.008288724347949028
28.0,87.0,0.0,3520.0,VERY_LONG,OWN_TERRITORY,TIED,EARLY,PUNT,0.3262429984752089,-0.0017085671424865723
6.0,61.0,0.0,2895.0,LONG,OWN_TERRITORY,TIED,EARLY,PUNT,-0.09605610929429531,-0.007456302642822266
12.0,82.0,0.0,2807.0,VERY_LONG,OWN_TERRITORY,TIED,EARLY,PUNT,0.8044153125956655,0.052779972553253174
4.0,63.0,0.0,2700.0,MEDIUM,OWN_TERRITORY,TIED,EARLY,PUNT,0.13373879110440612,0.010856956243515015
8.0,63.0,-14.0,2230.0,LONG,OWN_TERRITORY,TRAILING,EARLY,PUNT,0.36090652109123766,-0.0025588274002075195
8.0,51.0,-21.0,1809.0,LONG,OWN_TERRITORY,TRAILING,EARLY,GO,-0.9383500013186472,-0.00874803215265274
17.0,72.0,-24.0,1710.0,VERY_LONG,OWN_TERRITORY,TRAILING,MID,PUNT,0.7876467574387789,-0.01559550128877163
17.0,48.0,24.0,1468.0,VERY_LONG,MIDFIELD,LEADING,MID,PUNT,0.07904885290190578,-0.004644463304430246
1.0,76.0,-24.0,1325.0,SHORT,OWN_TERRITORY,TRAILING,MID,PUNT,0.011580912861973047,-0.004251409787684679
6.0,34.0,24.0,968.0,LONG,OPPONENT_21_35,LEADING,MID,FIELD_GOAL,2.0753381732473137,0.0007191293989308178
4.0,49.0,-27.0,807.0,MEDIUM,MIDFIELD,TRAILING,MID,GO,-2.524027491454035,-0.00026122931740246713
3.0,36.0,-34.0,175.0,MEDIUM,MIDFIELD,TRAILING,LATE,GO,2.743799753370695,2.5389090296812356e-6
18.0,34.0,-34.0,120.0,VERY_LONG,OPPONENT_21_35,TRAILING,LATE,FIELD_GOAL,-1.1614670136826162,-9.847244655247778e-6
9.0,50.0,0.0,3451.0,LONG,MIDFIELD,TIED,EARLY,PUNT,-0.14748041704297066,0.028151333332061768
3.0,44.0,0.0,3145.0,MEDIUM,MIDFIELD,TIED,EARLY,GO,3.174217425752431,0.09760767221450806
5.0,6.0,0.0,2856.0,MEDIUM,RED_ZONE,TIED,EARLY,FIELD_GOAL,-4.222875495940506,-0.0955500602722168
2.0,6.0,0.0,2089.0,SHORT,RED_ZONE,TIED,EARLY,GO,-3.0369551579933614,-0.0779356062412262
8.0,72.0,3.0,1741.0,LONG,OWN_TERRITORY,LEADING,MID,PUNT,1.4180994778871536,0.058162540197372437
6.0,76.0,-3.0,1605.0,LONG,OWN_TERRITORY,TRAILING,MID,PUNT,0.11647282680496573,0.03780528903007507
7.0,62.0,-4.0,1199.0,LONG,OWN_TERRITORY,TRAILING,MID,PUNT,-0.6675042021088302,0.01230323314666748
8.0,21.0,4.0,935.0,LONG,OPPONENT_21_35,LEADING,MID,FIELD_GOAL,0.6897695056754611,0.045234158635139465
4.0,59.0,0.0,524.0,MEDIUM,OWN_TERRITORY,TIED,MID,PUNT,-0.4319468941539526,0.049983859062194824
3.0,31.0,-7.0,81.0,MEDIUM,OPPONENT_21_35,TRAILING,LATE,GO,-1.611925218370743,-0.11972366273403168
2.0,61.0,7.0,64.0,SHORT,OWN_TERRITORY,LEADING,LATE,PUNT,-0.3949854769743979,-0.04607635736465454
17.0,79.0,-7.0,16.0,VERY_LONG,OWN_TERRITORY,TRAILING,LATE,GO,-2.0382389173610136,-0.009943353943526745
8.0,64.0,0.0,3522.0,LONG,OWN_TERRITORY,TIED,EARLY,PUNT,0.938484558602795,0.032290250062942505
7.0,62.0,0.0,3178.0,LONG,OWN_TERRITORY,TIED,EARLY,PUNT,0.033135782927274704,-0.000420987606048584
9.0,32.0,0.0,2880.0,LONG,OPPONENT_21_35,TIED,EARLY,FIELD_GOAL,1.6337153799489315,0.036152422428131104
2.0,9.0,4.0,2481.0,SHORT,RED_ZONE,LEADING,EARLY,GO,-3.0961220101453364,-0.05435991287231445
6.0,70.0,-3.0,2081.0,LONG,OWN_TERRITORY,TRAILING,EARLY,PUNT,-0.18677559471689165,0.009079515933990479
9.0,50.0,3.0,1874.0,LONG,MIDFIELD,LEADING,EARLY,PUNT,-0.05254766088910401,0.02686554193496704
4.0,29.0,3.0,1396.0,MEDIUM,OPPONENT_21_35,LEADING,MID,FIELD_GOAL,1.2824058209200297,0.08824408054351807
9.0,25.0,-6.0,1252.0,LONG,OPPONENT_21_35,TRAILING,MID,FIELD_GOAL,0.9851777096809404,0.01168486475944519
20.0,79.0,3.0,1145.0,VERY_LONG,OWN_TERRITORY,LEADING,MID,PUNT,-0.01195699512027204,0.010773450136184692
1.0,19.0,-4.0,582.0,SHORT,RED_ZONE,TRAILING,MID,GO,1.763551693991758,0.068604975938797
1.0,11.0,-4.0,70.0,SHORT,RED_ZONE,TRAILING,LATE,GO,2.648053052573232,0.2392522096633911
5.0,9.0,0.0,3126.0,MEDIUM,RED_ZONE,TIED,EARLY,FIELD_GOAL,0.1135705145503807,-0.016188710927963257
2.0,62.0,-4.0,2700.0,SHORT,OWN_TERRITORY,TRAILING,EARLY,GO,3.359680376481265,0.10619291663169861
6.0,40.0,-4.0,2550.0,LONG,MIDFIELD,TRAILING,EARLY,GO,-0.35212530265562236,-0.007049202919006348
5.0,68.0,-11.0,2119.0,MEDIUM,OWN_TERRITORY,TRAILING,EARLY,GO,-2.7935924106277525,-0.04642307758331299
1.0,23.0,11.0,2013.0,SHORT,OPPONENT_21_35,LEADING,EARLY,GO,3.927113670128165,0.049161672592163086
1.0,1.0,11.0,1920.0,SHORT,RED_ZONE,LEADING,EARLY,GO,2.5790545764029957,0.006215887657466279
4.0,37.0,-18.0,1837.0,MEDIUM,MIDFIELD,TRAILING,EARLY,GO,-0.8268999903229997,-0.045880094170570374
12.0,82.0,18.0,1744.0,VERY_LONG,OWN_TERRITORY,LEADING,MID,PUNT,0.20450036507099867,-0.00035662949085235596
14.0,16.0,-18.0,1511.0,VERY_LONG,RED_ZONE,TRAILING,MID,FIELD_GOAL,0.3157736632187551,0.00971955806016922
2.0,55.0,15.0,1419.0,SHORT,OWN_TERRITORY,LEADING,MID,PUNT,-0.436075605917722,0.004658982157707214
1.0,6.0,-15.0,1098.0,SHORT,RED_ZONE,TRAILING,MID,GO,-3.8533006297657266,-0.05861571431159973
9.0,78.0,15.0,948.0,LONG,OWN_TERRITORY,LEADING,MID,PUNT,-1.7444591047242284,-0.05365139991044998
19.0,33.0,-15.0,814.0,VERY_LONG,OPPONENT_21_35,TRAILING,MID,FIELD_GOAL,1.8847670245249881,0.028928041458129883
20.0,70.0,12.0,772.0,VERY_LONG,OWN_TERRITORY,LEADING,MID,PUNT,-0.4950634560082108,-0.026211880147457123
8.0,57.0,-11.0,337.0,LONG,OWN_TERRITORY,TRAILING,MID,GO,4.319646984513383,0.0778115838766098
15.0,26.0,3.0,176.0,VERY_LONG,OPPONENT_21_35,LEADING,LATE,FIELD_GOAL,-3.7017738279108965,-0.1710675060749054
7.0,69.0,-4.0,65.0,LONG,OWN_TERRITORY,TRAILING,LATE,GO,1.5299540123087354,0.1328936219215393
7.0,50.0,0.0,3424.0,LONG,MIDFIELD,TIED,EARLY,PUNT,0.12327729957178235,0.03236624598503113
11.0,50.0,0.0,3241.0,VERY_LONG,MIDFIELD,TIED,EARLY,PUNT,-0.886336647439748,-0.008992999792098999
3.0,14.0,0.0,3066.0,MEDIUM,RED_ZONE,TIED,EARLY,FIELD_GOAL,0.2580019170380119,-0.015174895524978638
5.0,51.0,3.0,2737.0,MEDIUM,OWN_TERRITORY,LEADING,EARLY,PUNT,0.23405588418245316,0.014705777168273926
10.0,62.0,-4.0,2230.0,LONG,OWN_TERRITORY,TRAILING,EARLY,PUNT,-0.0669544639531523,0.01956474781036377
2.0,13.0,-4.0,2044.0,SHORT,RED_ZONE,TRAILING,EARLY,GO,2.0693836908903904,0.08074378967285156
17.0,17.0,-4.0,1920.0,VERY_LONG,RED_ZONE,TRAILING,EARLY,FIELD_GOAL,0.33704768442663013,0.007264256477355957
6.0,51.0,1.0,1813.0,LONG,OWN_TERRITORY,LEADING,EARLY,PUNT,-0.16801097529241815,-0.04506814479827881
12.0,73.0,-1.0,1245.0,VERY_LONG,OWN_TERRITORY,TRAILING,MID,PUNT,0.1447028936818242,0.010265707969665527
10.0,70.0,1.0,1134.0,LONG,OWN_TERRITORY,LEADING,MID,PUNT,0.34413818060420454,-0.008676379919052124
25.0,70.0,-1.0,998.0,VERY_LONG,OWN_TERRITORY,TRAILING,MID,PUNT,0.4178659184835851,0.0038857758045196533
6.0,32.0,1.0,792.0,LONG,OPPONENT_21_35,LEADING,MID,FIELD_GOAL,1.645196079199739,0.09802454710006714
13.0,48.0,-11.0,576.0,VERY_LONG,MIDFIELD,TRAILING,MID,PUNT,0.08356156293302774,-0.018740735948085785
5.0,66.0,-18.0,172.0,MEDIUM,OWN_TERRITORY,TRAILING,LATE,GO,-6.450672776438296,-0.0003524409548845142
2.0,57.0,-24.0,77.0,SHORT,OWN_TERRITORY,TRAILING,LATE,GO,1.2573037131223828,0.0001350904058199376
9.0,55.0,0.0,3450.0,LONG,OWN_TERRITORY,TIED,EARLY,PUNT,-0.2009806684218347,0.0272446870803833
7.0,52.0,0.0,3198.0,LONG,OWN_TERRITORY,TIED,EARLY,PUNT,0.27137673646211624,0.007895618677139282
2.0,2.0,0.0,3017.0,SHORT,RED_ZONE,TIED,EARLY,GO,-3.2068151711137034,-0.11814850568771362
4.0,30.0,0.0,2801.0,MEDIUM,OPPONENT_21_35,TIED,EARLY,GO,3.0285397763364017,0.11726880073547363
4.0,5.0,0.0,2614.0,MEDIUM,RED_ZONE,TIED,EARLY,FIELD_GOAL,0.056018918767116954,-0.01081705093383789
2.0,3.0,-3.0,2215.0,SHORT,RED_ZONE,TRAILING,EARLY,FIELD_GOAL,0.03806441261375326,-0.065632164478302
6.0,45.0,0.0,2012.0,LONG,MIDFIELD,TIED,EARLY,PUNT,-0.17069979466032237,0.05338016152381897
15.0,77.0,0.0,1841.0,VERY_LONG,OWN_TERRITORY,TIED,EARLY,PUNT,-0.8263197207124904,0.005987048149108887
7.0,65.0,-3.0,1702.0,LONG,OWN_TERRITORY,TRAILING,MID,PUNT,0.2991005373187363,0.006185621023178101
4.0,49.0,-3.0,1218.0,MEDIUM,MIDFIELD,TRAILING,MID,PUNT,-0.44419050426222384,-0.043303489685058594
4.0,21.0,3.0,998.0,MEDIUM,OPPONENT_21_35,LEADING,MID,FIELD_GOAL,0.634439985387595,0.025471031665802002
7.0,54.0,-6.0,850.0,LONG,OWN_TERRITORY,TRAILING,MID,PUNT,-0.18508804123848677,0.02368767559528351
15.0,50.0,13.0,345.0,VERY_LONG,MIDFIELD,LEADING,MID,PUNT,0.07227874547243118,-0.006987234577536583
9.0,75.0,-13.0,250.0,LONG,OWN_TERRITORY,TRAILING,LATE,GO,2.3608730796258897,0.019471777603030205
9.0,34.0,-13.0,120.0,LONG,OPPONENT_21_35,TRAILING,LATE,GO,-2.825690978730563,-0.009624826721847057
1.0,55.0,0.0,3512.0,SHORT,OWN_TERRITORY,TIED,EARLY,GO,-3.477310893125832,-0.05644118785858154
9.0,67.0,-7.0,3274.0,LONG,OWN_TERRITORY,TRAILING,EARLY,PUNT,1.1881829616613686,0.025670111179351807
2.0,69.0,7.0,3052.0,SHORT,OWN_TERRITORY,LEADING,EARLY,PUNT,0.25262805307284,-0.0005974471569061279
4.0,28.0,7.0,2128.0,MEDIUM,OPPONENT_21_35,LEADING,EARLY,FIELD_GOAL,1.1276794098657301,0.03744128346443176
2.0,68.0,-10.0,2035.0,SHORT,OWN_TERRITORY,TRAILING,EARLY,PUNT,0.45305986353196204,0.009700790047645569
6.0,84.0,10.0,1976.0,LONG,OWN_TERRITORY,LEADING,EARLY,PUNT,3.7397910397849046,0.11116135120391846
3.0,19.0,10.0,1897.0,MEDIUM,RED_ZONE,LEADING,EARLY,GO,-2.7634274702286348,-0.04527643322944641
10.0,46.0,3.0,1815.0,LONG,MIDFIELD,LEADING,EARLY,PUNT,-0.23712722974596545,0.0042989253997802734
10.0,65.0,3.0,1785.0,LONG,OWN_TERRITORY,LEADING,MID,PUNT,0.8152486109174788,0.025232166051864624
3.0,28.0,-3.0,1354.0,MEDIUM,OPPONENT_21_35,TRAILING,MID,FIELD_GOAL,1.331449428144991,0.06019565463066101
6.0,24.0,0.0,1161.0,LONG,OPPONENT_21_35,TIED,MID,FIELD_GOAL,0.7984653319450046,0.06827235221862793
4.0,48.0,-3.0,1073.0,MEDIUM,MIDFIELD,TRAILING,MID,GO,-2.7726156087592244,-0.11297067999839783
1.0,30.0,-4.0,711.0,SHORT,OPPONENT_21_35,TRAILING,MID,GO,1.9218840084504336,0.11211508512496948
13.0,68.0,-3.0,441.0,VERY_LONG,OWN_TERRITORY,TRAILING,MID,PUNT,0.2864114842377603,-0.034263789653778076
7.0,58.0,3.0,258.0,LONG,OWN_TERRITORY,LEADING,LATE,PUNT,-3.2207547525758855,-0.19704914093017578
10.0,72.0,-3.0,12.0,LONG,OWN_TERRITORY,TRAILING,LATE,GO,-2.014012795931194,-0.051685333251953125
3.0,67.0,1.0,3008.0,MEDIUM,OWN_TERRITORY,LEADING,EARLY,PUNT,-0.8555071137379855,-0.06374472379684448
2.0,48.0,-1.0,2793.0,SHORT,MIDFIELD,TRAILING,EARLY,GO,-2.924597228411585,-0.15510886907577515
7.0,49.0,1.0,2718.0,LONG,MIDFIELD,LEADING,EARLY,PUNT,0.2065480682067573,-0.04675179719924927
1.0,57.0,-1.0,2484.0,SHORT,OWN_TERRITORY,TRAILING,EARLY,GO,2.4276610750239342,0.059792160987854004
2.0,9.0,-1.0,2173.0,SHORT,RED_ZONE,TRAILING,EARLY,GO,3.9437697058310732,0.06423605645114461
2.0,18.0,-6.0,1974.0,SHORT,RED_ZONE,TRAILING,EARLY,FIELD_GOAL,0.3934053640563735,-0.0406833291053772
9.0,64.0,3.0,1922.0,LONG,OWN_TERRITORY,LEADING,EARLY,PUNT,-0.3125850318465382,-0.03625977039337158
3.0,63.0,3.0,1717.0,MEDIUM,OWN_TERRITORY,LEADING,MID,PUNT,0.7177802522201091,0.003943979740142822
14.0,56.0,3.0,1405.0,VERY_LONG,OWN_TERRITORY,LEADING,MID,PUNT,0.017455249559134245,-0.005874067544937134
9.0,79.0,-3.0,1352.0,LONG,OWN_TERRITORY,TRAILING,MID,PUNT,-1.0031201804522425,-0.0299416184425354
9.0,23.0,3.0,1035.0,LONG,OPPONENT_21_35,LEADING,MID,FIELD_GOAL,0.8352119361527892,0.01829683780670166
13.0,68.0,-1.0,805.0,VERY_LONG,OWN_TERRITORY,TRAILING,MID,PUNT,-0.1001087105832994,-0.010582208633422852
4.0,15.0,-1.0,484.0,MEDIUM,RED_ZONE,TRAILING,MID,FIELD_GOAL,0.28163727114855464,0.01834532618522644
5.0,60.0,-4.0,141.0,MEDIUM,OWN_TERRITORY,TRAILING,LATE,GO,2.772410478501115,0.17683227360248566
11.0,21.0,-4.0,43.0,VERY_LONG,OPPONENT_21_35,TRAILING,LATE,GO,-2.424934631329961,-0.29939961433410645
1.0,18.0,0.0,3247.0,SHORT,RED_ZONE,TIED,EARLY,GO,1.5165891184587963,0.06754648685455322
6.0,10.0,0.0,3153.0,LONG,RED_ZONE,TIED,EARLY,FIELD_GOAL,0.13133828492243138,-0.016188710927963257
1.0,2.0,-3.0,2793.0,SHORT,RED_ZONE,TRAILING,EARLY,GO,2.2717300537915435,0.06753718852996826
10.0,80.0,-4.0,2689.0,LONG,OWN_TERRITORY,TRAILING,EARLY,PUNT,0.0737487287260592,0.01996403932571411
9.0,14.0,-3.0,1937.0,LONG,RED_ZONE,TRAILING,EARLY,FIELD_GOAL,0.21965135341967645,0.009477764368057251
8.0,15.0,10.0,1599.0,LONG,RED_ZONE,LEADING,MID,FIELD_GOAL,0.2765749636139887,-0.0011119991540908813
9.0,40.0,6.0,1058.0,LONG,MIDFIELD,LEADING,MID,PUNT,-0.44406754500232637,-0.015497997403144836
7.0,65.0,-1.0,717.0,LONG,OWN_TERRITORY,TRAILING,MID,PUNT,0.11922002723440528,-0.01489594578742981
8.0,12.0,1.0,254.0,LONG,RED_ZONE,LEADING,LATE,FIELD_GOAL,0.16184457489020154,-0.061612725257873535
10.0,32.0,-3.0,10.0,LONG,OPPONENT_21_35,TRAILING,LATE,FIELD_GOAL,1.077432386150524,0.188919797539711
11.0,62.0,0.0,798.0,VERY_LONG,OWN_TERRITORY,TIED,MID,PUNT,0.9851066573755816,0.18219335918547586
4.0,59.0,0.0,3528.0,MEDIUM,OWN_TERRITORY,TIED,EARLY,PUNT,-0.7157344440929592,0.003859102725982666
7.0,71.0,0.0,3488.0,LONG,OWN_TERRITORY,TIED,EARLY,PUNT,-0.5530897595454007,0.006549954414367676
1.0,28.0,0.0,3281.0,SHORT,OPPONENT_21_35,TIED,EARLY,GO,4.249939977191389,0.12786555673463718
6.0,6.0,-7.0,3029.0,LONG,RED_ZONE,TRAILING,EARLY,FIELD_GOAL,0.05880057470872435,0.010985136032104492
29.0,97.0,4.0,2931.0,VERY_LONG,OWN_TERRITORY,LEADING,EARLY,PUNT,0.08998156315647066,0.0024275779724121094
1.0,38.0,-4.0,2844.0,SHORT,MIDFIELD,TRAILING,EARLY,GO,2.3645489511545748,0.0646100640296936
9.0,61.0,-3.0,2449.0,LONG,OWN_TERRITORY,TRAILING,EARLY,PUNT,-0.39717533765360713,-0.007795840501785278
8.0,46.0,4.0,2200.0,LONG,MIDFIELD,LEADING,EARLY,PUNT,-0.07163384114392102,0.016743361949920654
10.0,91.0,-4.0,2172.0,LONG,OWN_TERRITORY,TRAILING,EARLY,PUNT,-0.1745802431832999,0.018023014068603516
7.0,49.0,11.0,1870.0,LONG,MIDFIELD,LEADING,EARLY,PUNT,-0.36242040747310966,-0.004668116569519043
9.0,89.0,-11.0,1849.0,LONG,OWN_TERRITORY,TRAILING,EARLY,PUNT,-1.366087357280776,-0.004907682538032532
11.0,46.0,11.0,1802.0,VERY_LONG,MIDFIELD,LEADING,EARLY,GO,-0.3001042822143063,0.008070722222328186
2.0,7.0,-11.0,1488.0,SHORT,RED_ZONE,TRAILING,MID,FIELD_GOAL,0.061037631141486415,-0.015881553292274475
7.0,85.0,8.0,1114.0,LONG,OWN_TERRITORY,LEADING,MID,PUNT,0.21445040637627244,0.023433998227119446
8.0,33.0,-8.0,997.0,LONG,OPPONENT_21_35,TRAILING,MID,FIELD_GOAL,1.6443792950718985,0.06209863722324371
6.0,73.0,-12.0,729.0,LONG,OWN_TERRITORY,TRAILING,MID,PUNT,1.112556194420904,0.007373172789812088
8.0,52.0,12.0,354.0,LONG,OWN_TERRITORY,LEADING,MID,PUNT,0.19753139512613416,0.01574517786502838
18.0,79.0,-12.0,257.0,VERY_LONG,OWN_TERRITORY,TRAILING,LATE,PUNT,0.3521340498700738,-0.0045759230852127075
10.0,61.0,12.0,114.0,LONG,OWN_TERRITORY,LEADING,LATE,PUNT,-0.37809404253493994,-0.0062794797122478485
4.0,53.0,-12.0,71.0,MEDIUM,OWN_TERRITORY,TRAILING,LATE,GO,-1.7534287061425857,-0.006736262701451778
2.0,21.0,0.0,3482.0,SHORT,OPPONENT_21_35,TIED,EARLY,GO,-3.0085657704039477,-0.07978782057762146
3.0,3.0,-7.0,2700.0,MEDIUM,RED_ZONE,TRAILING,EARLY,GO,3.974613499827683,0.14074447280084867
4.0,59.0,0.0,2645.0,MEDIUM,OWN_TERRITORY,TIED,EARLY,PUNT,-0.32649535359814763,0.0226706862449646
5.0,75.0,0.0,2552.0,MEDIUM,OWN_TERRITORY,TIED,EARLY,PUNT,0.39086888427846134,0.06154778599739075
11.0,59.0,0.0,2341.0,VERY_LONG,OWN_TERRITORY,TIED,EARLY,PUNT,-0.13090211944654584,0.02880159020423889
1.0,32.0,0.0,2070.0,SHORT,OPPONENT_21_35,TIED,EARLY,GO,-3.38135754148243,-0.055709004402160645
22.0,75.0,0.0,1984.0,VERY_LONG,OWN_TERRITORY,TIED,EARLY,PUNT,-0.42796759895281866,0.03142485022544861
4.0,29.0,0.0,1875.0,MEDIUM,OPPONENT_21_35,TIED,EARLY,FIELD_GOAL,1.1664245895223864,0.05794307589530945
10.0,14.0,-3.0,1803.0,LONG,RED_ZONE,TRAILING,EARLY,FIELD_GOAL,0.1782427198463732,0.01037287712097168
4.0,55.0,0.0,1628.0,MEDIUM,OWN_TERRITORY,TIED,MID,PUNT,0.6243419151287526,0.05074805021286011
6.0,68.0,0.0,1360.0,LONG,OWN_TERRITORY,TIED,MID,PUNT,0.09478925261646509,0.03660532832145691
3.0,69.0,0.0,1242.0,MEDIUM,OWN_TERRITORY,TIED,MID,PUNT,0.1273876680061221,0.04904067516326904
10.0,50.0,0.0,1129.0,LONG,MIDFIELD,TIED,MID,PUNT,-0.39525060961022973,0.024800926446914673
2.0,55.0,0.0,900.0,SHORT,OWN_TERRITORY,TIED,MID,PUNT,0.09924094285815954,0.039990395307540894
1.0,7.0,0.0,564.0,SHORT,RED_ZONE,TIED,MID,GO,2.0064656332833692,0.07864463329315186
2.0,2.0,-7.0,186.0,SHORT,RED_ZONE,TRAILING,LATE,GO,-2.922211432189215,-0.14186204969882965
7.0,83.0,7.0,120.0,LONG,OWN_TERRITORY,LEADING,LATE,PUNT,-1.0647456959122792,-0.0652516558766365
4.0,14.0,-7.0,27.0,MEDIUM,RED_ZONE,TRAILING,LATE,GO,4.361518788500689,0.2781462052528304
3.0,66.0,0.0,769.0,MEDIUM,OWN_TERRITORY,TIED,MID,PUNT,0.17210057191550732,0.12167859636247158
1.0,53.0,0.0,484.0,SHORT,OWN_TERRITORY,TIED,MID,GO,2.051602420397103,0.21912147291004658
7.0,24.0,0.0,204.0,LONG,OPPONENT_21_35,TIED,LATE,FIELD_GOAL,0.8587056899696379,0.16484231888754974
1.0,40.0,-7.0,3381.0,SHORT,MIDFIELD,TRAILING,EARLY,GO,-3.8044866889249533,-0.02741822600364685
4.0,13.0,7.0,3010.0,MEDIUM,RED_ZONE,LEADING,EARLY,FIELD_GOAL,0.1938616777026052,0.004450276494026184
3.0,22.0,-17.0,2521.0,MEDIUM,OPPONENT_21_35,TRAILING,EARLY,FIELD_GOAL,0.6339155309988005,0.007786892354488373
2.0,55.0,14.0,2421.0,SHORT,OWN_TERRITORY,LEADING,EARLY,PUNT,0.05028209474403411,0.015965014696121216
6.0,38.0,-14.0,2077.0,LONG,MIDFIELD,TRAILING,EARLY,FIELD_GOAL,2.600441446499888,0.038077063858509064
2.0,44.0,-18.0,1630.0,SHORT,MIDFIELD,TRAILING,MID,GO,-3.775538064306602,-0.027479223906993866
2.0,6.0,18.0,1330.0,SHORT,RED_ZONE,LEADING,MID,FIELD_GOAL,0.06841189205754006,-0.007091529667377472
3.0,62.0,-28.0,952.0,MEDIUM,OWN_TERRITORY,TRAILING,MID,GO,-3.2740822684718296,-0.0001247880863957107
9.0,58.0,35.0,420.0,LONG,OWN_TERRITORY,LEADING,MID,PUNT,-0.26580141577869654,0.00018820665718521923
6.0,65.0,-35.0,270.0,LONG,OWN_TERRITORY,TRAILING,LATE,PUNT,0.4079916919581592,0.00008048354357015342
1.0,77.0,35.0,130.0,SHORT,OWN_TERRITORY,LEADING,LATE,PUNT,0.02023725607432425,0.00012164431245764717
3.0,62.0,0.0,3520.0,MEDIUM,OWN_TERRITORY,TIED,EARLY,PUNT,0.10903583699837327,-0.006576716899871826
10.0,26.0,-7.0,3199.0,LONG,OPPONENT_21_35,TRAILING,EARLY,FIELD_GOAL,0.9613065070730844,0.03095000982284546
9.0,9.0,4.0,2758.0,LONG,RED_ZONE,LEADING,EARLY,FIELD_GOAL,0.11063485789750516,-0.0021845102310180664
19.0,32.0,-7.0,2536.0,VERY_LONG,OPPONENT_21_35,TRAILING,EARLY,FIELD_GOAL,1.6612427542669896,0.06272029876708984
24.0,63.0,4.0,2367.0,VERY_LONG,OWN_TERRITORY,LEADING,EARLY,PUNT,0.5248660007491708,0.00026667118072509766
8.0,63.0,-3.0,1901.0,LONG,OWN_TERRITORY,TRAILING,EARLY,PUNT,-0.6074936629738659,-0.003741919994354248
5.0,67.0,3.0,1863.0,MEDIUM,OWN_TERRITORY,LEADING,EARLY,PUNT,-0.47985415247967467,0.013522952795028687
20.0,73.0,4.0,1637.0,VERY_LONG,OWN_TERRITORY,LEADING,MID,PUNT,6.373975361813791,0.1863688826560974
10.0,44.0,4.0,744.0,LONG,MIDFIELD,LEADING,MID,PUNT,0.03820280195213854,0.003789275884628296
1.0,26.0,-4.0,496.0,SHORT,OPPONENT_21_35,TRAILING,MID,GO,1.796182096353732,0.09147435426712036
4.0,6.0,-4.0,299.0,MEDIUM,RED_ZONE,TRAILING,LATE,GO,-2.833086939645,-0.1813231110572815
12.0,45.0,4.0,31.0,VERY_LONG,MIDFIELD,LEADING,LATE,PUNT,-0.15762355970218778,-0.014568373560905457
9.0,64.0,0.0,3516.0,LONG,OWN_TERRITORY,TIED,EARLY,PUNT,0.9513472123071551,0.032290250062942505
4.0,86.0,0.0,3428.0,MEDIUM,OWN_TERRITORY,TIED,EARLY,PUNT,-0.1325025379192084,0.010122954845428467
9.0,56.0,-7.0,3106.0,LONG,OWN_TERRITORY,TRAILING,EARLY,PUNT,-0.3597292189951986,-0.015174627304077148
9.0,55.0,7.0,2848.0,LONG,OWN_TERRITORY,LEADING,EARLY,PUNT,-0.33905850420705974,0.011615276336669922
15.0,85.0,-7.0,2762.0,VERY_LONG,OWN_TERRITORY,TRAILING,EARLY,PUNT,0.04736379813402891,0.006859183311462402
1.0,14.0,7.0,2368.0,SHORT,RED_ZONE,LEADING,EARLY,GO,-3.8979510409990326,-0.07139807939529419
3.0,62.0,-7.0,2157.0,MEDIUM,OWN_TERRITORY,TRAILING,EARLY,PUNT,0.16381750581786036,-0.023292988538742065
6.0,51.0,0.0,1902.0,LONG,OWN_TERRITORY,TIED,EARLY,PUNT,-0.47945852746488526,0.04361334443092346
2.0,82.0,0.0,1857.0,SHORT,OWN_TERRITORY,TIED,EARLY,PUNT,-0.9308581566438079,0.015086114406585693
6.0,36.0,0.0,1824.0,LONG,MIDFIELD,TIED,EARLY,FIELD_GOAL,-2.0733727837673555,-0.06785136461257935
1.0,8.0,0.0,1390.0,SHORT,RED_ZONE,TIED,MID,GO,1.669571894861292,0.057780683040618896
5.0,5.0,0.0,1232.0,MEDIUM,RED_ZONE,TIED,MID,FIELD_GOAL,0.049324535733888286,0.03113311529159546
4.0,71.0,-3.0,1139.0,MEDIUM,OWN_TERRITORY,TRAILING,MID,PUNT,0.14192489255219698,0.019836455583572388
7.0,28.0,3.0,915.0,LONG,OPPONENT_21_35,LEADING,MID,FIELD_GOAL,-3.8311836430410806,-0.07716518640518188
7.0,60.0,-3.0,858.0,LONG,OWN_TERRITORY,TRAILING,MID,PUNT,-0.08414394920691848,0.0013195574283599854
11.0,70.0,3.0,697.0,VERY_LONG,OWN_TERRITORY,LEADING,MID,PUNT,-0.26869564689695835,0.03147825598716736
6.0,53.0,-3.0,508.0,LONG,OWN_TERRITORY,TRAILING,MID,PUNT,0.2763247402617708,0.0024171173572540283
11.0,93.0,3.0,421.0,VERY_LONG,OWN_TERRITORY,LEADING,MID,PUNT,-1.3495939278509468,-0.07955002784729004
5.0,28.0,-3.0,286.0,MEDIUM,OPPONENT_21_35,TRAILING,LATE,FIELD_GOAL,-3.32861740684376,-0.2014811933040619
9.0,63.0,3.0,191.0,LONG,OWN_TERRITORY,LEADING,LATE,PUNT,-0.9025233705760911,-0.03894543647766113
7.0,14.0,0.0,3422.0,LONG,RED_ZONE,TIED,EARLY,FIELD_GOAL,0.20695476803120272,-0.0017734169960021973
9.0,44.0,-3.0,3138.0,LONG,MIDFIELD,TRAILING,EARLY,PUNT,0.4900659918785095,-0.0475803017616272
6.0,86.0,3.0,3075.0,LONG,OWN_TERRITORY,LEADING,EARLY,PUNT,0.7394977388903499,-0.007223159074783325
25.0,58.0,-3.0,2919.0,VERY_LONG,OWN_TERRITORY,TRAILING,EARLY,PUNT,0.8674470540136099,-0.00832393765449524
15.0,77.0,3.0,2732.0,VERY_LONG,OWN_TERRITORY,LEADING,EARLY,PUNT,0.6487812721170485,0.02069789171218872
5.0,63.0,-3.0,2658.0,MEDIUM,OWN_TERRITORY,TRAILING,EARLY,PUNT,0.1514422306790948,-0.016628026962280273
14.0,21.0,3.0,2480.0,VERY_LONG,OPPONENT_21_35,LEADING,EARLY,FIELD_GOAL,0.5796764066849147,0.04776260256767273
12.0,67.0,-6.0,2363.0,VERY_LONG,OWN_TERRITORY,TRAILING,EARLY,PUNT,-0.1468869550153613,-0.028036266565322876
5.0,42.0,6.0,2105.0,MEDIUM,MIDFIELD,LEADING,EARLY,PUNT,-0.08769966335967183,-0.04010641574859619
12.0,88.0,-6.0,1983.0,VERY_LONG,OWN_TERRITORY,TRAILING,EARLY,PUNT,-0.1274727174313739,-0.021739214658737183
3.0,23.0,6.0,1816.0,MEDIUM,OPPONENT_21_35,LEADING,EARLY,FIELD_GOAL,0.5110827530362094,-0.04287242889404297
3.0,61.0,-9.0,1748.0,MEDIUM,OWN_TERRITORY,TRAILING,MID,PUNT,1.1581856899429113,0.010059833526611328
9.0,22.0,9.0,1457.0,LONG,OPPONENT_21_35,LEADING,MID,FIELD_GOAL,0.5620872911342238,-0.03518505394458771
1.0,59.0,-12.0,1361.0,SHORT,OWN_TERRITORY,TRAILING,MID,PUNT,-0.17147479858249426,0.0009870082139968872
8.0,80.0,12.0,1224.0,LONG,OWN_TERRITORY,LEADING,MID,PUNT,1.0873976182192564,0.035325899720191956
4.0,67.0,-12.0,1125.0,MEDIUM,OWN_TERRITORY,TRAILING,MID,PUNT,0.6683717798441648,0.012729182839393616
4.0,73.0,12.0,1028.0,MEDIUM,OWN_TERRITORY,LEADING,MID,PUNT,0.38233771664090455,0.005363740026950836
11.0,59.0,12.0,655.0,VERY_LONG,OWN_TERRITORY,LEADING,MID,PUNT,1.085520517313853,0.022609159350395203
4.0,8.0,12.0,338.0,MEDIUM,RED_ZONE,LEADING,MID,FIELD_GOAL,0.08391068753990227,-0.009188922122120857
22.0,58.0,16.0,117.0,VERY_LONG,OWN_TERRITORY,LEADING,LATE,PUNT,-0.09228923229966313,0.0007068139966577291
